case,dataset,image_hw,input_c,output_c,base_dim,model_variant,compile_source,activation,activation_degree,activation_nominal_depth_degree7,activation_fit_rule,policy,layout_estimator,rotation_estimator,diagonal_estimator,slot_count,compile_node_index,unet22_body_linear_layer_index,linear_layer_index_including_output,node,op_type,is_output_layer,provider_static_supported,provider_static_kind,provider_static_fallback_reason,ct_count,input_ct_count_compact,output_ct_count_compact,selected_input_ct_count,selected_output_ct_count,alpha,beta,output_alpha,output_beta,assigned_level,module_depth,output_level_before_bootstrap,bootstrap_after_layer,bootstrap_reason,bootstrap_before_nodes,bootstrap_boundary_nodes,bootstrap_target_levels,bootstrap_input_shape_after_layer,bootstrap_input_elements_after_layer,bootstrap_count_after_layer,bootstrap_slots_after_layer,bootstrap_ct_count_after_layer,rotation,lt_rotation_estimate,planner_rotation_cost_estimate,relayout_rotation_estimate,relayout_mask_mult_estimate,relayout_sparse_lt_estimate,relayout_depth_estimate,producer_fused_rotation_estimate,consumer_fused_rotation_estimate,diagonal_count,activation_ct_mult_estimate,lt_transform_count_estimate,lt_bsgs_group_count_estimate,lt_baby_rotation_estimate,lt_giant_rotation_estimate,lt_input_cross_rotation_estimate,lt_local_submatrix_rotation_estimate,lt_output_materialize_rotation_estimate,lt_local_program_count_estimate,lt_recovery_program_count_estimate,lt_rho_hat_per_program_estimate,lt_unfused_rotation_estimate,lt_same_input_fusion_savings_estimate,lt_input_channel_multiplier,lt_output_channel_multiplier,lt_estimator,layout_mode,edge_kind,incoming_edge_kind,edge_kind_counts,edge_kind_detail,edge_carry_count,edge_fused_count,edge_explicit_count,edge_bootstrap_drop_count,edge_bootstrap_drop_detail,edge_layout_changed_count,edge_carry_halo_count,edge_bootstrap_drop_ct_saved,edge_bootstrap_drop_slots_saved,relayout_fusion_side,relayout_note,input_gap,output_gap,input_shape,output_shape,fhe_input_shape,fhe_output_shape,clear_input_min,clear_input_max,clear_output_min,clear_output_max,in_channels_layer,out_channels_layer,activation_kind_layer,activation_degree_layer,activation_depth_layer,activation_prescale_layer,activation_constant_layer,activation_fit_low,activation_fit_high,kernel,stride,padding,output_padding,dilation,groups,source_nodes,source_layout,required_layout,selected_input_layout,selected_output_layout,physical_layout,source_physical_layout,target_physical_layout,incoming_edge_count,edge_relayout_count,output_relayout,consumer_fused_relayout_count,producer_fused_relayout_count,producer_materialized_halo,planner_metric_source,case_total_ciphertext_tiles,case_stored_slots,case_relayout_count,case_bootstrap_l_eff,case_input_level,case_bootstrap_count,case_bootstrapper_slots,case_raw_planner_reported_rotation_estimate,case_reported_rotation_estimate,case_lt_bsgs_rotation_estimate,case_planner_rotation_cost_estimate,case_relayout_rotation_estimate,case_relayout_mask_mult_estimate,case_relayout_depth_estimate,case_diagonal_count_estimate,case_activation_ct_mult_estimate,case_ct_pt_mult_estimate,case_halo_redundancy_ratio,case_objective,notes,case_edge_carry_count,case_edge_fused_count,case_edge_explicit_count,case_edge_bootstrap_drop_count,case_edge_layout_changed_count,case_edge_carry_halo_count,case_edge_bootstrap_drop_ct_saved,case_edge_bootstrap_drop_slots_saved
192x192_IBSR_BRAIN_2D,IBSR BRAIN 2D,192x192,1,4,32,UNet22PlusOutput_real_trace_22_body_layers_plus_1x1_output,OrionTracer+StatsTracker+fit+NetworkDAG+layout_policy+BootstrapSolver,silu,7,3,Chebyshev.fit from StatsTracker; depth=3 plus 1 if fitted prescale!=1,dp,template,template_unweighted_diagonal_bsgs,template_unweighted_diagonal,32768,1,1,1,enc1a,Conv2d,False,True,u22_same_shape_conv_provider,,37,2,36,2,37,1,1,1,1,8,1,7,False,,,,,,0,0,0,0,112,112,112,0,0,0,0,0,0,832,0,128,2,16,96,0,112,0,4,0,6,1203,1091,1,32,template,native_halo_stripe,carry,carry,carry=1;fused=0;explicit=0;bootstrap-drop=0,x->enc1a:carry:layout_same_carry_halo:mode=native_halo_stripe,1,0,0,0,,0,1,0,0,source,source:producer_materialized_halo,1,1,1x1x192x192,1x32x192x192,1x1x192x192,1x32x192x192,-4.082927703857422,3.912418842315674,-3.1582765579223633,3.2744460105895996,1,32,,,,,,,,3x3,1x1,1x1,,1x1,1,x,"{""bottom_beta"":1,""gap"":1,""stored_slots"":37248,""stride"":1,""tile_count"":2,""top_beta"":1}","{""bottom_beta"":1,""gap"":1,""stored_slots"":37248,""stride"":1,""tile_count"":2,""top_beta"":1}","{""bottom_beta"":1,""gap"":1,""stored_slots"":37248,""stride"":1,""tile_count"":2,""top_beta"":1}","{""bottom_beta"":1,""core_slots"":1179648,""gap"":1,""stored_slots"":1191936,""stride"":1,""tile_count"":37,""top_beta"":1}",logical_halo_compact,logical_halo_compact,native_source_stripe,1,0,False,0,0,True,planner_estimate,881,28164480,4,10,8,139,32768,1292172,1292064,1291920,1291920,144,144,4,20221184,858,20222186,0.026895721326164874,1292922.0,"planner-only metadata compile; real traced DAG with 22 body LT layers plus explicit 1x1 output; SiLU7 fit uses StatsTracker ranges; edge_kind: carry=layout unchanged, fused=layout change hidden in operator, explicit=separate re-layout, bootstrap-drop=CT-saving drop halo before bootstrap; no dense HE transform generation or FHE forward",31,18,4,5,22,22,5,61440
192x192_IBSR_BRAIN_2D,IBSR BRAIN 2D,192x192,1,4,32,UNet22PlusOutput_real_trace_22_body_layers_plus_1x1_output,OrionTracer+StatsTracker+fit+NetworkDAG+layout_policy+BootstrapSolver,silu,7,3,Chebyshev.fit from StatsTracker; depth=3 plus 1 if fitted prescale!=1,dp,template,template_unweighted_diagonal_bsgs,template_unweighted_diagonal,32768,2,,,enc1a_act,SiLU,False,,chebyshev_polynomial_activation,not_a_provider_linear_kernel,37,36,36,37,37,1,1,1,1,7,4,3,False,,,,,,0,0,0,0,0,0,0,0,0,0,0,0,0,0,111,0,0,0,0,0,0,0,0,0,0,0,0,0,0,none_activation_polynomial,halo_local,carry,carry,carry=1;fused=0;explicit=0;bootstrap-drop=0,enc1a->enc1a_act:carry:layout_same_carry_halo:mode=halo_local,1,0,0,0,,0,1,0,0,none,,1,1,1x32x192x192,1x32x192x192,1x32x192x192,1x32x192x192,-3.1582765579223633,3.2744460105895996,-0.27846455574035645,3.1550650596618652,,,silu,7,4,0.15545517303901435,-0.009029608246517875,-6.374637603759766,6.49080753326416,,,,,,,enc1a,"{""bottom_beta"":1,""gap"":1,""stored_slots"":1191936,""stride"":1,""tile_count"":37,""top_beta"":1}","{""bottom_beta"":0,""gap"":1,""stored_slots"":1179648,""stride"":1,""tile_count"":36,""top_beta"":0}","{""bottom_beta"":1,""gap"":1,""stored_slots"":1191936,""stride"":1,""tile_count"":37,""top_beta"":1}","{""bottom_beta"":1,""core_slots"":1179648,""gap"":1,""stored_slots"":1191936,""stride"":1,""tile_count"":37,""top_beta"":1}",logical_halo_compact,logical_halo_compact,logical_halo_compact,1,0,False,0,0,False,planner_estimate,881,28164480,4,10,8,139,32768,1292172,1292064,1291920,1291920,144,144,4,20221184,858,20222186,0.026895721326164874,1292922.0,"planner-only metadata compile; real traced DAG with 22 body LT layers plus explicit 1x1 output; SiLU7 fit uses StatsTracker ranges; edge_kind: carry=layout unchanged, fused=layout change hidden in operator, explicit=separate re-layout, bootstrap-drop=CT-saving drop halo before bootstrap; no dense HE transform generation or FHE forward",31,18,4,5,22,22,5,61440
192x192_IBSR_BRAIN_2D,IBSR BRAIN 2D,192x192,1,4,32,UNet22PlusOutput_real_trace_22_body_layers_plus_1x1_output,OrionTracer+StatsTracker+fit+NetworkDAG+layout_policy+BootstrapSolver,silu,7,3,Chebyshev.fit from StatsTracker; depth=3 plus 1 if fitted prescale!=1,dp,template,template_unweighted_diagonal_bsgs,template_unweighted_diagonal,32768,3,2,2,enc1b,Conv2d,False,True,u22_same_shape_conv_provider,,36,36,36,37,36,1,1,0,0,3,1,2,True,child_level_exceeds_output_level,enc1b_act,enc1b_act,10,1x32x192x192,1179648,36,32768,36,3584,3584,3584,0,0,0,0,0,0,26624,0,4096,64,512,3072,0,3584,0,128,0,6,38496,34912,32,32,template,compact_halo_shared,fused,fused,carry=0;fused=1;explicit=0;bootstrap-drop=0,enc1a_act->enc1b:fused:layout_changed_hidden_in_Conv2d:mode=compact_halo_shared,0,1,0,0,,1,0,0,0,target,target:consumer_fused_relayout,1,1,1x32x192x192,1x32x192x192,1x32x192x192,1x32x192x192,-0.27846455574035645,3.1550650596618652,-1.2910957336425781,1.1487799882888794,32,32,,,,,,,,3x3,1x1,1x1,,1x1,1,enc1a_act,"{""bottom_beta"":1,""gap"":1,""stored_slots"":1191936,""stride"":1,""tile_count"":37,""top_beta"":1}","{""bottom_beta"":1,""gap"":1,""stored_slots"":1191936,""stride"":1,""tile_count"":37,""top_beta"":1}","{""bottom_beta"":1,""gap"":1,""stored_slots"":1191936,""stride"":1,""tile_count"":37,""top_beta"":1}","{""bottom_beta"":0,""core_slots"":1179648,""gap"":1,""stored_slots"":1179648,""stride"":1,""tile_count"":36,""top_beta"":0}",packed_compact,logical_halo_compact,logical_halo_compact,1,0,False,1,0,False,planner_estimate,881,28164480,4,10,8,139,32768,1292172,1292064,1291920,1291920,144,144,4,20221184,858,20222186,0.026895721326164874,1292922.0,"planner-only metadata compile; real traced DAG with 22 body LT layers plus explicit 1x1 output; SiLU7 fit uses StatsTracker ranges; edge_kind: carry=layout unchanged, fused=layout change hidden in operator, explicit=separate re-layout, bootstrap-drop=CT-saving drop halo before bootstrap; no dense HE transform generation or FHE forward",31,18,4,5,22,22,5,61440
192x192_IBSR_BRAIN_2D,IBSR BRAIN 2D,192x192,1,4,32,UNet22PlusOutput_real_trace_22_body_layers_plus_1x1_output,OrionTracer+StatsTracker+fit+NetworkDAG+layout_policy+BootstrapSolver,silu,7,3,Chebyshev.fit from StatsTracker; depth=3 plus 1 if fitted prescale!=1,dp,template,template_unweighted_diagonal_bsgs,template_unweighted_diagonal,32768,4,,,enc1b_act,SiLU,False,,chebyshev_polynomial_activation,not_a_provider_linear_kernel,36,36,36,36,36,0,0,0,0,10,4,6,False,,,,,,0,0,0,0,0,0,0,0,0,0,0,0,0,0,108,0,0,0,0,0,0,0,0,0,0,0,0,0,0,none_activation_polynomial,halo_local,carry,carry,carry=1;fused=0;explicit=0;bootstrap-drop=0,enc1b->enc1b_act:carry:layout_same_carry_compact:mode=halo_local,1,0,0,0,,0,0,0,0,none,,1,1,1x32x192x192,1x32x192x192,1x32x192x192,1x32x192x192,-1.2910957336425781,1.1487799882888794,-0.2784472703933716,0.8722549080848694,,,silu,7,4,0.40985696110256625,0.029164573883235387,-2.511033535003662,2.368717670440674,,,,,,,enc1b,"{""bottom_beta"":0,""gap"":1,""stored_slots"":1179648,""stride"":1,""tile_count"":36,""top_beta"":0}","{""bottom_beta"":0,""gap"":1,""stored_slots"":1179648,""stride"":1,""tile_count"":36,""top_beta"":0}","{""bottom_beta"":0,""gap"":1,""stored_slots"":1179648,""stride"":1,""tile_count"":36,""top_beta"":0}","{""bottom_beta"":0,""core_slots"":1179648,""gap"":1,""stored_slots"":1179648,""stride"":1,""tile_count"":36,""top_beta"":0}",packed_compact,packed_compact,packed_compact,1,0,False,0,0,False,planner_estimate,881,28164480,4,10,8,139,32768,1292172,1292064,1291920,1291920,144,144,4,20221184,858,20222186,0.026895721326164874,1292922.0,"planner-only metadata compile; real traced DAG with 22 body LT layers plus explicit 1x1 output; SiLU7 fit uses StatsTracker ranges; edge_kind: carry=layout unchanged, fused=layout change hidden in operator, explicit=separate re-layout, bootstrap-drop=CT-saving drop halo before bootstrap; no dense HE transform generation or FHE forward",31,18,4,5,22,22,5,61440
192x192_IBSR_BRAIN_2D,IBSR BRAIN 2D,192x192,1,4,32,UNet22PlusOutput_real_trace_22_body_layers_plus_1x1_output,OrionTracer+StatsTracker+fit+NetworkDAG+layout_policy+BootstrapSolver,silu,7,3,Chebyshev.fit from StatsTracker; depth=3 plus 1 if fitted prescale!=1,dp,template,template_unweighted_diagonal_bsgs,template_unweighted_diagonal,32768,5,,,pool1,AvgPool2d,False,True,u22_pool_provider,,10,36,9,36,10,0,0,1,1,6,1,5,False,,,,,,0,0,0,0,160,160,160,0,0,0,0,0,0,320,0,96,64,128,32,0,160,0,96,0,2,224,64,32,1,template,halo_local,fused,fused,carry=0;fused=1;explicit=0;bootstrap-drop=0,enc1b_act->pool1:fused:layout_changed_by_AvgPool2d:mode=halo_local,0,1,0,0,,1,0,0,0,source,source:producer_materialized_halo,1,2,1x32x192x192,1x32x96x96,1x32x192x192,1x8x192x192,-0.2784472703933716,0.8722549080848694,-0.22583186626434326,0.3993125855922699,32,32,,,,,,,,2x2,2x2,0x0,,1x1,32,enc1b_act,"{""bottom_beta"":0,""gap"":1,""stored_slots"":1179648,""stride"":1,""tile_count"":36,""top_beta"":0}","{""bottom_beta"":0,""gap"":1,""stored_slots"":1179648,""stride"":2,""tile_count"":36,""top_beta"":0}","{""bottom_beta"":0,""gap"":1,""stored_slots"":1179648,""stride"":2,""tile_count"":36,""top_beta"":0}","{""bottom_beta"":1,""core_slots"":294912,""gap"":2,""stored_slots"":301056,""stride"":1,""tile_count"":10,""top_beta"":1}",logical_halo_compact,packed_compact,packed_compact,1,0,False,0,0,True,planner_estimate,881,28164480,4,10,8,139,32768,1292172,1292064,1291920,1291920,144,144,4,20221184,858,20222186,0.026895721326164874,1292922.0,"planner-only metadata compile; real traced DAG with 22 body LT layers plus explicit 1x1 output; SiLU7 fit uses StatsTracker ranges; edge_kind: carry=layout unchanged, fused=layout change hidden in operator, explicit=separate re-layout, bootstrap-drop=CT-saving drop halo before bootstrap; no dense HE transform generation or FHE forward",31,18,4,5,22,22,5,61440
192x192_IBSR_BRAIN_2D,IBSR BRAIN 2D,192x192,1,4,32,UNet22PlusOutput_real_trace_22_body_layers_plus_1x1_output,OrionTracer+StatsTracker+fit+NetworkDAG+layout_policy+BootstrapSolver,silu,7,3,Chebyshev.fit from StatsTracker; depth=3 plus 1 if fitted prescale!=1,dp,template,template_unweighted_diagonal_bsgs,template_unweighted_diagonal,32768,6,3,3,enc2a,Conv2d,False,True,u22_same_shape_conv_provider,,19,9,18,10,19,1,1,1,1,5,1,4,False,,,,,,0,0,0,0,6656,6656,6656,0,0,0,0,0,0,53248,0,8192,64,512,6144,0,6656,0,128,0,6,77408,70752,32,64,template,compact_halo_shared,fused,fused,carry=0;fused=1;explicit=0;bootstrap-drop=0,pool1->enc2a:fused:layout_changed_hidden_in_Conv2d:mode=compact_halo_shared,0,1,0,0,,1,0,0,0,source+target,target:consumer_fused_relayout;source:producer_materialized_halo,2,2,1x32x96x96,1x64x96x96,1x8x192x192,1x16x192x192,-0.22583186626434326,0.3993125855922699,-0.19121739268302917,0.18152408301830292,32,64,,,,,,,,3x3,1x1,1x1,,1x1,1,pool1,"{""bottom_beta"":1,""gap"":2,""stored_slots"":301056,""stride"":1,""tile_count"":10,""top_beta"":1}","{""bottom_beta"":1,""gap"":2,""stored_slots"":301056,""stride"":1,""tile_count"":10,""top_beta"":1}","{""bottom_beta"":1,""gap"":2,""stored_slots"":301056,""stride"":1,""tile_count"":10,""top_beta"":1}","{""bottom_beta"":1,""core_slots"":589824,""gap"":2,""stored_slots"":602112,""stride"":1,""tile_count"":19,""top_beta"":1}",logical_halo_compact,logical_halo_compact,logical_halo_compact,1,0,False,1,0,True,planner_estimate,881,28164480,4,10,8,139,32768,1292172,1292064,1291920,1291920,144,144,4,20221184,858,20222186,0.026895721326164874,1292922.0,"planner-only metadata compile; real traced DAG with 22 body LT layers plus explicit 1x1 output; SiLU7 fit uses StatsTracker ranges; edge_kind: carry=layout unchanged, fused=layout change hidden in operator, explicit=separate re-layout, bootstrap-drop=CT-saving drop halo before bootstrap; no dense HE transform generation or FHE forward",31,18,4,5,22,22,5,61440
192x192_IBSR_BRAIN_2D,IBSR BRAIN 2D,192x192,1,4,32,UNet22PlusOutput_real_trace_22_body_layers_plus_1x1_output,OrionTracer+StatsTracker+fit+NetworkDAG+layout_policy+BootstrapSolver,silu,7,3,Chebyshev.fit from StatsTracker; depth=3 plus 1 if fitted prescale!=1,dp,template,template_unweighted_diagonal_bsgs,template_unweighted_diagonal,32768,7,,,enc2a_act,SiLU,False,,chebyshev_polynomial_activation,not_a_provider_linear_kernel,19,18,18,19,19,1,1,1,1,4,3,1,True,child_level_exceeds_output_level,enc2b,enc2b,10,1x16x192x192,589824,18,32768,18,0,0,0,0,0,0,0,0,0,0,57,0,0,0,0,0,0,0,0,0,0,0,0,0,0,none_activation_polynomial,halo_local,carry+bootstrap-drop,carry,carry=1;fused=0;explicit=0;bootstrap-drop=1,enc2a->enc2a_act:carry:layout_same_carry_halo:mode=halo_local;bootstrap-boundary->enc2b:bootstrap-drop:drop_halo_before_bootstrap,1,0,0,1,bootstrap-boundary->enc2b:bootstrap-drop:drop_halo_before_bootstrap,0,1,1,12288,none,,2,2,1x64x96x96,1x64x96x96,1x16x192x192,1x16x192x192,-0.19121739268302917,0.18152408301830292,-0.08649542182683945,0.0989772379398346,,,silu,7,3,1.0,0.0,-0.3775881230831146,0.3678947985172272,,,,,,,enc2a,"{""bottom_beta"":1,""gap"":2,""stored_slots"":602112,""stride"":1,""tile_count"":19,""top_beta"":1}","{""bottom_beta"":0,""gap"":2,""stored_slots"":589824,""stride"":1,""tile_count"":18,""top_beta"":0}","{""bottom_beta"":1,""gap"":2,""stored_slots"":602112,""stride"":1,""tile_count"":19,""top_beta"":1}","{""bottom_beta"":1,""core_slots"":589824,""gap"":2,""stored_slots"":602112,""stride"":1,""tile_count"":19,""top_beta"":1}",logical_halo_compact,logical_halo_compact,logical_halo_compact,1,0,False,0,0,False,planner_estimate,881,28164480,4,10,8,139,32768,1292172,1292064,1291920,1291920,144,144,4,20221184,858,20222186,0.026895721326164874,1292922.0,"planner-only metadata compile; real traced DAG with 22 body LT layers plus explicit 1x1 output; SiLU7 fit uses StatsTracker ranges; edge_kind: carry=layout unchanged, fused=layout change hidden in operator, explicit=separate re-layout, bootstrap-drop=CT-saving drop halo before bootstrap; no dense HE transform generation or FHE forward",31,18,4,5,22,22,5,61440
192x192_IBSR_BRAIN_2D,IBSR BRAIN 2D,192x192,1,4,32,UNet22PlusOutput_real_trace_22_body_layers_plus_1x1_output,OrionTracer+StatsTracker+fit+NetworkDAG+layout_policy+BootstrapSolver,silu,7,3,Chebyshev.fit from StatsTracker; depth=3 plus 1 if fitted prescale!=1,dp,template,template_unweighted_diagonal_bsgs,template_unweighted_diagonal,32768,8,4,4,enc2b,Conv2d,False,True,u22_same_shape_conv_provider,,18,18,18,19,18,1,1,0,0,10,1,9,False,,,,,,0,0,0,0,13312,13312,13312,0,0,0,0,0,0,106496,0,16384,128,1024,12288,0,13312,0,256,0,6,154816,141504,64,64,template,compact_halo_shared,fused,fused,carry=0;fused=1;explicit=0;bootstrap-drop=0,enc2a_act->enc2b:fused:layout_changed_hidden_in_Conv2d:mode=compact_halo_shared,0,1,0,0,,1,0,0,0,target,target:consumer_fused_relayout,2,2,1x64x96x96,1x64x96x96,1x16x192x192,1x16x192x192,-0.08649542182683945,0.0989772379398346,-0.07973772287368774,0.0958736389875412,64,64,,,,,,,,3x3,1x1,1x1,,1x1,1,enc2a_act,"{""bottom_beta"":1,""gap"":2,""stored_slots"":602112,""stride"":1,""tile_count"":19,""top_beta"":1}","{""bottom_beta"":1,""gap"":2,""stored_slots"":602112,""stride"":1,""tile_count"":19,""top_beta"":1}","{""bottom_beta"":1,""gap"":2,""stored_slots"":602112,""stride"":1,""tile_count"":19,""top_beta"":1}","{""bottom_beta"":0,""core_slots"":589824,""gap"":2,""stored_slots"":589824,""stride"":2,""tile_count"":18,""top_beta"":0}",packed_compact,logical_halo_compact,logical_halo_compact,1,0,False,1,0,False,planner_estimate,881,28164480,4,10,8,139,32768,1292172,1292064,1291920,1291920,144,144,4,20221184,858,20222186,0.026895721326164874,1292922.0,"planner-only metadata compile; real traced DAG with 22 body LT layers plus explicit 1x1 output; SiLU7 fit uses StatsTracker ranges; edge_kind: carry=layout unchanged, fused=layout change hidden in operator, explicit=separate re-layout, bootstrap-drop=CT-saving drop halo before bootstrap; no dense HE transform generation or FHE forward",31,18,4,5,22,22,5,61440
192x192_IBSR_BRAIN_2D,IBSR BRAIN 2D,192x192,1,4,32,UNet22PlusOutput_real_trace_22_body_layers_plus_1x1_output,OrionTracer+StatsTracker+fit+NetworkDAG+layout_policy+BootstrapSolver,silu,7,3,Chebyshev.fit from StatsTracker; depth=3 plus 1 if fitted prescale!=1,dp,template,template_unweighted_diagonal_bsgs,template_unweighted_diagonal,32768,9,,,enc2b_act,SiLU,False,,chebyshev_polynomial_activation,not_a_provider_linear_kernel,18,18,18,18,18,0,0,0,0,9,3,6,False,,,,,,0,0,0,0,0,0,0,0,0,0,0,0,0,0,54,0,0,0,0,0,0,0,0,0,0,0,0,0,0,none_activation_polynomial,halo_local,carry,carry,carry=1;fused=0;explicit=0;bootstrap-drop=0,enc2b->enc2b_act:carry:layout_same_carry_compact:mode=halo_local,1,0,0,0,,0,0,0,0,none,,2,2,1x64x96x96,1x64x96x96,1x16x192x192,1x16x192x192,-0.07973772287368774,0.0958736389875412,-0.038280174136161804,0.05023299902677536,,,silu,7,3,1.0,0.0,-0.1675434112548828,0.18367931246757507,,,,,,,enc2b,"{""bottom_beta"":0,""gap"":2,""stored_slots"":589824,""stride"":2,""tile_count"":18,""top_beta"":0}","{""bottom_beta"":0,""gap"":2,""stored_slots"":589824,""stride"":1,""tile_count"":18,""top_beta"":0}","{""bottom_beta"":0,""gap"":2,""stored_slots"":589824,""stride"":2,""tile_count"":18,""top_beta"":0}","{""bottom_beta"":0,""core_slots"":589824,""gap"":2,""stored_slots"":589824,""stride"":2,""tile_count"":18,""top_beta"":0}",packed_compact,packed_compact,packed_compact,1,0,False,0,0,False,planner_estimate,881,28164480,4,10,8,139,32768,1292172,1292064,1291920,1291920,144,144,4,20221184,858,20222186,0.026895721326164874,1292922.0,"planner-only metadata compile; real traced DAG with 22 body LT layers plus explicit 1x1 output; SiLU7 fit uses StatsTracker ranges; edge_kind: carry=layout unchanged, fused=layout change hidden in operator, explicit=separate re-layout, bootstrap-drop=CT-saving drop halo before bootstrap; no dense HE transform generation or FHE forward",31,18,4,5,22,22,5,61440
192x192_IBSR_BRAIN_2D,IBSR BRAIN 2D,192x192,1,4,32,UNet22PlusOutput_real_trace_22_body_layers_plus_1x1_output,OrionTracer+StatsTracker+fit+NetworkDAG+layout_policy+BootstrapSolver,silu,7,3,Chebyshev.fit from StatsTracker; depth=3 plus 1 if fitted prescale!=1,dp,template,template_unweighted_diagonal_bsgs,template_unweighted_diagonal,32768,10,,,pool2,AvgPool2d,False,True,u22_pool_provider,,5,18,5,18,5,0,0,1,1,6,1,5,False,,,,,,0,0,0,0,320,320,320,0,0,0,0,0,0,640,0,192,128,256,64,0,320,0,192,0,2,448,128,64,1,template,halo_local,carry,carry,carry=1;fused=0;explicit=0;bootstrap-drop=0,enc2b_act->pool2:carry:layout_same_carry_compact:mode=halo_local,1,0,0,0,,0,0,0,0,source,source:producer_materialized_halo,2,4,1x64x96x96,1x64x48x48,1x16x192x192,1x4x192x192,-0.038280174136161804,0.05023299902677536,-0.03188345581293106,0.04065244644880295,64,64,,,,,,,,2x2,2x2,0x0,,1x1,64,enc2b_act,"{""bottom_beta"":0,""gap"":2,""stored_slots"":589824,""stride"":2,""tile_count"":18,""top_beta"":0}","{""bottom_beta"":0,""gap"":2,""stored_slots"":589824,""stride"":2,""tile_count"":18,""top_beta"":0}","{""bottom_beta"":0,""gap"":2,""stored_slots"":589824,""stride"":2,""tile_count"":18,""top_beta"":0}","{""bottom_beta"":1,""core_slots"":147456,""gap"":4,""stored_slots"":153600,""stride"":1,""tile_count"":5,""top_beta"":1}",logical_halo_compact,packed_compact,packed_compact,1,0,False,0,0,True,planner_estimate,881,28164480,4,10,8,139,32768,1292172,1292064,1291920,1291920,144,144,4,20221184,858,20222186,0.026895721326164874,1292922.0,"planner-only metadata compile; real traced DAG with 22 body LT layers plus explicit 1x1 output; SiLU7 fit uses StatsTracker ranges; edge_kind: carry=layout unchanged, fused=layout change hidden in operator, explicit=separate re-layout, bootstrap-drop=CT-saving drop halo before bootstrap; no dense HE transform generation or FHE forward",31,18,4,5,22,22,5,61440
192x192_IBSR_BRAIN_2D,IBSR BRAIN 2D,192x192,1,4,32,UNet22PlusOutput_real_trace_22_body_layers_plus_1x1_output,OrionTracer+StatsTracker+fit+NetworkDAG+layout_policy+BootstrapSolver,silu,7,3,Chebyshev.fit from StatsTracker; depth=3 plus 1 if fitted prescale!=1,dp,template,template_unweighted_diagonal_bsgs,template_unweighted_diagonal,32768,11,5,5,enc3a,Conv2d,False,True,u22_same_shape_conv_provider,,10,5,9,5,10,1,1,1,1,5,1,4,False,,,,,,0,0,0,0,17408,17408,17408,0,0,0,0,0,0,196608,0,24576,128,1024,16384,0,17408,0,192,0,6,261312,243904,64,128,template,compact_halo_shared,fused,fused,carry=0;fused=1;explicit=0;bootstrap-drop=0,pool2->enc3a:fused:layout_changed_hidden_in_Conv2d:mode=compact_halo_shared,0,1,0,0,,1,0,0,0,source+target,target:consumer_fused_relayout;source:producer_materialized_halo,4,4,1x64x48x48,1x128x48x48,1x4x192x192,1x8x192x192,-0.03188345581293106,0.04065244644880295,-0.05762157216668129,0.05044546723365784,64,128,,,,,,,,3x3,1x1,1x1,,1x1,1,pool2,"{""bottom_beta"":1,""gap"":4,""stored_slots"":153600,""stride"":1,""tile_count"":5,""top_beta"":1}","{""bottom_beta"":1,""gap"":4,""stored_slots"":153600,""stride"":1,""tile_count"":5,""top_beta"":1}","{""bottom_beta"":1,""gap"":4,""stored_slots"":153600,""stride"":1,""tile_count"":5,""top_beta"":1}","{""bottom_beta"":1,""core_slots"":294912,""gap"":4,""stored_slots"":307200,""stride"":1,""tile_count"":10,""top_beta"":1}",logical_halo_compact,logical_halo_compact,logical_halo_compact,1,0,False,1,0,True,planner_estimate,881,28164480,4,10,8,139,32768,1292172,1292064,1291920,1291920,144,144,4,20221184,858,20222186,0.026895721326164874,1292922.0,"planner-only metadata compile; real traced DAG with 22 body LT layers plus explicit 1x1 output; SiLU7 fit uses StatsTracker ranges; edge_kind: carry=layout unchanged, fused=layout change hidden in operator, explicit=separate re-layout, bootstrap-drop=CT-saving drop halo before bootstrap; no dense HE transform generation or FHE forward",31,18,4,5,22,22,5,61440
192x192_IBSR_BRAIN_2D,IBSR BRAIN 2D,192x192,1,4,32,UNet22PlusOutput_real_trace_22_body_layers_plus_1x1_output,OrionTracer+StatsTracker+fit+NetworkDAG+layout_policy+BootstrapSolver,silu,7,3,Chebyshev.fit from StatsTracker; depth=3 plus 1 if fitted prescale!=1,dp,template,template_unweighted_diagonal_bsgs,template_unweighted_diagonal,32768,12,,,enc3a_act,SiLU,False,,chebyshev_polynomial_activation,not_a_provider_linear_kernel,10,9,9,10,10,1,1,1,1,4,3,1,True,child_level_exceeds_output_level,enc3b,enc3b,10,1x8x192x192,294912,9,32768,9,0,0,0,0,0,0,0,0,0,0,30,0,0,0,0,0,0,0,0,0,0,0,0,0,0,none_activation_polynomial,halo_local,carry+bootstrap-drop,carry,carry=1;fused=0;explicit=0;bootstrap-drop=1,enc3a->enc3a_act:carry:layout_same_carry_halo:mode=halo_local;bootstrap-boundary->enc3b:bootstrap-drop:drop_halo_before_bootstrap,1,0,0,1,bootstrap-boundary->enc3b:bootstrap-drop:drop_halo_before_bootstrap,0,1,1,12288,none,,4,4,1x128x48x48,1x128x48x48,1x8x192x192,1x8x192x192,-0.05762157216668129,0.05044546723365784,-0.027980955317616463,0.025858784094452858,,,silu,7,3,1.0,0.0,-0.1116550862789154,0.10447898507118225,,,,,,,enc3a,"{""bottom_beta"":1,""gap"":4,""stored_slots"":307200,""stride"":1,""tile_count"":10,""top_beta"":1}","{""bottom_beta"":0,""gap"":4,""stored_slots"":294912,""stride"":1,""tile_count"":9,""top_beta"":0}","{""bottom_beta"":1,""gap"":4,""stored_slots"":307200,""stride"":1,""tile_count"":10,""top_beta"":1}","{""bottom_beta"":1,""core_slots"":294912,""gap"":4,""stored_slots"":307200,""stride"":1,""tile_count"":10,""top_beta"":1}",logical_halo_compact,logical_halo_compact,logical_halo_compact,1,0,False,0,0,False,planner_estimate,881,28164480,4,10,8,139,32768,1292172,1292064,1291920,1291920,144,144,4,20221184,858,20222186,0.026895721326164874,1292922.0,"planner-only metadata compile; real traced DAG with 22 body LT layers plus explicit 1x1 output; SiLU7 fit uses StatsTracker ranges; edge_kind: carry=layout unchanged, fused=layout change hidden in operator, explicit=separate re-layout, bootstrap-drop=CT-saving drop halo before bootstrap; no dense HE transform generation or FHE forward",31,18,4,5,22,22,5,61440
192x192_IBSR_BRAIN_2D,IBSR BRAIN 2D,192x192,1,4,32,UNet22PlusOutput_real_trace_22_body_layers_plus_1x1_output,OrionTracer+StatsTracker+fit+NetworkDAG+layout_policy+BootstrapSolver,silu,7,3,Chebyshev.fit from StatsTracker; depth=3 plus 1 if fitted prescale!=1,dp,template,template_unweighted_diagonal_bsgs,template_unweighted_diagonal,32768,13,6,6,enc3b,Conv2d,False,True,u22_same_shape_conv_provider,,9,9,9,10,9,1,1,0,0,10,1,9,False,,,,,,0,0,0,0,34816,34816,34816,0,0,0,0,0,0,393216,0,49152,256,2048,32768,0,34816,0,384,0,6,522624,487808,128,128,template,compact_halo_shared,fused,fused,carry=0;fused=1;explicit=0;bootstrap-drop=0,enc3a_act->enc3b:fused:layout_changed_hidden_in_Conv2d:mode=compact_halo_shared,0,1,0,0,,1,0,0,0,target,target:consumer_fused_relayout,4,4,1x128x48x48,1x128x48x48,1x8x192x192,1x8x192x192,-0.027980955317616463,0.025858784094452858,-0.04424826800823212,0.03877345100045204,128,128,,,,,,,,3x3,1x1,1x1,,1x1,1,enc3a_act,"{""bottom_beta"":1,""gap"":4,""stored_slots"":307200,""stride"":1,""tile_count"":10,""top_beta"":1}","{""bottom_beta"":1,""gap"":4,""stored_slots"":307200,""stride"":1,""tile_count"":10,""top_beta"":1}","{""bottom_beta"":1,""gap"":4,""stored_slots"":307200,""stride"":1,""tile_count"":10,""top_beta"":1}","{""bottom_beta"":0,""core_slots"":294912,""gap"":4,""stored_slots"":294912,""stride"":2,""tile_count"":9,""top_beta"":0}",packed_compact,logical_halo_compact,logical_halo_compact,1,0,False,1,0,False,planner_estimate,881,28164480,4,10,8,139,32768,1292172,1292064,1291920,1291920,144,144,4,20221184,858,20222186,0.026895721326164874,1292922.0,"planner-only metadata compile; real traced DAG with 22 body LT layers plus explicit 1x1 output; SiLU7 fit uses StatsTracker ranges; edge_kind: carry=layout unchanged, fused=layout change hidden in operator, explicit=separate re-layout, bootstrap-drop=CT-saving drop halo before bootstrap; no dense HE transform generation or FHE forward",31,18,4,5,22,22,5,61440
192x192_IBSR_BRAIN_2D,IBSR BRAIN 2D,192x192,1,4,32,UNet22PlusOutput_real_trace_22_body_layers_plus_1x1_output,OrionTracer+StatsTracker+fit+NetworkDAG+layout_policy+BootstrapSolver,silu,7,3,Chebyshev.fit from StatsTracker; depth=3 plus 1 if fitted prescale!=1,dp,template,template_unweighted_diagonal_bsgs,template_unweighted_diagonal,32768,14,,,enc3b_act,SiLU,False,,chebyshev_polynomial_activation,not_a_provider_linear_kernel,9,9,9,9,9,0,0,0,0,9,3,6,False,,,,,,0,0,0,0,0,0,0,0,0,0,0,0,0,0,27,0,0,0,0,0,0,0,0,0,0,0,0,0,0,none_activation_polynomial,halo_local,carry,carry,carry=1;fused=0;explicit=0;bootstrap-drop=0,enc3b->enc3b_act:carry:layout_same_carry_compact:mode=halo_local,1,0,0,0,,0,0,0,0,none,,4,4,1x128x48x48,1x128x48x48,1x8x192x192,1x8x192x192,-0.04424826800823212,0.03877345100045204,-0.02163473702967167,0.019762523472309113,,,silu,7,3,1.0,0.0,-0.08575912564992905,0.08028430491685867,,,,,,,enc3b,"{""bottom_beta"":0,""gap"":4,""stored_slots"":294912,""stride"":2,""tile_count"":9,""top_beta"":0}","{""bottom_beta"":0,""gap"":4,""stored_slots"":294912,""stride"":1,""tile_count"":9,""top_beta"":0}","{""bottom_beta"":0,""gap"":4,""stored_slots"":294912,""stride"":2,""tile_count"":9,""top_beta"":0}","{""bottom_beta"":0,""core_slots"":294912,""gap"":4,""stored_slots"":294912,""stride"":2,""tile_count"":9,""top_beta"":0}",packed_compact,packed_compact,packed_compact,1,0,False,0,0,False,planner_estimate,881,28164480,4,10,8,139,32768,1292172,1292064,1291920,1291920,144,144,4,20221184,858,20222186,0.026895721326164874,1292922.0,"planner-only metadata compile; real traced DAG with 22 body LT layers plus explicit 1x1 output; SiLU7 fit uses StatsTracker ranges; edge_kind: carry=layout unchanged, fused=layout change hidden in operator, explicit=separate re-layout, bootstrap-drop=CT-saving drop halo before bootstrap; no dense HE transform generation or FHE forward",31,18,4,5,22,22,5,61440
192x192_IBSR_BRAIN_2D,IBSR BRAIN 2D,192x192,1,4,32,UNet22PlusOutput_real_trace_22_body_layers_plus_1x1_output,OrionTracer+StatsTracker+fit+NetworkDAG+layout_policy+BootstrapSolver,silu,7,3,Chebyshev.fit from StatsTracker; depth=3 plus 1 if fitted prescale!=1,dp,template,template_unweighted_diagonal_bsgs,template_unweighted_diagonal,32768,15,,,pool3,AvgPool2d,False,True,u22_pool_provider,,3,9,3,9,3,0,0,1,1,6,1,5,False,,,,,,0,0,0,0,640,640,640,0,0,0,0,0,0,1280,0,384,256,512,128,0,640,0,384,0,2,896,256,128,1,template,halo_local,carry,carry,carry=1;fused=0;explicit=0;bootstrap-drop=0,enc3b_act->pool3:carry:layout_same_carry_compact:mode=halo_local,1,0,0,0,,0,0,0,0,source,source:producer_materialized_halo,4,8,1x128x48x48,1x128x24x24,1x8x192x192,1x2x192x192,-0.02163473702967167,0.019762523472309113,-0.021091686561703682,0.01947682350873947,128,128,,,,,,,,2x2,2x2,0x0,,1x1,128,enc3b_act,"{""bottom_beta"":0,""gap"":4,""stored_slots"":294912,""stride"":2,""tile_count"":9,""top_beta"":0}","{""bottom_beta"":0,""gap"":4,""stored_slots"":294912,""stride"":2,""tile_count"":9,""top_beta"":0}","{""bottom_beta"":0,""gap"":4,""stored_slots"":294912,""stride"":2,""tile_count"":9,""top_beta"":0}","{""bottom_beta"":1,""core_slots"":73728,""gap"":8,""stored_slots"":79872,""stride"":1,""tile_count"":3,""top_beta"":1}",logical_halo_compact,packed_compact,packed_compact,1,0,False,0,0,True,planner_estimate,881,28164480,4,10,8,139,32768,1292172,1292064,1291920,1291920,144,144,4,20221184,858,20222186,0.026895721326164874,1292922.0,"planner-only metadata compile; real traced DAG with 22 body LT layers plus explicit 1x1 output; SiLU7 fit uses StatsTracker ranges; edge_kind: carry=layout unchanged, fused=layout change hidden in operator, explicit=separate re-layout, bootstrap-drop=CT-saving drop halo before bootstrap; no dense HE transform generation or FHE forward",31,18,4,5,22,22,5,61440
192x192_IBSR_BRAIN_2D,IBSR BRAIN 2D,192x192,1,4,32,UNet22PlusOutput_real_trace_22_body_layers_plus_1x1_output,OrionTracer+StatsTracker+fit+NetworkDAG+layout_policy+BootstrapSolver,silu,7,3,Chebyshev.fit from StatsTracker; depth=3 plus 1 if fitted prescale!=1,dp,template,template_unweighted_diagonal_bsgs,template_unweighted_diagonal,32768,16,7,7,enc4a,Conv2d,False,True,u22_same_shape_conv_provider,,5,3,5,3,5,1,1,1,1,5,1,4,False,,,,,,0,0,0,0,67584,67584,67584,0,0,0,0,0,0,786432,0,98304,256,2048,65536,0,67584,0,384,0,6,1046912,979328,128,256,template,compact_halo_shared,fused,fused,carry=0;fused=1;explicit=0;bootstrap-drop=0,pool3->enc4a:fused:layout_changed_hidden_in_Conv2d:mode=compact_halo_shared,0,1,0,0,,1,0,0,0,source+target,target:consumer_fused_relayout;source:producer_materialized_halo,8,8,1x128x24x24,1x256x24x24,1x2x192x192,1x4x192x192,-0.021091686561703682,0.01947682350873947,-0.040491439402103424,0.0400543250143528,128,256,,,,,,,,3x3,1x1,1x1,,1x1,1,pool3,"{""bottom_beta"":1,""gap"":8,""stored_slots"":79872,""stride"":1,""tile_count"":3,""top_beta"":1}","{""bottom_beta"":1,""gap"":8,""stored_slots"":79872,""stride"":1,""tile_count"":3,""top_beta"":1}","{""bottom_beta"":1,""gap"":8,""stored_slots"":79872,""stride"":1,""tile_count"":3,""top_beta"":1}","{""bottom_beta"":1,""core_slots"":147456,""gap"":8,""stored_slots"":159744,""stride"":1,""tile_count"":5,""top_beta"":1}",logical_halo_compact,logical_halo_compact,logical_halo_compact,1,0,False,1,0,True,planner_estimate,881,28164480,4,10,8,139,32768,1292172,1292064,1291920,1291920,144,144,4,20221184,858,20222186,0.026895721326164874,1292922.0,"planner-only metadata compile; real traced DAG with 22 body LT layers plus explicit 1x1 output; SiLU7 fit uses StatsTracker ranges; edge_kind: carry=layout unchanged, fused=layout change hidden in operator, explicit=separate re-layout, bootstrap-drop=CT-saving drop halo before bootstrap; no dense HE transform generation or FHE forward",31,18,4,5,22,22,5,61440
192x192_IBSR_BRAIN_2D,IBSR BRAIN 2D,192x192,1,4,32,UNet22PlusOutput_real_trace_22_body_layers_plus_1x1_output,OrionTracer+StatsTracker+fit+NetworkDAG+layout_policy+BootstrapSolver,silu,7,3,Chebyshev.fit from StatsTracker; depth=3 plus 1 if fitted prescale!=1,dp,template,template_unweighted_diagonal_bsgs,template_unweighted_diagonal,32768,17,,,enc4a_act,SiLU,False,,chebyshev_polynomial_activation,not_a_provider_linear_kernel,5,5,5,5,5,1,1,1,1,4,3,1,True,child_level_exceeds_output_level,enc4b,enc4b,10,1x4x192x192,147456,5,32768,5,0,0,0,0,0,0,0,0,0,0,15,0,0,0,0,0,0,0,0,0,0,0,0,0,0,none_activation_polynomial,halo_local,carry,carry,carry=1;fused=0;explicit=0;bootstrap-drop=0,enc4a->enc4a_act:carry:layout_same_carry_halo:mode=halo_local,1,0,0,0,,0,1,0,0,none,,8,8,1x256x24x24,1x256x24x24,1x4x192x192,1x4x192x192,-0.040491439402103424,0.0400543250143528,-0.019835887476801872,0.020428195595741272,,,silu,7,3,1.0,0.0,-0.08076432347297668,0.08032721281051636,,,,,,,enc4a,"{""bottom_beta"":1,""gap"":8,""stored_slots"":159744,""stride"":1,""tile_count"":5,""top_beta"":1}","{""bottom_beta"":0,""gap"":8,""stored_slots"":147456,""stride"":1,""tile_count"":5,""top_beta"":0}","{""bottom_beta"":1,""gap"":8,""stored_slots"":159744,""stride"":1,""tile_count"":5,""top_beta"":1}","{""bottom_beta"":1,""core_slots"":147456,""gap"":8,""stored_slots"":159744,""stride"":1,""tile_count"":5,""top_beta"":1}",logical_halo_compact,logical_halo_compact,logical_halo_compact,1,0,False,0,0,False,planner_estimate,881,28164480,4,10,8,139,32768,1292172,1292064,1291920,1291920,144,144,4,20221184,858,20222186,0.026895721326164874,1292922.0,"planner-only metadata compile; real traced DAG with 22 body LT layers plus explicit 1x1 output; SiLU7 fit uses StatsTracker ranges; edge_kind: carry=layout unchanged, fused=layout change hidden in operator, explicit=separate re-layout, bootstrap-drop=CT-saving drop halo before bootstrap; no dense HE transform generation or FHE forward",31,18,4,5,22,22,5,61440
192x192_IBSR_BRAIN_2D,IBSR BRAIN 2D,192x192,1,4,32,UNet22PlusOutput_real_trace_22_body_layers_plus_1x1_output,OrionTracer+StatsTracker+fit+NetworkDAG+layout_policy+BootstrapSolver,silu,7,3,Chebyshev.fit from StatsTracker; depth=3 plus 1 if fitted prescale!=1,dp,template,template_unweighted_diagonal_bsgs,template_unweighted_diagonal,32768,18,8,8,enc4b,Conv2d,False,True,u22_same_shape_conv_provider,,5,5,5,5,5,1,1,0,0,10,1,9,False,,,,,,0,0,0,0,135168,135168,135168,0,0,0,0,0,0,1572864,0,196608,512,4096,131072,0,135168,0,768,0,6,2093824,1958656,256,256,template,compact_halo_shared,fused,fused,carry=0;fused=1;explicit=0;bootstrap-drop=0,enc4a_act->enc4b:fused:layout_changed_hidden_in_Conv2d:mode=compact_halo_shared,0,1,0,0,,1,0,0,0,target,target:consumer_fused_relayout,8,8,1x256x24x24,1x256x24x24,1x4x192x192,1x4x192x192,-0.019835887476801872,0.020428195595741272,-0.02955022267997265,0.028812145814299583,256,256,,,,,,,,3x3,1x1,1x1,,1x1,1,enc4a_act,"{""bottom_beta"":1,""gap"":8,""stored_slots"":159744,""stride"":1,""tile_count"":5,""top_beta"":1}","{""bottom_beta"":1,""gap"":8,""stored_slots"":159744,""stride"":1,""tile_count"":5,""top_beta"":1}","{""bottom_beta"":1,""gap"":8,""stored_slots"":159744,""stride"":1,""tile_count"":5,""top_beta"":1}","{""bottom_beta"":0,""core_slots"":147456,""gap"":8,""stored_slots"":147456,""stride"":2,""tile_count"":5,""top_beta"":0}",packed_compact,logical_halo_compact,logical_halo_compact,1,0,False,1,0,False,planner_estimate,881,28164480,4,10,8,139,32768,1292172,1292064,1291920,1291920,144,144,4,20221184,858,20222186,0.026895721326164874,1292922.0,"planner-only metadata compile; real traced DAG with 22 body LT layers plus explicit 1x1 output; SiLU7 fit uses StatsTracker ranges; edge_kind: carry=layout unchanged, fused=layout change hidden in operator, explicit=separate re-layout, bootstrap-drop=CT-saving drop halo before bootstrap; no dense HE transform generation or FHE forward",31,18,4,5,22,22,5,61440
192x192_IBSR_BRAIN_2D,IBSR BRAIN 2D,192x192,1,4,32,UNet22PlusOutput_real_trace_22_body_layers_plus_1x1_output,OrionTracer+StatsTracker+fit+NetworkDAG+layout_policy+BootstrapSolver,silu,7,3,Chebyshev.fit from StatsTracker; depth=3 plus 1 if fitted prescale!=1,dp,template,template_unweighted_diagonal_bsgs,template_unweighted_diagonal,32768,19,,,enc4b_act,SiLU,False,,chebyshev_polynomial_activation,not_a_provider_linear_kernel,5,5,5,5,5,0,0,0,0,9,3,6,False,,,,,,0,0,0,0,0,0,0,0,0,0,0,0,0,0,15,0,0,0,0,0,0,0,0,0,0,0,0,0,0,none_activation_polynomial,halo_local,carry,carry,carry=1;fused=0;explicit=0;bootstrap-drop=0,enc4b->enc4b_act:carry:layout_same_carry_compact:mode=halo_local,1,0,0,0,,0,0,0,0,none,,8,8,1x256x24x24,1x256x24x24,1x4x192x192,1x4x192x192,-0.02955022267997265,0.028812145814299583,-0.014556823298335075,0.014613592997193336,,,silu,7,3,1.0,0.0,-0.058731406927108765,0.0579933300614357,,,,,,,enc4b,"{""bottom_beta"":0,""gap"":8,""stored_slots"":147456,""stride"":2,""tile_count"":5,""top_beta"":0}","{""bottom_beta"":0,""gap"":8,""stored_slots"":147456,""stride"":1,""tile_count"":5,""top_beta"":0}","{""bottom_beta"":0,""gap"":8,""stored_slots"":147456,""stride"":2,""tile_count"":5,""top_beta"":0}","{""bottom_beta"":0,""core_slots"":147456,""gap"":8,""stored_slots"":147456,""stride"":2,""tile_count"":5,""top_beta"":0}",packed_compact,packed_compact,packed_compact,1,0,False,0,0,False,planner_estimate,881,28164480,4,10,8,139,32768,1292172,1292064,1291920,1291920,144,144,4,20221184,858,20222186,0.026895721326164874,1292922.0,"planner-only metadata compile; real traced DAG with 22 body LT layers plus explicit 1x1 output; SiLU7 fit uses StatsTracker ranges; edge_kind: carry=layout unchanged, fused=layout change hidden in operator, explicit=separate re-layout, bootstrap-drop=CT-saving drop halo before bootstrap; no dense HE transform generation or FHE forward",31,18,4,5,22,22,5,61440
192x192_IBSR_BRAIN_2D,IBSR BRAIN 2D,192x192,1,4,32,UNet22PlusOutput_real_trace_22_body_layers_plus_1x1_output,OrionTracer+StatsTracker+fit+NetworkDAG+layout_policy+BootstrapSolver,silu,7,3,Chebyshev.fit from StatsTracker; depth=3 plus 1 if fitted prescale!=1,dp,template,template_unweighted_diagonal_bsgs,template_unweighted_diagonal,32768,20,,,pool4,AvgPool2d,False,True,u22_pool_provider,,2,5,2,5,2,0,0,1,1,6,1,5,False,,,,,,0,0,0,0,1024,1024,1024,0,0,0,0,0,0,2048,0,512,512,512,512,0,1024,0,512,0,2,1024,0,256,1,template,halo_local,carry,carry,carry=1;fused=0;explicit=0;bootstrap-drop=0,enc4b_act->pool4:carry:layout_same_carry_compact:mode=halo_local,1,0,0,0,,0,0,0,0,source,source:producer_materialized_halo,8,16,1x256x24x24,1x256x12x12,1x4x192x192,1x1x192x192,-0.014556823298335075,0.014613592997193336,-0.014331764541566372,0.014513259753584862,256,256,,,,,,,,2x2,2x2,0x0,,1x1,256,enc4b_act,"{""bottom_beta"":0,""gap"":8,""stored_slots"":147456,""stride"":2,""tile_count"":5,""top_beta"":0}","{""bottom_beta"":0,""gap"":8,""stored_slots"":147456,""stride"":2,""tile_count"":5,""top_beta"":0}","{""bottom_beta"":0,""gap"":8,""stored_slots"":147456,""stride"":2,""tile_count"":5,""top_beta"":0}","{""bottom_beta"":1,""core_slots"":36864,""gap"":16,""stored_slots"":43008,""stride"":1,""tile_count"":2,""top_beta"":1}",logical_halo_compact,packed_compact,packed_compact,1,0,False,0,0,True,planner_estimate,881,28164480,4,10,8,139,32768,1292172,1292064,1291920,1291920,144,144,4,20221184,858,20222186,0.026895721326164874,1292922.0,"planner-only metadata compile; real traced DAG with 22 body LT layers plus explicit 1x1 output; SiLU7 fit uses StatsTracker ranges; edge_kind: carry=layout unchanged, fused=layout change hidden in operator, explicit=separate re-layout, bootstrap-drop=CT-saving drop halo before bootstrap; no dense HE transform generation or FHE forward",31,18,4,5,22,22,5,61440
192x192_IBSR_BRAIN_2D,IBSR BRAIN 2D,192x192,1,4,32,UNet22PlusOutput_real_trace_22_body_layers_plus_1x1_output,OrionTracer+StatsTracker+fit+NetworkDAG+layout_policy+BootstrapSolver,silu,7,3,Chebyshev.fit from StatsTracker; depth=3 plus 1 if fitted prescale!=1,dp,template,template_unweighted_diagonal_bsgs,template_unweighted_diagonal,32768,21,9,9,bottlenecka,Conv2d,False,True,u22_same_shape_conv_provider,,3,2,3,2,3,1,1,1,1,5,1,4,False,,,,,,0,0,0,0,266240,266240,266240,0,0,0,0,0,0,2752512,0,393216,512,4096,262144,0,266240,0,768,0,6,3928832,3662592,256,512,template,compact_halo_shared,fused,fused,carry=0;fused=1;explicit=0;bootstrap-drop=0,pool4->bottlenecka:fused:layout_changed_hidden_in_Conv2d:mode=compact_halo_shared,0,1,0,0,,1,0,0,0,source+target,target:consumer_fused_relayout;source:producer_materialized_halo,16,16,1x256x12x12,1x512x12x12,1x1x192x192,1x2x192x192,-0.014331764541566372,0.014513259753584862,-0.02713756635785103,0.027079110965132713,256,512,,,,,,,,3x3,1x1,1x1,,1x1,1,pool4,"{""bottom_beta"":1,""gap"":16,""stored_slots"":43008,""stride"":1,""tile_count"":2,""top_beta"":1}","{""bottom_beta"":1,""gap"":16,""stored_slots"":43008,""stride"":1,""tile_count"":2,""top_beta"":1}","{""bottom_beta"":1,""gap"":16,""stored_slots"":43008,""stride"":1,""tile_count"":2,""top_beta"":1}","{""bottom_beta"":1,""core_slots"":73728,""gap"":16,""stored_slots"":86016,""stride"":1,""tile_count"":3,""top_beta"":1}",logical_halo_compact,logical_halo_compact,logical_halo_compact,1,0,False,1,0,True,planner_estimate,881,28164480,4,10,8,139,32768,1292172,1292064,1291920,1291920,144,144,4,20221184,858,20222186,0.026895721326164874,1292922.0,"planner-only metadata compile; real traced DAG with 22 body LT layers plus explicit 1x1 output; SiLU7 fit uses StatsTracker ranges; edge_kind: carry=layout unchanged, fused=layout change hidden in operator, explicit=separate re-layout, bootstrap-drop=CT-saving drop halo before bootstrap; no dense HE transform generation or FHE forward",31,18,4,5,22,22,5,61440
192x192_IBSR_BRAIN_2D,IBSR BRAIN 2D,192x192,1,4,32,UNet22PlusOutput_real_trace_22_body_layers_plus_1x1_output,OrionTracer+StatsTracker+fit+NetworkDAG+layout_policy+BootstrapSolver,silu,7,3,Chebyshev.fit from StatsTracker; depth=3 plus 1 if fitted prescale!=1,dp,template,template_unweighted_diagonal_bsgs,template_unweighted_diagonal,32768,22,,,bottlenecka_act,SiLU,False,,chebyshev_polynomial_activation,not_a_provider_linear_kernel,3,3,3,3,3,1,1,1,1,4,3,1,True,child_level_exceeds_output_level,bottleneckb,bottleneckb,10,1x2x192x192,73728,3,32768,3,0,0,0,0,0,0,0,0,0,0,9,0,0,0,0,0,0,0,0,0,0,0,0,0,0,none_activation_polynomial,halo_local,carry,carry,carry=1;fused=0;explicit=0;bootstrap-drop=0,bottlenecka->bottlenecka_act:carry:layout_same_carry_halo:mode=halo_local,1,0,0,0,,0,1,0,0,none,,16,16,1x512x12x12,1x512x12x12,1x2x192x192,1x2x192x192,-0.02713756635785103,0.027079110965132713,-0.01338468212634325,0.013722863979637623,,,silu,7,3,1.0,0.0,-0.054245904088020325,0.05418744683265686,,,,,,,bottlenecka,"{""bottom_beta"":1,""gap"":16,""stored_slots"":86016,""stride"":1,""tile_count"":3,""top_beta"":1}","{""bottom_beta"":0,""gap"":16,""stored_slots"":73728,""stride"":1,""tile_count"":3,""top_beta"":0}","{""bottom_beta"":1,""gap"":16,""stored_slots"":86016,""stride"":1,""tile_count"":3,""top_beta"":1}","{""bottom_beta"":1,""core_slots"":73728,""gap"":16,""stored_slots"":86016,""stride"":1,""tile_count"":3,""top_beta"":1}",logical_halo_compact,logical_halo_compact,logical_halo_compact,1,0,False,0,0,False,planner_estimate,881,28164480,4,10,8,139,32768,1292172,1292064,1291920,1291920,144,144,4,20221184,858,20222186,0.026895721326164874,1292922.0,"planner-only metadata compile; real traced DAG with 22 body LT layers plus explicit 1x1 output; SiLU7 fit uses StatsTracker ranges; edge_kind: carry=layout unchanged, fused=layout change hidden in operator, explicit=separate re-layout, bootstrap-drop=CT-saving drop halo before bootstrap; no dense HE transform generation or FHE forward",31,18,4,5,22,22,5,61440
192x192_IBSR_BRAIN_2D,IBSR BRAIN 2D,192x192,1,4,32,UNet22PlusOutput_real_trace_22_body_layers_plus_1x1_output,OrionTracer+StatsTracker+fit+NetworkDAG+layout_policy+BootstrapSolver,silu,7,3,Chebyshev.fit from StatsTracker; depth=3 plus 1 if fitted prescale!=1,dp,template,template_unweighted_diagonal_bsgs,template_unweighted_diagonal,32768,23,10,10,bottleneckb,Conv2d,False,True,u22_same_shape_conv_provider,,3,3,3,3,3,1,1,1,1,10,1,9,False,,,,,,0,0,0,0,532480,532480,532480,0,0,0,0,0,0,5505024,0,786432,1024,8192,524288,0,532480,0,1536,0,6,7857664,7325184,512,512,template,compact_halo_shared,fused,fused,carry=0;fused=1;explicit=0;bootstrap-drop=0,bottlenecka_act->bottleneckb:fused:layout_changed_hidden_in_Conv2d:mode=compact_halo_shared,0,1,0,0,,1,0,0,0,source+target,target:consumer_fused_relayout;source:producer_materialized_halo,16,16,1x512x12x12,1x512x12x12,1x2x192x192,1x2x192x192,-0.01338468212634325,0.013722863979637623,-0.022753436118364334,0.021990368142724037,512,512,,,,,,,,3x3,1x1,1x1,,1x1,1,bottlenecka_act,"{""bottom_beta"":1,""gap"":16,""stored_slots"":86016,""stride"":1,""tile_count"":3,""top_beta"":1}","{""bottom_beta"":1,""gap"":16,""stored_slots"":86016,""stride"":1,""tile_count"":3,""top_beta"":1}","{""bottom_beta"":1,""gap"":16,""stored_slots"":86016,""stride"":1,""tile_count"":3,""top_beta"":1}","{""bottom_beta"":1,""core_slots"":73728,""gap"":16,""stored_slots"":86016,""stride"":2,""tile_count"":3,""top_beta"":1}",logical_halo_compact,logical_halo_compact,logical_halo_compact,1,0,False,1,0,True,planner_estimate,881,28164480,4,10,8,139,32768,1292172,1292064,1291920,1291920,144,144,4,20221184,858,20222186,0.026895721326164874,1292922.0,"planner-only metadata compile; real traced DAG with 22 body LT layers plus explicit 1x1 output; SiLU7 fit uses StatsTracker ranges; edge_kind: carry=layout unchanged, fused=layout change hidden in operator, explicit=separate re-layout, bootstrap-drop=CT-saving drop halo before bootstrap; no dense HE transform generation or FHE forward",31,18,4,5,22,22,5,61440
192x192_IBSR_BRAIN_2D,IBSR BRAIN 2D,192x192,1,4,32,UNet22PlusOutput_real_trace_22_body_layers_plus_1x1_output,OrionTracer+StatsTracker+fit+NetworkDAG+layout_policy+BootstrapSolver,silu,7,3,Chebyshev.fit from StatsTracker; depth=3 plus 1 if fitted prescale!=1,dp,template,template_unweighted_diagonal_bsgs,template_unweighted_diagonal,32768,24,,,bottleneckb_act,SiLU,False,,chebyshev_polynomial_activation,not_a_provider_linear_kernel,3,3,3,3,3,1,1,1,1,9,3,6,False,,,,,,0,0,0,0,0,0,0,0,0,0,0,0,0,0,9,0,0,0,0,0,0,0,0,0,0,0,0,0,0,none_activation_polynomial,halo_local,carry,carry,carry=1;fused=0;explicit=0;bootstrap-drop=0,bottleneckb->bottleneckb_act:carry:layout_same_carry_halo:mode=halo_local,1,0,0,0,,0,1,0,0,none,,16,16,1x512x12x12,1x512x12x12,1x2x192x192,1x2x192x192,-0.022753436118364334,0.021990368142724037,-0.011247294023633003,0.011116073466837406,,,silu,7,3,1.0,0.0,-0.045125339180231094,0.04436227306723595,,,,,,,bottleneckb,"{""bottom_beta"":1,""gap"":16,""stored_slots"":86016,""stride"":2,""tile_count"":3,""top_beta"":1}","{""bottom_beta"":1,""gap"":16,""stored_slots"":86016,""stride"":2,""tile_count"":3,""top_beta"":1}","{""bottom_beta"":1,""gap"":16,""stored_slots"":86016,""stride"":2,""tile_count"":3,""top_beta"":1}","{""bottom_beta"":1,""core_slots"":73728,""gap"":16,""stored_slots"":86016,""stride"":2,""tile_count"":3,""top_beta"":1}",logical_halo_compact,logical_halo_compact,logical_halo_compact,1,0,False,0,0,False,planner_estimate,881,28164480,4,10,8,139,32768,1292172,1292064,1291920,1291920,144,144,4,20221184,858,20222186,0.026895721326164874,1292922.0,"planner-only metadata compile; real traced DAG with 22 body LT layers plus explicit 1x1 output; SiLU7 fit uses StatsTracker ranges; edge_kind: carry=layout unchanged, fused=layout change hidden in operator, explicit=separate re-layout, bootstrap-drop=CT-saving drop halo before bootstrap; no dense HE transform generation or FHE forward",31,18,4,5,22,22,5,61440
192x192_IBSR_BRAIN_2D,IBSR BRAIN 2D,192x192,1,4,32,UNet22PlusOutput_real_trace_22_body_layers_plus_1x1_output,OrionTracer+StatsTracker+fit+NetworkDAG+layout_policy+BootstrapSolver,silu,7,3,Chebyshev.fit from StatsTracker; depth=3 plus 1 if fitted prescale!=1,dp,template,template_unweighted_diagonal_bsgs,template_unweighted_diagonal,32768,25,11,11,up4,ConvTranspose2d,False,True,u22_tconv_provider,,6,3,5,3,6,1,1,2,2,6,1,5,False,,,,,,0,0,0,0,4096,4096,4096,0,0,0,0,0,0,1572864,0,393216,1024,4096,0,0,4096,0,1536,0,4,3141632,3137536,512,256,template,halo_local,carry,carry,carry=1;fused=0;explicit=0;bootstrap-drop=0,bottleneckb_act->up4:carry:layout_same_carry_halo:mode=halo_local,1,0,0,0,,0,1,0,0,source,source:producer_materialized_halo,16,8,1x512x12x12,1x256x24x24,1x2x192x192,1x4x192x192,-0.011247294023633003,0.011116073466837406,-0.03405265510082245,0.03606899082660675,512,256,,,,,,,,2x2,2x2,0x0,0x0,1x1,1,bottleneckb_act,"{""bottom_beta"":1,""gap"":16,""stored_slots"":86016,""stride"":2,""tile_count"":3,""top_beta"":1}","{""bottom_beta"":0,""gap"":16,""stored_slots"":73728,""stride"":2,""tile_count"":3,""top_beta"":0}","{""bottom_beta"":1,""gap"":16,""stored_slots"":86016,""stride"":2,""tile_count"":3,""top_beta"":1}","{""bottom_beta"":2,""core_slots"":147456,""gap"":8,""stored_slots"":172032,""stride"":2,""tile_count"":6,""top_beta"":2}",logical_halo_compact,logical_halo_compact,logical_halo_compact,1,0,False,0,0,True,planner_estimate,881,28164480,4,10,8,139,32768,1292172,1292064,1291920,1291920,144,144,4,20221184,858,20222186,0.026895721326164874,1292922.0,"planner-only metadata compile; real traced DAG with 22 body LT layers plus explicit 1x1 output; SiLU7 fit uses StatsTracker ranges; edge_kind: carry=layout unchanged, fused=layout change hidden in operator, explicit=separate re-layout, bootstrap-drop=CT-saving drop halo before bootstrap; no dense HE transform generation or FHE forward",31,18,4,5,22,22,5,61440
192x192_IBSR_BRAIN_2D,IBSR BRAIN 2D,192x192,1,4,32,UNet22PlusOutput_real_trace_22_body_layers_plus_1x1_output,OrionTracer+StatsTracker+fit+NetworkDAG+layout_policy+BootstrapSolver,silu,7,3,Chebyshev.fit from StatsTracker; depth=3 plus 1 if fitted prescale!=1,dp,template,template_unweighted_diagonal_bsgs,template_unweighted_diagonal,32768,26,,,cat4,Concat,False,,concat_runtime_or_fused_concat,not_a_provider_linear_kernel,11,5,9,6,11,2,2,2,2,5,0,5,False,,,,,,0,0,0,0,12,0,0,12,12,0,1,0,0,0,0,0,0,0,0,0,0,0,0,0,0,0,0,0,0,none_no_linear_transform,halo_local,mixed:carry+explicit,mixed:carry+explicit,carry=1;fused=0;explicit=1;bootstrap-drop=0,enc4b_act->cat4:explicit:dp_add_input_alignment:mode=halo_local;up4->cat4:carry:layout_same_carry_halo:mode=halo_local,1,0,1,0,,1,1,0,0,source_to_target,source_to_target:separate_relayout_edge,8,8,1x256x24x24,1x512x24x24,1x4x192x192,1x8x192x192,-0.03405265510082245,0.03606899082660675,-0.03405265510082245,0.03606899082660675,,,,,,,,,,,,,,,,enc4b_act;up4,"{""bottom_beta"":2,""gap"":8,""stored_slots"":172032,""stride"":2,""tile_count"":6,""top_beta"":2}","{""bottom_beta"":0,""gap"":8,""stored_slots"":147456,""stride"":1,""tile_count"":5,""top_beta"":0}","{""bottom_beta"":2,""gap"":8,""stored_slots"":172032,""stride"":2,""tile_count"":6,""top_beta"":2}","{""bottom_beta"":2,""core_slots"":294912,""gap"":8,""stored_slots"":344064,""stride"":2,""tile_count"":11,""top_beta"":2}",logical_halo_compact,logical_halo_compact;packed_compact,logical_halo_compact,2,1,False,0,0,False,planner_estimate,881,28164480,4,10,8,139,32768,1292172,1292064,1291920,1291920,144,144,4,20221184,858,20222186,0.026895721326164874,1292922.0,"planner-only metadata compile; real traced DAG with 22 body LT layers plus explicit 1x1 output; SiLU7 fit uses StatsTracker ranges; edge_kind: carry=layout unchanged, fused=layout change hidden in operator, explicit=separate re-layout, bootstrap-drop=CT-saving drop halo before bootstrap; no dense HE transform generation or FHE forward",31,18,4,5,22,22,5,61440
192x192_IBSR_BRAIN_2D,IBSR BRAIN 2D,192x192,1,4,32,UNet22PlusOutput_real_trace_22_body_layers_plus_1x1_output,OrionTracer+StatsTracker+fit+NetworkDAG+layout_policy+BootstrapSolver,silu,7,3,Chebyshev.fit from StatsTracker; depth=3 plus 1 if fitted prescale!=1,dp,template,template_unweighted_diagonal_bsgs,template_unweighted_diagonal,32768,27,12,12,dec4a,Conv2d,False,True,u22_same_shape_conv_provider,,5,9,5,11,5,2,2,1,1,5,1,4,False,,,,,,0,0,0,0,9216,9216,9216,0,0,0,0,0,0,3538944,0,393216,1024,9216,0,0,9216,0,1536,0,7,5497344,5488128,512,256,template,compact_halo_shared,fused,fused,carry=0;fused=1;explicit=0;bootstrap-drop=0,cat4->dec4a:fused:layout_changed_hidden_in_Conv2d:mode=compact_halo_shared,0,1,0,0,,1,0,0,0,source+target,target:consumer_fused_relayout;source:producer_materialized_halo,8,8,1x512x24x24,1x256x24x24,1x8x192x192,1x4x192x192,-0.03405265510082245,0.03606899082660675,-0.0314631313085556,0.037258487194776535,512,256,,,,,,,,3x3,1x1,1x1,,1x1,1,cat4,"{""bottom_beta"":2,""gap"":8,""stored_slots"":344064,""stride"":2,""tile_count"":11,""top_beta"":2}","{""bottom_beta"":1,""gap"":8,""stored_slots"":319488,""stride"":1,""tile_count"":10,""top_beta"":1}","{""bottom_beta"":2,""gap"":8,""stored_slots"":344064,""stride"":2,""tile_count"":11,""top_beta"":2}","{""bottom_beta"":1,""core_slots"":147456,""gap"":8,""stored_slots"":159744,""stride"":1,""tile_count"":5,""top_beta"":1}",logical_halo_compact,logical_halo_compact,logical_halo_compact,1,0,False,1,0,True,planner_estimate,881,28164480,4,10,8,139,32768,1292172,1292064,1291920,1291920,144,144,4,20221184,858,20222186,0.026895721326164874,1292922.0,"planner-only metadata compile; real traced DAG with 22 body LT layers plus explicit 1x1 output; SiLU7 fit uses StatsTracker ranges; edge_kind: carry=layout unchanged, fused=layout change hidden in operator, explicit=separate re-layout, bootstrap-drop=CT-saving drop halo before bootstrap; no dense HE transform generation or FHE forward",31,18,4,5,22,22,5,61440
192x192_IBSR_BRAIN_2D,IBSR BRAIN 2D,192x192,1,4,32,UNet22PlusOutput_real_trace_22_body_layers_plus_1x1_output,OrionTracer+StatsTracker+fit+NetworkDAG+layout_policy+BootstrapSolver,silu,7,3,Chebyshev.fit from StatsTracker; depth=3 plus 1 if fitted prescale!=1,dp,template,template_unweighted_diagonal_bsgs,template_unweighted_diagonal,32768,28,,,dec4a_act,SiLU,False,,chebyshev_polynomial_activation,not_a_provider_linear_kernel,5,5,5,5,5,1,1,1,1,4,3,1,True,child_level_exceeds_output_level,dec4b,dec4b,10,1x4x192x192,147456,5,32768,5,0,0,0,0,0,0,0,0,0,0,15,0,0,0,0,0,0,0,0,0,0,0,0,0,0,none_activation_polynomial,halo_local,carry,carry,carry=1;fused=0;explicit=0;bootstrap-drop=0,dec4a->dec4a_act:carry:layout_same_carry_halo:mode=halo_local,1,0,0,0,,0,1,0,0,none,,8,8,1x256x24x24,1x256x24x24,1x4x192x192,1x4x192x192,-0.0314631313085556,0.037258487194776535,-0.015484103932976723,0.018976252526044846,,,silu,7,3,1.0,0.0,-0.06582394242286682,0.07161930203437805,,,,,,,dec4a,"{""bottom_beta"":1,""gap"":8,""stored_slots"":159744,""stride"":1,""tile_count"":5,""top_beta"":1}","{""bottom_beta"":0,""gap"":8,""stored_slots"":147456,""stride"":1,""tile_count"":5,""top_beta"":0}","{""bottom_beta"":1,""gap"":8,""stored_slots"":159744,""stride"":1,""tile_count"":5,""top_beta"":1}","{""bottom_beta"":1,""core_slots"":147456,""gap"":8,""stored_slots"":159744,""stride"":1,""tile_count"":5,""top_beta"":1}",logical_halo_compact,logical_halo_compact,logical_halo_compact,1,0,False,0,0,False,planner_estimate,881,28164480,4,10,8,139,32768,1292172,1292064,1291920,1291920,144,144,4,20221184,858,20222186,0.026895721326164874,1292922.0,"planner-only metadata compile; real traced DAG with 22 body LT layers plus explicit 1x1 output; SiLU7 fit uses StatsTracker ranges; edge_kind: carry=layout unchanged, fused=layout change hidden in operator, explicit=separate re-layout, bootstrap-drop=CT-saving drop halo before bootstrap; no dense HE transform generation or FHE forward",31,18,4,5,22,22,5,61440
192x192_IBSR_BRAIN_2D,IBSR BRAIN 2D,192x192,1,4,32,UNet22PlusOutput_real_trace_22_body_layers_plus_1x1_output,OrionTracer+StatsTracker+fit+NetworkDAG+layout_policy+BootstrapSolver,silu,7,3,Chebyshev.fit from StatsTracker; depth=3 plus 1 if fitted prescale!=1,dp,template,template_unweighted_diagonal_bsgs,template_unweighted_diagonal,32768,29,13,13,dec4b,Conv2d,False,True,u22_same_shape_conv_provider,,5,5,5,5,5,1,1,1,1,10,1,9,False,,,,,,0,0,0,0,135168,135168,135168,0,0,0,0,0,0,1572864,0,196608,512,4096,131072,0,135168,0,768,0,6,2093824,1958656,256,256,template,compact_halo_shared,fused,fused,carry=0;fused=1;explicit=0;bootstrap-drop=0,dec4a_act->dec4b:fused:layout_changed_hidden_in_Conv2d:mode=compact_halo_shared,0,1,0,0,,1,0,0,0,source+target,target:consumer_fused_relayout;source:producer_materialized_halo,8,8,1x256x24x24,1x256x24x24,1x4x192x192,1x4x192x192,-0.015484103932976723,0.018976252526044846,-0.029593754559755325,0.026146510615944862,256,256,,,,,,,,3x3,1x1,1x1,,1x1,1,dec4a_act,"{""bottom_beta"":1,""gap"":8,""stored_slots"":159744,""stride"":1,""tile_count"":5,""top_beta"":1}","{""bottom_beta"":1,""gap"":8,""stored_slots"":159744,""stride"":1,""tile_count"":5,""top_beta"":1}","{""bottom_beta"":1,""gap"":8,""stored_slots"":159744,""stride"":1,""tile_count"":5,""top_beta"":1}","{""bottom_beta"":1,""core_slots"":147456,""gap"":8,""stored_slots"":159744,""stride"":2,""tile_count"":5,""top_beta"":1}",logical_halo_compact,logical_halo_compact,logical_halo_compact,1,0,False,1,0,True,planner_estimate,881,28164480,4,10,8,139,32768,1292172,1292064,1291920,1291920,144,144,4,20221184,858,20222186,0.026895721326164874,1292922.0,"planner-only metadata compile; real traced DAG with 22 body LT layers plus explicit 1x1 output; SiLU7 fit uses StatsTracker ranges; edge_kind: carry=layout unchanged, fused=layout change hidden in operator, explicit=separate re-layout, bootstrap-drop=CT-saving drop halo before bootstrap; no dense HE transform generation or FHE forward",31,18,4,5,22,22,5,61440
192x192_IBSR_BRAIN_2D,IBSR BRAIN 2D,192x192,1,4,32,UNet22PlusOutput_real_trace_22_body_layers_plus_1x1_output,OrionTracer+StatsTracker+fit+NetworkDAG+layout_policy+BootstrapSolver,silu,7,3,Chebyshev.fit from StatsTracker; depth=3 plus 1 if fitted prescale!=1,dp,template,template_unweighted_diagonal_bsgs,template_unweighted_diagonal,32768,30,,,dec4b_act,SiLU,False,,chebyshev_polynomial_activation,not_a_provider_linear_kernel,5,5,5,5,5,1,1,1,1,9,3,6,False,,,,,,0,0,0,0,0,0,0,0,0,0,0,0,0,0,15,0,0,0,0,0,0,0,0,0,0,0,0,0,0,none_activation_polynomial,halo_local,carry,carry,carry=1;fused=0;explicit=0;bootstrap-drop=0,dec4b->dec4b_act:carry:layout_same_carry_halo:mode=halo_local,1,0,0,0,,0,1,0,0,none,,8,8,1x256x24x24,1x256x24x24,1x4x192x192,1x4x192x192,-0.029593754559755325,0.026146510615944862,-0.014577945694327354,0.013244155794382095,,,silu,7,3,1.0,0.0,-0.057463888078927994,0.05401664599776268,,,,,,,dec4b,"{""bottom_beta"":1,""gap"":8,""stored_slots"":159744,""stride"":2,""tile_count"":5,""top_beta"":1}","{""bottom_beta"":1,""gap"":8,""stored_slots"":159744,""stride"":2,""tile_count"":5,""top_beta"":1}","{""bottom_beta"":1,""gap"":8,""stored_slots"":159744,""stride"":2,""tile_count"":5,""top_beta"":1}","{""bottom_beta"":1,""core_slots"":147456,""gap"":8,""stored_slots"":159744,""stride"":2,""tile_count"":5,""top_beta"":1}",logical_halo_compact,logical_halo_compact,logical_halo_compact,1,0,False,0,0,False,planner_estimate,881,28164480,4,10,8,139,32768,1292172,1292064,1291920,1291920,144,144,4,20221184,858,20222186,0.026895721326164874,1292922.0,"planner-only metadata compile; real traced DAG with 22 body LT layers plus explicit 1x1 output; SiLU7 fit uses StatsTracker ranges; edge_kind: carry=layout unchanged, fused=layout change hidden in operator, explicit=separate re-layout, bootstrap-drop=CT-saving drop halo before bootstrap; no dense HE transform generation or FHE forward",31,18,4,5,22,22,5,61440
192x192_IBSR_BRAIN_2D,IBSR BRAIN 2D,192x192,1,4,32,UNet22PlusOutput_real_trace_22_body_layers_plus_1x1_output,OrionTracer+StatsTracker+fit+NetworkDAG+layout_policy+BootstrapSolver,silu,7,3,Chebyshev.fit from StatsTracker; depth=3 plus 1 if fitted prescale!=1,dp,template,template_unweighted_diagonal_bsgs,template_unweighted_diagonal,32768,31,14,14,up3,ConvTranspose2d,False,True,u22_tconv_provider,,10,5,9,5,10,1,1,2,2,6,1,5,False,,,,,,0,0,0,0,2048,2048,2048,0,0,0,0,0,0,327680,0,98304,512,2048,0,0,2048,0,768,0,4,718848,716800,256,128,template,halo_local,carry,carry,carry=1;fused=0;explicit=0;bootstrap-drop=0,dec4b_act->up3:carry:layout_same_carry_halo:mode=halo_local,1,0,0,0,,0,1,0,0,source,source:producer_materialized_halo,8,4,1x256x24x24,1x128x48x48,1x4x192x192,1x8x192x192,-0.014577945694327354,0.013244155794382095,-0.04878120496869087,0.0470469631254673,256,128,,,,,,,,2x2,2x2,0x0,0x0,1x1,1,dec4b_act,"{""bottom_beta"":1,""gap"":8,""stored_slots"":159744,""stride"":2,""tile_count"":5,""top_beta"":1}","{""bottom_beta"":0,""gap"":8,""stored_slots"":147456,""stride"":2,""tile_count"":5,""top_beta"":0}","{""bottom_beta"":1,""gap"":8,""stored_slots"":159744,""stride"":2,""tile_count"":5,""top_beta"":1}","{""bottom_beta"":2,""core_slots"":294912,""gap"":4,""stored_slots"":319488,""stride"":2,""tile_count"":10,""top_beta"":2}",logical_halo_compact,logical_halo_compact,logical_halo_compact,1,0,False,0,0,True,planner_estimate,881,28164480,4,10,8,139,32768,1292172,1292064,1291920,1291920,144,144,4,20221184,858,20222186,0.026895721326164874,1292922.0,"planner-only metadata compile; real traced DAG with 22 body LT layers plus explicit 1x1 output; SiLU7 fit uses StatsTracker ranges; edge_kind: carry=layout unchanged, fused=layout change hidden in operator, explicit=separate re-layout, bootstrap-drop=CT-saving drop halo before bootstrap; no dense HE transform generation or FHE forward",31,18,4,5,22,22,5,61440
192x192_IBSR_BRAIN_2D,IBSR BRAIN 2D,192x192,1,4,32,UNet22PlusOutput_real_trace_22_body_layers_plus_1x1_output,OrionTracer+StatsTracker+fit+NetworkDAG+layout_policy+BootstrapSolver,silu,7,3,Chebyshev.fit from StatsTracker; depth=3 plus 1 if fitted prescale!=1,dp,template,template_unweighted_diagonal_bsgs,template_unweighted_diagonal,32768,32,,,cat3,Concat,False,,concat_runtime_or_fused_concat,not_a_provider_linear_kernel,20,9,18,10,20,2,2,2,2,5,0,5,False,,,,,,0,0,0,0,20,0,0,20,20,0,1,0,0,0,0,0,0,0,0,0,0,0,0,0,0,0,0,0,0,none_no_linear_transform,halo_local,mixed:carry+explicit,mixed:carry+explicit,carry=1;fused=0;explicit=1;bootstrap-drop=0,enc3b_act->cat3:explicit:dp_add_input_alignment:mode=halo_local;up3->cat3:carry:layout_same_carry_halo:mode=halo_local,1,0,1,0,,1,1,0,0,source_to_target,source_to_target:separate_relayout_edge,4,4,1x128x48x48,1x256x48x48,1x8x192x192,1x16x192x192,-0.04878120496869087,0.0470469631254673,-0.04878120496869087,0.0470469631254673,,,,,,,,,,,,,,,,enc3b_act;up3,"{""bottom_beta"":2,""gap"":4,""stored_slots"":319488,""stride"":2,""tile_count"":10,""top_beta"":2}","{""bottom_beta"":0,""gap"":4,""stored_slots"":294912,""stride"":1,""tile_count"":9,""top_beta"":0}","{""bottom_beta"":2,""gap"":4,""stored_slots"":319488,""stride"":2,""tile_count"":10,""top_beta"":2}","{""bottom_beta"":2,""core_slots"":589824,""gap"":4,""stored_slots"":638976,""stride"":2,""tile_count"":20,""top_beta"":2}",logical_halo_compact,logical_halo_compact;packed_compact,logical_halo_compact,2,1,False,0,0,False,planner_estimate,881,28164480,4,10,8,139,32768,1292172,1292064,1291920,1291920,144,144,4,20221184,858,20222186,0.026895721326164874,1292922.0,"planner-only metadata compile; real traced DAG with 22 body LT layers plus explicit 1x1 output; SiLU7 fit uses StatsTracker ranges; edge_kind: carry=layout unchanged, fused=layout change hidden in operator, explicit=separate re-layout, bootstrap-drop=CT-saving drop halo before bootstrap; no dense HE transform generation or FHE forward",31,18,4,5,22,22,5,61440
192x192_IBSR_BRAIN_2D,IBSR BRAIN 2D,192x192,1,4,32,UNet22PlusOutput_real_trace_22_body_layers_plus_1x1_output,OrionTracer+StatsTracker+fit+NetworkDAG+layout_policy+BootstrapSolver,silu,7,3,Chebyshev.fit from StatsTracker; depth=3 plus 1 if fitted prescale!=1,dp,template,template_unweighted_diagonal_bsgs,template_unweighted_diagonal,32768,33,15,15,dec3a,Conv2d,False,True,u22_same_shape_conv_provider,,10,18,9,20,10,2,2,1,1,5,1,4,False,,,,,,0,0,0,0,4608,4608,4608,0,0,0,0,0,0,884736,0,98304,512,4608,0,0,4608,0,768,0,7,1372416,1367808,256,128,template,compact_halo_shared,fused,fused,carry=0;fused=1;explicit=0;bootstrap-drop=0,cat3->dec3a:fused:layout_changed_hidden_in_Conv2d:mode=compact_halo_shared,0,1,0,0,,1,0,0,0,source+target,target:consumer_fused_relayout;source:producer_materialized_halo,4,4,1x256x48x48,1x128x48x48,1x16x192x192,1x8x192x192,-0.04878120496869087,0.0470469631254673,-0.039362985640764236,0.044495757669210434,256,128,,,,,,,,3x3,1x1,1x1,,1x1,1,cat3,"{""bottom_beta"":2,""gap"":4,""stored_slots"":638976,""stride"":2,""tile_count"":20,""top_beta"":2}","{""bottom_beta"":1,""gap"":4,""stored_slots"":614400,""stride"":1,""tile_count"":19,""top_beta"":1}","{""bottom_beta"":2,""gap"":4,""stored_slots"":638976,""stride"":2,""tile_count"":20,""top_beta"":2}","{""bottom_beta"":1,""core_slots"":294912,""gap"":4,""stored_slots"":307200,""stride"":1,""tile_count"":10,""top_beta"":1}",logical_halo_compact,logical_halo_compact,logical_halo_compact,1,0,False,1,0,True,planner_estimate,881,28164480,4,10,8,139,32768,1292172,1292064,1291920,1291920,144,144,4,20221184,858,20222186,0.026895721326164874,1292922.0,"planner-only metadata compile; real traced DAG with 22 body LT layers plus explicit 1x1 output; SiLU7 fit uses StatsTracker ranges; edge_kind: carry=layout unchanged, fused=layout change hidden in operator, explicit=separate re-layout, bootstrap-drop=CT-saving drop halo before bootstrap; no dense HE transform generation or FHE forward",31,18,4,5,22,22,5,61440
192x192_IBSR_BRAIN_2D,IBSR BRAIN 2D,192x192,1,4,32,UNet22PlusOutput_real_trace_22_body_layers_plus_1x1_output,OrionTracer+StatsTracker+fit+NetworkDAG+layout_policy+BootstrapSolver,silu,7,3,Chebyshev.fit from StatsTracker; depth=3 plus 1 if fitted prescale!=1,dp,template,template_unweighted_diagonal_bsgs,template_unweighted_diagonal,32768,34,,,dec3a_act,SiLU,False,,chebyshev_polynomial_activation,not_a_provider_linear_kernel,10,9,9,10,10,1,1,1,1,4,3,1,True,child_level_exceeds_output_level,dec3b,dec3b,10,1x8x192x192,294912,9,32768,9,0,0,0,0,0,0,0,0,0,0,30,0,0,0,0,0,0,0,0,0,0,0,0,0,0,none_activation_polynomial,halo_local,carry+bootstrap-drop,carry,carry=1;fused=0;explicit=0;bootstrap-drop=1,dec3a->dec3a_act:carry:layout_same_carry_halo:mode=halo_local;bootstrap-boundary->dec3b:bootstrap-drop:drop_halo_before_bootstrap,1,0,0,1,bootstrap-boundary->dec3b:bootstrap-drop:drop_halo_before_bootstrap,0,1,1,12288,none,,4,4,1x128x48x48,1x128x48x48,1x8x192x192,1x8x192x192,-0.039362985640764236,0.044495757669210434,-0.01929418183863163,0.02274276502430439,,,silu,7,3,1.0,0.0,-0.08129236102104187,0.08642512559890747,,,,,,,dec3a,"{""bottom_beta"":1,""gap"":4,""stored_slots"":307200,""stride"":1,""tile_count"":10,""top_beta"":1}","{""bottom_beta"":0,""gap"":4,""stored_slots"":294912,""stride"":1,""tile_count"":9,""top_beta"":0}","{""bottom_beta"":1,""gap"":4,""stored_slots"":307200,""stride"":1,""tile_count"":10,""top_beta"":1}","{""bottom_beta"":1,""core_slots"":294912,""gap"":4,""stored_slots"":307200,""stride"":1,""tile_count"":10,""top_beta"":1}",logical_halo_compact,logical_halo_compact,logical_halo_compact,1,0,False,0,0,False,planner_estimate,881,28164480,4,10,8,139,32768,1292172,1292064,1291920,1291920,144,144,4,20221184,858,20222186,0.026895721326164874,1292922.0,"planner-only metadata compile; real traced DAG with 22 body LT layers plus explicit 1x1 output; SiLU7 fit uses StatsTracker ranges; edge_kind: carry=layout unchanged, fused=layout change hidden in operator, explicit=separate re-layout, bootstrap-drop=CT-saving drop halo before bootstrap; no dense HE transform generation or FHE forward",31,18,4,5,22,22,5,61440
192x192_IBSR_BRAIN_2D,IBSR BRAIN 2D,192x192,1,4,32,UNet22PlusOutput_real_trace_22_body_layers_plus_1x1_output,OrionTracer+StatsTracker+fit+NetworkDAG+layout_policy+BootstrapSolver,silu,7,3,Chebyshev.fit from StatsTracker; depth=3 plus 1 if fitted prescale!=1,dp,template,template_unweighted_diagonal_bsgs,template_unweighted_diagonal,32768,35,16,16,dec3b,Conv2d,False,True,u22_same_shape_conv_provider,,10,9,9,10,10,1,1,1,1,10,1,9,False,,,,,,0,0,0,0,34816,34816,34816,0,0,0,0,0,0,393216,0,49152,256,2048,32768,0,34816,0,384,0,6,522624,487808,128,128,template,compact_halo_shared,fused,fused,carry=0;fused=1;explicit=0;bootstrap-drop=0,dec3a_act->dec3b:fused:layout_changed_hidden_in_Conv2d:mode=compact_halo_shared,0,1,0,0,,1,0,0,0,source+target,target:consumer_fused_relayout;source:producer_materialized_halo,4,4,1x128x48x48,1x128x48x48,1x8x192x192,1x8x192x192,-0.01929418183863163,0.02274276502430439,-0.034659069031476974,0.03665958344936371,128,128,,,,,,,,3x3,1x1,1x1,,1x1,1,dec3a_act,"{""bottom_beta"":1,""gap"":4,""stored_slots"":307200,""stride"":1,""tile_count"":10,""top_beta"":1}","{""bottom_beta"":1,""gap"":4,""stored_slots"":307200,""stride"":1,""tile_count"":10,""top_beta"":1}","{""bottom_beta"":1,""gap"":4,""stored_slots"":307200,""stride"":1,""tile_count"":10,""top_beta"":1}","{""bottom_beta"":1,""core_slots"":294912,""gap"":4,""stored_slots"":307200,""stride"":2,""tile_count"":10,""top_beta"":1}",logical_halo_compact,logical_halo_compact,logical_halo_compact,1,0,False,1,0,True,planner_estimate,881,28164480,4,10,8,139,32768,1292172,1292064,1291920,1291920,144,144,4,20221184,858,20222186,0.026895721326164874,1292922.0,"planner-only metadata compile; real traced DAG with 22 body LT layers plus explicit 1x1 output; SiLU7 fit uses StatsTracker ranges; edge_kind: carry=layout unchanged, fused=layout change hidden in operator, explicit=separate re-layout, bootstrap-drop=CT-saving drop halo before bootstrap; no dense HE transform generation or FHE forward",31,18,4,5,22,22,5,61440
192x192_IBSR_BRAIN_2D,IBSR BRAIN 2D,192x192,1,4,32,UNet22PlusOutput_real_trace_22_body_layers_plus_1x1_output,OrionTracer+StatsTracker+fit+NetworkDAG+layout_policy+BootstrapSolver,silu,7,3,Chebyshev.fit from StatsTracker; depth=3 plus 1 if fitted prescale!=1,dp,template,template_unweighted_diagonal_bsgs,template_unweighted_diagonal,32768,36,,,dec3b_act,SiLU,False,,chebyshev_polynomial_activation,not_a_provider_linear_kernel,10,9,9,10,10,1,1,1,1,9,3,6,False,,,,,,0,0,0,0,0,0,0,0,0,0,0,0,0,0,30,0,0,0,0,0,0,0,0,0,0,0,0,0,0,none_activation_polynomial,halo_local,carry,carry,carry=1;fused=0;explicit=0;bootstrap-drop=0,dec3b->dec3b_act:carry:layout_same_carry_halo:mode=halo_local,1,0,0,0,,0,1,0,0,none,,4,4,1x128x48x48,1x128x48x48,1x8x192x192,1x8x192x192,-0.034659069031476974,0.03665958344936371,-0.017029251903295517,0.01866573467850685,,,silu,7,3,1.0,0.0,-0.07031840085983276,0.0723189115524292,,,,,,,dec3b,"{""bottom_beta"":1,""gap"":4,""stored_slots"":307200,""stride"":2,""tile_count"":10,""top_beta"":1}","{""bottom_beta"":1,""gap"":4,""stored_slots"":307200,""stride"":2,""tile_count"":10,""top_beta"":1}","{""bottom_beta"":1,""gap"":4,""stored_slots"":307200,""stride"":2,""tile_count"":10,""top_beta"":1}","{""bottom_beta"":1,""core_slots"":294912,""gap"":4,""stored_slots"":307200,""stride"":2,""tile_count"":10,""top_beta"":1}",logical_halo_compact,logical_halo_compact,logical_halo_compact,1,0,False,0,0,False,planner_estimate,881,28164480,4,10,8,139,32768,1292172,1292064,1291920,1291920,144,144,4,20221184,858,20222186,0.026895721326164874,1292922.0,"planner-only metadata compile; real traced DAG with 22 body LT layers plus explicit 1x1 output; SiLU7 fit uses StatsTracker ranges; edge_kind: carry=layout unchanged, fused=layout change hidden in operator, explicit=separate re-layout, bootstrap-drop=CT-saving drop halo before bootstrap; no dense HE transform generation or FHE forward",31,18,4,5,22,22,5,61440
192x192_IBSR_BRAIN_2D,IBSR BRAIN 2D,192x192,1,4,32,UNet22PlusOutput_real_trace_22_body_layers_plus_1x1_output,OrionTracer+StatsTracker+fit+NetworkDAG+layout_policy+BootstrapSolver,silu,7,3,Chebyshev.fit from StatsTracker; depth=3 plus 1 if fitted prescale!=1,dp,template,template_unweighted_diagonal_bsgs,template_unweighted_diagonal,32768,37,17,17,up2,ConvTranspose2d,False,True,u22_tconv_provider,,19,9,18,10,19,1,1,2,2,6,1,5,False,,,,,,0,0,0,0,1024,1024,1024,0,0,0,0,0,0,98304,0,24576,256,1024,0,0,1024,0,384,0,4,195584,194560,128,64,template,halo_local,carry,carry,carry=1;fused=0;explicit=0;bootstrap-drop=0,dec3b_act->up2:carry:layout_same_carry_halo:mode=halo_local,1,0,0,0,,0,1,0,0,source,source:producer_materialized_halo,4,2,1x128x48x48,1x64x96x96,1x8x192x192,1x16x192x192,-0.017029251903295517,0.01866573467850685,-0.06291238218545914,0.06633645296096802,128,64,,,,,,,,2x2,2x2,0x0,0x0,1x1,1,dec3b_act,"{""bottom_beta"":1,""gap"":4,""stored_slots"":307200,""stride"":2,""tile_count"":10,""top_beta"":1}","{""bottom_beta"":0,""gap"":4,""stored_slots"":294912,""stride"":2,""tile_count"":9,""top_beta"":0}","{""bottom_beta"":1,""gap"":4,""stored_slots"":307200,""stride"":2,""tile_count"":10,""top_beta"":1}","{""bottom_beta"":2,""core_slots"":589824,""gap"":2,""stored_slots"":614400,""stride"":2,""tile_count"":19,""top_beta"":2}",logical_halo_compact,logical_halo_compact,logical_halo_compact,1,0,False,0,0,True,planner_estimate,881,28164480,4,10,8,139,32768,1292172,1292064,1291920,1291920,144,144,4,20221184,858,20222186,0.026895721326164874,1292922.0,"planner-only metadata compile; real traced DAG with 22 body LT layers plus explicit 1x1 output; SiLU7 fit uses StatsTracker ranges; edge_kind: carry=layout unchanged, fused=layout change hidden in operator, explicit=separate re-layout, bootstrap-drop=CT-saving drop halo before bootstrap; no dense HE transform generation or FHE forward",31,18,4,5,22,22,5,61440
192x192_IBSR_BRAIN_2D,IBSR BRAIN 2D,192x192,1,4,32,UNet22PlusOutput_real_trace_22_body_layers_plus_1x1_output,OrionTracer+StatsTracker+fit+NetworkDAG+layout_policy+BootstrapSolver,silu,7,3,Chebyshev.fit from StatsTracker; depth=3 plus 1 if fitted prescale!=1,dp,template,template_unweighted_diagonal_bsgs,template_unweighted_diagonal,32768,38,,,cat2,Concat,False,,concat_runtime_or_fused_concat,not_a_provider_linear_kernel,38,18,36,19,38,2,2,2,2,5,0,5,False,,,,,,0,0,0,0,38,0,0,38,38,0,1,0,0,0,0,0,0,0,0,0,0,0,0,0,0,0,0,0,0,none_no_linear_transform,halo_local,mixed:carry+explicit,mixed:carry+explicit,carry=1;fused=0;explicit=1;bootstrap-drop=0,enc2b_act->cat2:explicit:dp_add_input_alignment:mode=halo_local;up2->cat2:carry:layout_same_carry_halo:mode=halo_local,1,0,1,0,,1,1,0,0,source_to_target,source_to_target:separate_relayout_edge,2,2,1x64x96x96,1x128x96x96,1x16x192x192,1x32x192x192,-0.06291238218545914,0.06633645296096802,-0.06291238218545914,0.06633645296096802,,,,,,,,,,,,,,,,enc2b_act;up2,"{""bottom_beta"":2,""gap"":2,""stored_slots"":614400,""stride"":2,""tile_count"":19,""top_beta"":2}","{""bottom_beta"":0,""gap"":2,""stored_slots"":589824,""stride"":1,""tile_count"":18,""top_beta"":0}","{""bottom_beta"":2,""gap"":2,""stored_slots"":614400,""stride"":2,""tile_count"":19,""top_beta"":2}","{""bottom_beta"":2,""core_slots"":1179648,""gap"":2,""stored_slots"":1228800,""stride"":2,""tile_count"":38,""top_beta"":2}",logical_halo_compact,logical_halo_compact;packed_compact,logical_halo_compact,2,1,False,0,0,False,planner_estimate,881,28164480,4,10,8,139,32768,1292172,1292064,1291920,1291920,144,144,4,20221184,858,20222186,0.026895721326164874,1292922.0,"planner-only metadata compile; real traced DAG with 22 body LT layers plus explicit 1x1 output; SiLU7 fit uses StatsTracker ranges; edge_kind: carry=layout unchanged, fused=layout change hidden in operator, explicit=separate re-layout, bootstrap-drop=CT-saving drop halo before bootstrap; no dense HE transform generation or FHE forward",31,18,4,5,22,22,5,61440
192x192_IBSR_BRAIN_2D,IBSR BRAIN 2D,192x192,1,4,32,UNet22PlusOutput_real_trace_22_body_layers_plus_1x1_output,OrionTracer+StatsTracker+fit+NetworkDAG+layout_policy+BootstrapSolver,silu,7,3,Chebyshev.fit from StatsTracker; depth=3 plus 1 if fitted prescale!=1,dp,template,template_unweighted_diagonal_bsgs,template_unweighted_diagonal,32768,39,18,18,dec2a,Conv2d,False,True,u22_same_shape_conv_provider,,19,36,18,38,19,2,2,1,1,5,1,4,False,,,,,,0,0,0,0,2304,2304,2304,0,0,0,0,0,0,221184,0,24576,256,2304,0,0,2304,0,384,0,7,342144,339840,128,64,template,compact_halo_shared,fused,fused,carry=0;fused=1;explicit=0;bootstrap-drop=0,cat2->dec2a:fused:layout_changed_hidden_in_Conv2d:mode=compact_halo_shared,0,1,0,0,,1,0,0,0,source+target,target:consumer_fused_relayout;source:producer_materialized_halo,2,2,1x128x96x96,1x64x96x96,1x32x192x192,1x16x192x192,-0.06291238218545914,0.06633645296096802,-0.05611523613333702,0.06182762235403061,128,64,,,,,,,,3x3,1x1,1x1,,1x1,1,cat2,"{""bottom_beta"":2,""gap"":2,""stored_slots"":1228800,""stride"":2,""tile_count"":38,""top_beta"":2}","{""bottom_beta"":1,""gap"":2,""stored_slots"":1204224,""stride"":1,""tile_count"":37,""top_beta"":1}","{""bottom_beta"":2,""gap"":2,""stored_slots"":1228800,""stride"":2,""tile_count"":38,""top_beta"":2}","{""bottom_beta"":1,""core_slots"":589824,""gap"":2,""stored_slots"":602112,""stride"":1,""tile_count"":19,""top_beta"":1}",logical_halo_compact,logical_halo_compact,logical_halo_compact,1,0,False,1,0,True,planner_estimate,881,28164480,4,10,8,139,32768,1292172,1292064,1291920,1291920,144,144,4,20221184,858,20222186,0.026895721326164874,1292922.0,"planner-only metadata compile; real traced DAG with 22 body LT layers plus explicit 1x1 output; SiLU7 fit uses StatsTracker ranges; edge_kind: carry=layout unchanged, fused=layout change hidden in operator, explicit=separate re-layout, bootstrap-drop=CT-saving drop halo before bootstrap; no dense HE transform generation or FHE forward",31,18,4,5,22,22,5,61440
192x192_IBSR_BRAIN_2D,IBSR BRAIN 2D,192x192,1,4,32,UNet22PlusOutput_real_trace_22_body_layers_plus_1x1_output,OrionTracer+StatsTracker+fit+NetworkDAG+layout_policy+BootstrapSolver,silu,7,3,Chebyshev.fit from StatsTracker; depth=3 plus 1 if fitted prescale!=1,dp,template,template_unweighted_diagonal_bsgs,template_unweighted_diagonal,32768,40,,,dec2a_act,SiLU,False,,chebyshev_polynomial_activation,not_a_provider_linear_kernel,19,18,18,19,19,1,1,1,1,4,3,1,True,child_level_exceeds_output_level,dec2b,dec2b,10,1x16x192x192,589824,18,32768,18,0,0,0,0,0,0,0,0,0,0,57,0,0,0,0,0,0,0,0,0,0,0,0,0,0,none_activation_polynomial,halo_local,carry+bootstrap-drop,carry,carry=1;fused=0;explicit=0;bootstrap-drop=1,dec2a->dec2a_act:carry:layout_same_carry_halo:mode=halo_local;bootstrap-boundary->dec2b:bootstrap-drop:drop_halo_before_bootstrap,1,0,0,1,bootstrap-boundary->dec2b:bootstrap-drop:drop_halo_before_bootstrap,0,1,1,12288,none,,2,2,1x64x96x96,1x64x96x96,1x16x192x192,1x16x192x192,-0.05611523613333702,0.06182762235403061,-0.027270592749118805,0.03186916932463646,,,silu,7,3,1.0,0.0,-0.11508665978908539,0.12079904973506927,,,,,,,dec2a,"{""bottom_beta"":1,""gap"":2,""stored_slots"":602112,""stride"":1,""tile_count"":19,""top_beta"":1}","{""bottom_beta"":0,""gap"":2,""stored_slots"":589824,""stride"":1,""tile_count"":18,""top_beta"":0}","{""bottom_beta"":1,""gap"":2,""stored_slots"":602112,""stride"":1,""tile_count"":19,""top_beta"":1}","{""bottom_beta"":1,""core_slots"":589824,""gap"":2,""stored_slots"":602112,""stride"":1,""tile_count"":19,""top_beta"":1}",logical_halo_compact,logical_halo_compact,logical_halo_compact,1,0,False,0,0,False,planner_estimate,881,28164480,4,10,8,139,32768,1292172,1292064,1291920,1291920,144,144,4,20221184,858,20222186,0.026895721326164874,1292922.0,"planner-only metadata compile; real traced DAG with 22 body LT layers plus explicit 1x1 output; SiLU7 fit uses StatsTracker ranges; edge_kind: carry=layout unchanged, fused=layout change hidden in operator, explicit=separate re-layout, bootstrap-drop=CT-saving drop halo before bootstrap; no dense HE transform generation or FHE forward",31,18,4,5,22,22,5,61440
192x192_IBSR_BRAIN_2D,IBSR BRAIN 2D,192x192,1,4,32,UNet22PlusOutput_real_trace_22_body_layers_plus_1x1_output,OrionTracer+StatsTracker+fit+NetworkDAG+layout_policy+BootstrapSolver,silu,7,3,Chebyshev.fit from StatsTracker; depth=3 plus 1 if fitted prescale!=1,dp,template,template_unweighted_diagonal_bsgs,template_unweighted_diagonal,32768,41,19,19,dec2b,Conv2d,False,True,u22_same_shape_conv_provider,,19,18,18,19,19,1,1,1,1,10,1,9,False,,,,,,0,0,0,0,13312,13312,13312,0,0,0,0,0,0,106496,0,16384,128,1024,12288,0,13312,0,256,0,6,154816,141504,64,64,template,compact_halo_shared,fused,fused,carry=0;fused=1;explicit=0;bootstrap-drop=0,dec2a_act->dec2b:fused:layout_changed_hidden_in_Conv2d:mode=compact_halo_shared,0,1,0,0,,1,0,0,0,source+target,target:consumer_fused_relayout;source:producer_materialized_halo,2,2,1x64x96x96,1x64x96x96,1x16x192x192,1x16x192x192,-0.027270592749118805,0.03186916932463646,-0.04882379621267319,0.04333561658859253,64,64,,,,,,,,3x3,1x1,1x1,,1x1,1,dec2a_act,"{""bottom_beta"":1,""gap"":2,""stored_slots"":602112,""stride"":1,""tile_count"":19,""top_beta"":1}","{""bottom_beta"":1,""gap"":2,""stored_slots"":602112,""stride"":1,""tile_count"":19,""top_beta"":1}","{""bottom_beta"":1,""gap"":2,""stored_slots"":602112,""stride"":1,""tile_count"":19,""top_beta"":1}","{""bottom_beta"":1,""core_slots"":589824,""gap"":2,""stored_slots"":602112,""stride"":2,""tile_count"":19,""top_beta"":1}",logical_halo_compact,logical_halo_compact,logical_halo_compact,1,0,False,1,0,True,planner_estimate,881,28164480,4,10,8,139,32768,1292172,1292064,1291920,1291920,144,144,4,20221184,858,20222186,0.026895721326164874,1292922.0,"planner-only metadata compile; real traced DAG with 22 body LT layers plus explicit 1x1 output; SiLU7 fit uses StatsTracker ranges; edge_kind: carry=layout unchanged, fused=layout change hidden in operator, explicit=separate re-layout, bootstrap-drop=CT-saving drop halo before bootstrap; no dense HE transform generation or FHE forward",31,18,4,5,22,22,5,61440
192x192_IBSR_BRAIN_2D,IBSR BRAIN 2D,192x192,1,4,32,UNet22PlusOutput_real_trace_22_body_layers_plus_1x1_output,OrionTracer+StatsTracker+fit+NetworkDAG+layout_policy+BootstrapSolver,silu,7,3,Chebyshev.fit from StatsTracker; depth=3 plus 1 if fitted prescale!=1,dp,template,template_unweighted_diagonal_bsgs,template_unweighted_diagonal,32768,42,,,dec2b_act,SiLU,False,,chebyshev_polynomial_activation,not_a_provider_linear_kernel,19,18,18,19,19,1,1,1,1,9,3,6,False,,,,,,0,0,0,0,0,0,0,0,0,0,0,0,0,0,57,0,0,0,0,0,0,0,0,0,0,0,0,0,0,none_activation_polynomial,halo_local,carry,carry,carry=1;fused=0;explicit=0;bootstrap-drop=0,dec2b->dec2b_act:carry:layout_same_carry_halo:mode=halo_local,1,0,0,0,,0,1,0,0,none,,2,2,1x64x96x96,1x64x96x96,1x16x192x192,1x16x192x192,-0.04882379621267319,0.04333561658859253,-0.023816073313355446,0.022137228399515152,,,silu,7,3,1.0,0.0,-0.09490349888801575,0.08941532671451569,,,,,,,dec2b,"{""bottom_beta"":1,""gap"":2,""stored_slots"":602112,""stride"":2,""tile_count"":19,""top_beta"":1}","{""bottom_beta"":1,""gap"":2,""stored_slots"":602112,""stride"":2,""tile_count"":19,""top_beta"":1}","{""bottom_beta"":1,""gap"":2,""stored_slots"":602112,""stride"":2,""tile_count"":19,""top_beta"":1}","{""bottom_beta"":1,""core_slots"":589824,""gap"":2,""stored_slots"":602112,""stride"":2,""tile_count"":19,""top_beta"":1}",logical_halo_compact,logical_halo_compact,logical_halo_compact,1,0,False,0,0,False,planner_estimate,881,28164480,4,10,8,139,32768,1292172,1292064,1291920,1291920,144,144,4,20221184,858,20222186,0.026895721326164874,1292922.0,"planner-only metadata compile; real traced DAG with 22 body LT layers plus explicit 1x1 output; SiLU7 fit uses StatsTracker ranges; edge_kind: carry=layout unchanged, fused=layout change hidden in operator, explicit=separate re-layout, bootstrap-drop=CT-saving drop halo before bootstrap; no dense HE transform generation or FHE forward",31,18,4,5,22,22,5,61440
192x192_IBSR_BRAIN_2D,IBSR BRAIN 2D,192x192,1,4,32,UNet22PlusOutput_real_trace_22_body_layers_plus_1x1_output,OrionTracer+StatsTracker+fit+NetworkDAG+layout_policy+BootstrapSolver,silu,7,3,Chebyshev.fit from StatsTracker; depth=3 plus 1 if fitted prescale!=1,dp,template,template_unweighted_diagonal_bsgs,template_unweighted_diagonal,32768,43,20,20,up1,ConvTranspose2d,False,True,u22_tconv_provider,,37,18,36,19,37,1,1,2,2,6,1,5,False,,,,,,0,0,0,0,512,512,512,0,0,0,0,0,0,24576,0,6144,128,512,0,0,512,0,192,0,4,48640,48128,64,32,template,halo_local,carry,carry,carry=1;fused=0;explicit=0;bootstrap-drop=0,dec2b_act->up1:carry:layout_same_carry_halo:mode=halo_local,1,0,0,0,,0,1,0,0,source,source:producer_materialized_halo,2,1,1x64x96x96,1x32x192x192,1x16x192x192,1x32x192x192,-0.023816073313355446,0.022137228399515152,-0.0998164638876915,0.07737937569618225,64,32,,,,,,,,2x2,2x2,0x0,0x0,1x1,1,dec2b_act,"{""bottom_beta"":1,""gap"":2,""stored_slots"":602112,""stride"":2,""tile_count"":19,""top_beta"":1}","{""bottom_beta"":0,""gap"":2,""stored_slots"":589824,""stride"":2,""tile_count"":18,""top_beta"":0}","{""bottom_beta"":1,""gap"":2,""stored_slots"":602112,""stride"":2,""tile_count"":19,""top_beta"":1}","{""bottom_beta"":2,""core_slots"":1179648,""gap"":1,""stored_slots"":1204224,""stride"":2,""tile_count"":37,""top_beta"":2}",logical_halo_compact,logical_halo_compact,logical_halo_compact,1,0,False,0,0,True,planner_estimate,881,28164480,4,10,8,139,32768,1292172,1292064,1291920,1291920,144,144,4,20221184,858,20222186,0.026895721326164874,1292922.0,"planner-only metadata compile; real traced DAG with 22 body LT layers plus explicit 1x1 output; SiLU7 fit uses StatsTracker ranges; edge_kind: carry=layout unchanged, fused=layout change hidden in operator, explicit=separate re-layout, bootstrap-drop=CT-saving drop halo before bootstrap; no dense HE transform generation or FHE forward",31,18,4,5,22,22,5,61440
192x192_IBSR_BRAIN_2D,IBSR BRAIN 2D,192x192,1,4,32,UNet22PlusOutput_real_trace_22_body_layers_plus_1x1_output,OrionTracer+StatsTracker+fit+NetworkDAG+layout_policy+BootstrapSolver,silu,7,3,Chebyshev.fit from StatsTracker; depth=3 plus 1 if fitted prescale!=1,dp,template,template_unweighted_diagonal_bsgs,template_unweighted_diagonal,32768,44,,,cat1,Concat,False,,concat_runtime_or_fused_concat,not_a_provider_linear_kernel,74,36,72,37,74,2,2,2,2,5,0,5,False,,,,,,0,0,0,0,74,0,0,74,74,0,1,0,0,0,0,0,0,0,0,0,0,0,0,0,0,0,0,0,0,none_no_linear_transform,halo_local,mixed:carry+explicit,mixed:carry+explicit,carry=1;fused=0;explicit=1;bootstrap-drop=0,enc1b_act->cat1:explicit:dp_add_input_alignment:mode=halo_local;up1->cat1:carry:layout_same_carry_halo:mode=halo_local,1,0,1,0,,1,1,0,0,source_to_target,source_to_target:separate_relayout_edge,1,1,1x32x192x192,1x64x192x192,1x32x192x192,1x64x192x192,-0.2784472703933716,0.8722549080848694,-0.2784472703933716,0.8722549080848694,,,,,,,,,,,,,,,,enc1b_act;up1,"{""bottom_beta"":2,""gap"":1,""stored_slots"":1204224,""stride"":2,""tile_count"":37,""top_beta"":2}","{""bottom_beta"":0,""gap"":1,""stored_slots"":1179648,""stride"":1,""tile_count"":36,""top_beta"":0}","{""bottom_beta"":2,""gap"":1,""stored_slots"":1204224,""stride"":2,""tile_count"":37,""top_beta"":2}","{""bottom_beta"":2,""core_slots"":2359296,""gap"":1,""stored_slots"":2408448,""stride"":2,""tile_count"":74,""top_beta"":2}",logical_halo_compact,logical_halo_compact;packed_compact,logical_halo_compact,2,1,False,0,0,False,planner_estimate,881,28164480,4,10,8,139,32768,1292172,1292064,1291920,1291920,144,144,4,20221184,858,20222186,0.026895721326164874,1292922.0,"planner-only metadata compile; real traced DAG with 22 body LT layers plus explicit 1x1 output; SiLU7 fit uses StatsTracker ranges; edge_kind: carry=layout unchanged, fused=layout change hidden in operator, explicit=separate re-layout, bootstrap-drop=CT-saving drop halo before bootstrap; no dense HE transform generation or FHE forward",31,18,4,5,22,22,5,61440
192x192_IBSR_BRAIN_2D,IBSR BRAIN 2D,192x192,1,4,32,UNet22PlusOutput_real_trace_22_body_layers_plus_1x1_output,OrionTracer+StatsTracker+fit+NetworkDAG+layout_policy+BootstrapSolver,silu,7,3,Chebyshev.fit from StatsTracker; depth=3 plus 1 if fitted prescale!=1,dp,template,template_unweighted_diagonal_bsgs,template_unweighted_diagonal,32768,45,21,21,dec1a,Conv2d,False,True,u22_same_shape_conv_provider,,37,72,36,74,37,2,2,1,1,5,1,4,False,,,,,,0,0,0,0,1152,1152,1152,0,0,0,0,0,0,55296,0,6144,128,1152,0,0,1152,0,192,0,7,85056,83904,64,32,template,compact_halo_shared,fused,fused,carry=0;fused=1;explicit=0;bootstrap-drop=0,cat1->dec1a:fused:layout_changed_hidden_in_Conv2d:mode=compact_halo_shared,0,1,0,0,,1,0,0,0,source+target,target:consumer_fused_relayout;source:producer_materialized_halo,1,1,1x64x192x192,1x32x192x192,1x64x192x192,1x32x192x192,-0.2784472703933716,0.8722549080848694,-0.250694215297699,0.2067786157131195,64,32,,,,,,,,3x3,1x1,1x1,,1x1,1,cat1,"{""bottom_beta"":2,""gap"":1,""stored_slots"":2408448,""stride"":2,""tile_count"":74,""top_beta"":2}","{""bottom_beta"":1,""gap"":1,""stored_slots"":2383872,""stride"":1,""tile_count"":73,""top_beta"":1}","{""bottom_beta"":2,""gap"":1,""stored_slots"":2408448,""stride"":2,""tile_count"":74,""top_beta"":2}","{""bottom_beta"":1,""core_slots"":1179648,""gap"":1,""stored_slots"":1191936,""stride"":1,""tile_count"":37,""top_beta"":1}",logical_halo_compact,logical_halo_compact,logical_halo_compact,1,0,False,1,0,True,planner_estimate,881,28164480,4,10,8,139,32768,1292172,1292064,1291920,1291920,144,144,4,20221184,858,20222186,0.026895721326164874,1292922.0,"planner-only metadata compile; real traced DAG with 22 body LT layers plus explicit 1x1 output; SiLU7 fit uses StatsTracker ranges; edge_kind: carry=layout unchanged, fused=layout change hidden in operator, explicit=separate re-layout, bootstrap-drop=CT-saving drop halo before bootstrap; no dense HE transform generation or FHE forward",31,18,4,5,22,22,5,61440
192x192_IBSR_BRAIN_2D,IBSR BRAIN 2D,192x192,1,4,32,UNet22PlusOutput_real_trace_22_body_layers_plus_1x1_output,OrionTracer+StatsTracker+fit+NetworkDAG+layout_policy+BootstrapSolver,silu,7,3,Chebyshev.fit from StatsTracker; depth=3 plus 1 if fitted prescale!=1,dp,template,template_unweighted_diagonal_bsgs,template_unweighted_diagonal,32768,46,,,dec1a_act,SiLU,False,,chebyshev_polynomial_activation,not_a_provider_linear_kernel,37,36,36,37,37,1,1,1,1,4,3,1,True,child_level_exceeds_output_level,dec1b,dec1b,5,1x32x192x192,1179648,36,32768,36,0,0,0,0,0,0,0,0,0,0,111,0,0,0,0,0,0,0,0,0,0,0,0,0,0,none_activation_polynomial,halo_local,carry+bootstrap-drop,carry,carry=1;fused=0;explicit=0;bootstrap-drop=1,dec1a->dec1a_act:carry:layout_same_carry_halo:mode=halo_local;bootstrap-boundary->dec1b:bootstrap-drop:drop_halo_before_bootstrap,1,0,0,1,bootstrap-boundary->dec1b:bootstrap-drop:drop_halo_before_bootstrap,0,1,1,12288,none,,1,1,1x32x192x192,1x32x192x192,1x32x192x192,1x32x192x192,-0.250694215297699,0.2067786157131195,-0.1097169816493988,0.11404073238372803,,,silu,7,3,1.0,0.0,-0.479430615901947,0.43551504611968994,,,,,,,dec1a,"{""bottom_beta"":1,""gap"":1,""stored_slots"":1191936,""stride"":1,""tile_count"":37,""top_beta"":1}","{""bottom_beta"":0,""gap"":1,""stored_slots"":1179648,""stride"":1,""tile_count"":36,""top_beta"":0}","{""bottom_beta"":1,""gap"":1,""stored_slots"":1191936,""stride"":1,""tile_count"":37,""top_beta"":1}","{""bottom_beta"":1,""core_slots"":1179648,""gap"":1,""stored_slots"":1191936,""stride"":1,""tile_count"":37,""top_beta"":1}",logical_halo_compact,logical_halo_compact,logical_halo_compact,1,0,False,0,0,False,planner_estimate,881,28164480,4,10,8,139,32768,1292172,1292064,1291920,1291920,144,144,4,20221184,858,20222186,0.026895721326164874,1292922.0,"planner-only metadata compile; real traced DAG with 22 body LT layers plus explicit 1x1 output; SiLU7 fit uses StatsTracker ranges; edge_kind: carry=layout unchanged, fused=layout change hidden in operator, explicit=separate re-layout, bootstrap-drop=CT-saving drop halo before bootstrap; no dense HE transform generation or FHE forward",31,18,4,5,22,22,5,61440
192x192_IBSR_BRAIN_2D,IBSR BRAIN 2D,192x192,1,4,32,UNet22PlusOutput_real_trace_22_body_layers_plus_1x1_output,OrionTracer+StatsTracker+fit+NetworkDAG+layout_policy+BootstrapSolver,silu,7,3,Chebyshev.fit from StatsTracker; depth=3 plus 1 if fitted prescale!=1,dp,template,template_unweighted_diagonal_bsgs,template_unweighted_diagonal,32768,47,22,22,dec1b,Conv2d,False,True,u22_same_shape_conv_provider,,36,36,36,37,36,1,1,0,0,5,1,4,False,,,,,,0,0,0,0,3584,3584,3584,0,0,0,0,0,0,26624,0,4096,64,512,3072,0,3584,0,128,0,6,38496,34912,32,32,template,compact_halo_shared,fused,fused,carry=0;fused=1;explicit=0;bootstrap-drop=0,dec1a_act->dec1b:fused:layout_changed_hidden_in_Conv2d:mode=compact_halo_shared,0,1,0,0,,1,0,0,0,target,target:consumer_fused_relayout,1,1,1x32x192x192,1x32x192x192,1x32x192x192,1x32x192x192,-0.1097169816493988,0.11404073238372803,-0.11970777064561844,0.10836450755596161,32,32,,,,,,,,3x3,1x1,1x1,,1x1,1,dec1a_act,"{""bottom_beta"":1,""gap"":1,""stored_slots"":1191936,""stride"":1,""tile_count"":37,""top_beta"":1}","{""bottom_beta"":1,""gap"":1,""stored_slots"":1191936,""stride"":1,""tile_count"":37,""top_beta"":1}","{""bottom_beta"":1,""gap"":1,""stored_slots"":1191936,""stride"":1,""tile_count"":37,""top_beta"":1}","{""bottom_beta"":0,""core_slots"":1179648,""gap"":1,""stored_slots"":1179648,""stride"":1,""tile_count"":36,""top_beta"":0}",packed_compact,logical_halo_compact,logical_halo_compact,1,0,False,1,0,False,planner_estimate,881,28164480,4,10,8,139,32768,1292172,1292064,1291920,1291920,144,144,4,20221184,858,20222186,0.026895721326164874,1292922.0,"planner-only metadata compile; real traced DAG with 22 body LT layers plus explicit 1x1 output; SiLU7 fit uses StatsTracker ranges; edge_kind: carry=layout unchanged, fused=layout change hidden in operator, explicit=separate re-layout, bootstrap-drop=CT-saving drop halo before bootstrap; no dense HE transform generation or FHE forward",31,18,4,5,22,22,5,61440
192x192_IBSR_BRAIN_2D,IBSR BRAIN 2D,192x192,1,4,32,UNet22PlusOutput_real_trace_22_body_layers_plus_1x1_output,OrionTracer+StatsTracker+fit+NetworkDAG+layout_policy+BootstrapSolver,silu,7,3,Chebyshev.fit from StatsTracker; depth=3 plus 1 if fitted prescale!=1,dp,template,template_unweighted_diagonal_bsgs,template_unweighted_diagonal,32768,48,,,dec1b_act,SiLU,False,,chebyshev_polynomial_activation,not_a_provider_linear_kernel,36,36,36,36,36,0,0,0,0,4,3,1,False,,,,,,0,0,0,0,0,0,0,0,0,0,0,0,0,0,108,0,0,0,0,0,0,0,0,0,0,0,0,0,0,none_activation_polynomial,halo_local,carry,carry,carry=1;fused=0;explicit=0;bootstrap-drop=0,dec1b->dec1b_act:carry:layout_same_carry_compact:mode=halo_local,1,0,0,0,,0,0,0,0,none,,1,1,1x32x192x192,1x32x192x192,1x32x192x192,1x32x192x192,-0.11970777064561844,0.10836450755596161,-0.05627566948533058,0.0571151003241539,,,silu,7,3,1.0,0.0,-0.23374392092227936,0.22240065038204193,,,,,,,dec1b,"{""bottom_beta"":0,""gap"":1,""stored_slots"":1179648,""stride"":1,""tile_count"":36,""top_beta"":0}","{""bottom_beta"":0,""gap"":1,""stored_slots"":1179648,""stride"":1,""tile_count"":36,""top_beta"":0}","{""bottom_beta"":0,""gap"":1,""stored_slots"":1179648,""stride"":1,""tile_count"":36,""top_beta"":0}","{""bottom_beta"":0,""core_slots"":1179648,""gap"":1,""stored_slots"":1179648,""stride"":1,""tile_count"":36,""top_beta"":0}",packed_compact,packed_compact,packed_compact,1,0,False,0,0,False,planner_estimate,881,28164480,4,10,8,139,32768,1292172,1292064,1291920,1291920,144,144,4,20221184,858,20222186,0.026895721326164874,1292922.0,"planner-only metadata compile; real traced DAG with 22 body LT layers plus explicit 1x1 output; SiLU7 fit uses StatsTracker ranges; edge_kind: carry=layout unchanged, fused=layout change hidden in operator, explicit=separate re-layout, bootstrap-drop=CT-saving drop halo before bootstrap; no dense HE transform generation or FHE forward",31,18,4,5,22,22,5,61440
192x192_IBSR_BRAIN_2D,IBSR BRAIN 2D,192x192,1,4,32,UNet22PlusOutput_real_trace_22_body_layers_plus_1x1_output,OrionTracer+StatsTracker+fit+NetworkDAG+layout_policy+BootstrapSolver,silu,7,3,Chebyshev.fit from StatsTracker; depth=3 plus 1 if fitted prescale!=1,dp,template,template_unweighted_diagonal_bsgs,template_unweighted_diagonal,32768,49,,23,output,Conv2d,True,True,u22_same_shape_conv_provider,,5,36,5,36,5,0,0,0,0,1,1,0,False,,,,,,0,0,0,0,576,576,576,0,0,0,0,0,0,256,0,256,64,64,512,0,576,0,64,0,2,512,0,32,4,count_only,halo_local,carry,carry,carry=1;fused=0;explicit=0;bootstrap-drop=0,dec1b_act->output:carry:layout_same_carry_compact:mode=halo_local,1,0,0,0,,0,0,0,0,none,,1,1,1x32x192x192,1x4x192x192,1x32x192x192,1x4x192x192,-0.05627566948533058,0.0571151003241539,-0.17434081435203552,0.10310232639312744,32,4,,,,,,,,1x1,1x1,0x0,,1x1,1,dec1b_act,"{""bottom_beta"":0,""gap"":1,""stored_slots"":1179648,""stride"":1,""tile_count"":36,""top_beta"":0}","{""bottom_beta"":0,""gap"":1,""stored_slots"":1179648,""stride"":1,""tile_count"":36,""top_beta"":0}","{""bottom_beta"":0,""gap"":1,""stored_slots"":1179648,""stride"":1,""tile_count"":36,""top_beta"":0}","{""bottom_beta"":0,""gap"":1,""stored_slots"":147456,""stride"":1,""tile_count"":5,""top_beta"":0}",,packed_compact,packed_compact,1,0,False,0,0,False,planner_estimate,881,28164480,4,10,8,139,32768,1292172,1292064,1291920,1291920,144,144,4,20221184,858,20222186,0.026895721326164874,1292922.0,"planner-only metadata compile; real traced DAG with 22 body LT layers plus explicit 1x1 output; SiLU7 fit uses StatsTracker ranges; edge_kind: carry=layout unchanged, fused=layout change hidden in operator, explicit=separate re-layout, bootstrap-drop=CT-saving drop halo before bootstrap; no dense HE transform generation or FHE forward",31,18,4,5,22,22,5,61440
224x224_HanCo_Hand,HanCo Hand Segmentation Dataset,224x224,3,1,32,UNet22PlusOutput_real_trace_22_body_layers_plus_1x1_output,OrionTracer+StatsTracker+fit+NetworkDAG+layout_policy+BootstrapSolver,silu,7,3,Chebyshev.fit from StatsTracker; depth=3 plus 1 if fitted prescale!=1,dp,template,template_unweighted_diagonal_bsgs,template_unweighted_diagonal,32768,1,1,1,enc1a,Conv2d,False,True,u22_same_shape_conv_provider,,50,5,49,5,50,1,1,1,1,8,1,7,False,,,,,,0,0,0,0,336,336,336,0,0,0,0,0,0,2496,0,384,6,48,288,0,336,0,12,0,6,3609,3273,3,32,template,native_halo_stripe,carry,carry,carry=1;fused=0;explicit=0;bootstrap-drop=0,x->enc1a:carry:layout_same_carry_halo:mode=native_halo_stripe,1,0,0,0,,0,1,0,0,source,source:producer_materialized_halo,1,1,1x3x224x224,1x32x224x224,1x3x224x224,1x32x224x224,-4.626502513885498,4.1073760986328125,-3.172959804534912,2.936343193054199,3,32,,,,,,,,3x3,1x1,1x1,,1x1,1,x,"{""bottom_beta"":1,""gap"":1,""stored_slots"":151872,""stride"":1,""tile_count"":5,""top_beta"":1}","{""bottom_beta"":1,""gap"":1,""stored_slots"":151872,""stride"":1,""tile_count"":5,""top_beta"":1}","{""bottom_beta"":1,""gap"":1,""stored_slots"":151872,""stride"":1,""tile_count"":5,""top_beta"":1}","{""bottom_beta"":1,""core_slots"":1605632,""gap"":1,""stored_slots"":1619968,""stride"":1,""tile_count"":50,""top_beta"":1}",logical_halo_compact,logical_halo_compact,native_source_stripe,1,0,False,0,0,True,planner_estimate,1189,38292800,4,10,8,192,32768,1292318,1292210,1292016,1292016,194,194,4,21140672,1158,21142024,0.023015607047108387,1293368.0,"planner-only metadata compile; real traced DAG with 22 body LT layers plus explicit 1x1 output; SiLU7 fit uses StatsTracker ranges; edge_kind: carry=layout unchanged, fused=layout change hidden in operator, explicit=separate re-layout, bootstrap-drop=CT-saving drop halo before bootstrap; no dense HE transform generation or FHE forward",31,18,4,1,22,22,1,14336
224x224_HanCo_Hand,HanCo Hand Segmentation Dataset,224x224,3,1,32,UNet22PlusOutput_real_trace_22_body_layers_plus_1x1_output,OrionTracer+StatsTracker+fit+NetworkDAG+layout_policy+BootstrapSolver,silu,7,3,Chebyshev.fit from StatsTracker; depth=3 plus 1 if fitted prescale!=1,dp,template,template_unweighted_diagonal_bsgs,template_unweighted_diagonal,32768,2,,,enc1a_act,SiLU,False,,chebyshev_polynomial_activation,not_a_provider_linear_kernel,50,49,49,50,50,1,1,1,1,7,4,3,False,,,,,,0,0,0,0,0,0,0,0,0,0,0,0,0,0,150,0,0,0,0,0,0,0,0,0,0,0,0,0,0,none_activation_polynomial,halo_local,carry,carry,carry=1;fused=0;explicit=0;bootstrap-drop=0,enc1a->enc1a_act:carry:layout_same_carry_halo:mode=halo_local,1,0,0,0,,0,1,0,0,none,,1,1,1x32x224x224,1x32x224x224,1x32x224x224,1x32x224x224,-3.172959804534912,2.936343193054199,-0.27846455574035645,2.7883925437927246,,,silu,7,4,0.16368479356722457,0.019365309627894237,-6.227611541748047,5.990994453430176,,,,,,,enc1a,"{""bottom_beta"":1,""gap"":1,""stored_slots"":1619968,""stride"":1,""tile_count"":50,""top_beta"":1}","{""bottom_beta"":0,""gap"":1,""stored_slots"":1605632,""stride"":1,""tile_count"":49,""top_beta"":0}","{""bottom_beta"":1,""gap"":1,""stored_slots"":1619968,""stride"":1,""tile_count"":50,""top_beta"":1}","{""bottom_beta"":1,""core_slots"":1605632,""gap"":1,""stored_slots"":1619968,""stride"":1,""tile_count"":50,""top_beta"":1}",logical_halo_compact,logical_halo_compact,logical_halo_compact,1,0,False,0,0,False,planner_estimate,1189,38292800,4,10,8,192,32768,1292318,1292210,1292016,1292016,194,194,4,21140672,1158,21142024,0.023015607047108387,1293368.0,"planner-only metadata compile; real traced DAG with 22 body LT layers plus explicit 1x1 output; SiLU7 fit uses StatsTracker ranges; edge_kind: carry=layout unchanged, fused=layout change hidden in operator, explicit=separate re-layout, bootstrap-drop=CT-saving drop halo before bootstrap; no dense HE transform generation or FHE forward",31,18,4,1,22,22,1,14336
224x224_HanCo_Hand,HanCo Hand Segmentation Dataset,224x224,3,1,32,UNet22PlusOutput_real_trace_22_body_layers_plus_1x1_output,OrionTracer+StatsTracker+fit+NetworkDAG+layout_policy+BootstrapSolver,silu,7,3,Chebyshev.fit from StatsTracker; depth=3 plus 1 if fitted prescale!=1,dp,template,template_unweighted_diagonal_bsgs,template_unweighted_diagonal,32768,3,2,2,enc1b,Conv2d,False,True,u22_same_shape_conv_provider,,49,49,49,50,49,1,1,0,0,3,1,2,True,child_level_exceeds_output_level,enc1b_act,enc1b_act,10,1x32x224x224,1605632,49,32768,49,3584,3584,3584,0,0,0,0,0,0,26624,0,4096,64,512,3072,0,3584,0,128,0,6,38496,34912,32,32,template,compact_halo_shared,fused,fused,carry=0;fused=1;explicit=0;bootstrap-drop=0,enc1a_act->enc1b:fused:layout_changed_hidden_in_Conv2d:mode=compact_halo_shared,0,1,0,0,,1,0,0,0,target,target:consumer_fused_relayout,1,1,1x32x224x224,1x32x224x224,1x32x224x224,1x32x224x224,-0.27846455574035645,2.7883925437927246,-0.9423152208328247,1.0831818580627441,32,32,,,,,,,,3x3,1x1,1x1,,1x1,1,enc1a_act,"{""bottom_beta"":1,""gap"":1,""stored_slots"":1619968,""stride"":1,""tile_count"":50,""top_beta"":1}","{""bottom_beta"":1,""gap"":1,""stored_slots"":1619968,""stride"":1,""tile_count"":50,""top_beta"":1}","{""bottom_beta"":1,""gap"":1,""stored_slots"":1619968,""stride"":1,""tile_count"":50,""top_beta"":1}","{""bottom_beta"":0,""core_slots"":1605632,""gap"":1,""stored_slots"":1605632,""stride"":1,""tile_count"":49,""top_beta"":0}",packed_compact,logical_halo_compact,logical_halo_compact,1,0,False,1,0,False,planner_estimate,1189,38292800,4,10,8,192,32768,1292318,1292210,1292016,1292016,194,194,4,21140672,1158,21142024,0.023015607047108387,1293368.0,"planner-only metadata compile; real traced DAG with 22 body LT layers plus explicit 1x1 output; SiLU7 fit uses StatsTracker ranges; edge_kind: carry=layout unchanged, fused=layout change hidden in operator, explicit=separate re-layout, bootstrap-drop=CT-saving drop halo before bootstrap; no dense HE transform generation or FHE forward",31,18,4,1,22,22,1,14336
224x224_HanCo_Hand,HanCo Hand Segmentation Dataset,224x224,3,1,32,UNet22PlusOutput_real_trace_22_body_layers_plus_1x1_output,OrionTracer+StatsTracker+fit+NetworkDAG+layout_policy+BootstrapSolver,silu,7,3,Chebyshev.fit from StatsTracker; depth=3 plus 1 if fitted prescale!=1,dp,template,template_unweighted_diagonal_bsgs,template_unweighted_diagonal,32768,4,,,enc1b_act,SiLU,False,,chebyshev_polynomial_activation,not_a_provider_linear_kernel,49,49,49,49,49,0,0,0,0,10,4,6,False,,,,,,0,0,0,0,0,0,0,0,0,0,0,0,0,0,147,0,0,0,0,0,0,0,0,0,0,0,0,0,0,none_activation_polynomial,halo_local,carry,carry,carry=1;fused=0;explicit=0;bootstrap-drop=0,enc1b->enc1b_act:carry:layout_same_carry_compact:mode=halo_local,1,0,0,0,,0,0,0,0,none,,1,1,1x32x224x224,1x32x224x224,1x32x224x224,1x32x224x224,-0.9423152208328247,1.0831818580627441,-0.26425620913505554,0.809240460395813,,,silu,7,4,0.4937059990230179,-0.03477338135847591,-1.9550635814666748,2.095930337905884,,,,,,,enc1b,"{""bottom_beta"":0,""gap"":1,""stored_slots"":1605632,""stride"":1,""tile_count"":49,""top_beta"":0}","{""bottom_beta"":0,""gap"":1,""stored_slots"":1605632,""stride"":1,""tile_count"":49,""top_beta"":0}","{""bottom_beta"":0,""gap"":1,""stored_slots"":1605632,""stride"":1,""tile_count"":49,""top_beta"":0}","{""bottom_beta"":0,""core_slots"":1605632,""gap"":1,""stored_slots"":1605632,""stride"":1,""tile_count"":49,""top_beta"":0}",packed_compact,packed_compact,packed_compact,1,0,False,0,0,False,planner_estimate,1189,38292800,4,10,8,192,32768,1292318,1292210,1292016,1292016,194,194,4,21140672,1158,21142024,0.023015607047108387,1293368.0,"planner-only metadata compile; real traced DAG with 22 body LT layers plus explicit 1x1 output; SiLU7 fit uses StatsTracker ranges; edge_kind: carry=layout unchanged, fused=layout change hidden in operator, explicit=separate re-layout, bootstrap-drop=CT-saving drop halo before bootstrap; no dense HE transform generation or FHE forward",31,18,4,1,22,22,1,14336
224x224_HanCo_Hand,HanCo Hand Segmentation Dataset,224x224,3,1,32,UNet22PlusOutput_real_trace_22_body_layers_plus_1x1_output,OrionTracer+StatsTracker+fit+NetworkDAG+layout_policy+BootstrapSolver,silu,7,3,Chebyshev.fit from StatsTracker; depth=3 plus 1 if fitted prescale!=1,dp,template,template_unweighted_diagonal_bsgs,template_unweighted_diagonal,32768,5,,,pool1,AvgPool2d,False,True,u22_pool_provider,,13,49,13,49,13,0,0,1,1,6,1,5,False,,,,,,0,0,0,0,160,160,160,0,0,0,0,0,0,320,0,96,64,128,32,0,160,0,96,0,2,224,64,32,1,template,halo_local,fused,fused,carry=0;fused=1;explicit=0;bootstrap-drop=0,enc1b_act->pool1:fused:layout_changed_by_AvgPool2d:mode=halo_local,0,1,0,0,,1,0,0,0,source,source:producer_materialized_halo,1,2,1x32x224x224,1x32x112x112,1x32x224x224,1x8x224x224,-0.26425620913505554,0.809240460395813,-0.2052665799856186,0.3722532391548157,32,32,,,,,,,,2x2,2x2,0x0,,1x1,32,enc1b_act,"{""bottom_beta"":0,""gap"":1,""stored_slots"":1605632,""stride"":1,""tile_count"":49,""top_beta"":0}","{""bottom_beta"":0,""gap"":1,""stored_slots"":1605632,""stride"":2,""tile_count"":49,""top_beta"":0}","{""bottom_beta"":0,""gap"":1,""stored_slots"":1605632,""stride"":2,""tile_count"":49,""top_beta"":0}","{""bottom_beta"":1,""core_slots"":401408,""gap"":2,""stored_slots"":408576,""stride"":1,""tile_count"":13,""top_beta"":1}",logical_halo_compact,packed_compact,packed_compact,1,0,False,0,0,True,planner_estimate,1189,38292800,4,10,8,192,32768,1292318,1292210,1292016,1292016,194,194,4,21140672,1158,21142024,0.023015607047108387,1293368.0,"planner-only metadata compile; real traced DAG with 22 body LT layers plus explicit 1x1 output; SiLU7 fit uses StatsTracker ranges; edge_kind: carry=layout unchanged, fused=layout change hidden in operator, explicit=separate re-layout, bootstrap-drop=CT-saving drop halo before bootstrap; no dense HE transform generation or FHE forward",31,18,4,1,22,22,1,14336
224x224_HanCo_Hand,HanCo Hand Segmentation Dataset,224x224,3,1,32,UNet22PlusOutput_real_trace_22_body_layers_plus_1x1_output,OrionTracer+StatsTracker+fit+NetworkDAG+layout_policy+BootstrapSolver,silu,7,3,Chebyshev.fit from StatsTracker; depth=3 plus 1 if fitted prescale!=1,dp,template,template_unweighted_diagonal_bsgs,template_unweighted_diagonal,32768,6,3,3,enc2a,Conv2d,False,True,u22_same_shape_conv_provider,,25,13,25,13,25,1,1,1,1,5,1,4,False,,,,,,0,0,0,0,6656,6656,6656,0,0,0,0,0,0,53248,0,8192,64,512,6144,0,6656,0,128,0,6,77408,70752,32,64,template,compact_halo_shared,fused,fused,carry=0;fused=1;explicit=0;bootstrap-drop=0,pool1->enc2a:fused:layout_changed_hidden_in_Conv2d:mode=compact_halo_shared,0,1,0,0,,1,0,0,0,source+target,target:consumer_fused_relayout;source:producer_materialized_halo,2,2,1x32x112x112,1x64x112x112,1x8x224x224,1x16x224x224,-0.2052665799856186,0.3722532391548157,-0.1696891486644745,0.19393953680992126,32,64,,,,,,,,3x3,1x1,1x1,,1x1,1,pool1,"{""bottom_beta"":1,""gap"":2,""stored_slots"":408576,""stride"":1,""tile_count"":13,""top_beta"":1}","{""bottom_beta"":1,""gap"":2,""stored_slots"":408576,""stride"":1,""tile_count"":13,""top_beta"":1}","{""bottom_beta"":1,""gap"":2,""stored_slots"":408576,""stride"":1,""tile_count"":13,""top_beta"":1}","{""bottom_beta"":1,""core_slots"":802816,""gap"":2,""stored_slots"":817152,""stride"":1,""tile_count"":25,""top_beta"":1}",logical_halo_compact,logical_halo_compact,logical_halo_compact,1,0,False,1,0,True,planner_estimate,1189,38292800,4,10,8,192,32768,1292318,1292210,1292016,1292016,194,194,4,21140672,1158,21142024,0.023015607047108387,1293368.0,"planner-only metadata compile; real traced DAG with 22 body LT layers plus explicit 1x1 output; SiLU7 fit uses StatsTracker ranges; edge_kind: carry=layout unchanged, fused=layout change hidden in operator, explicit=separate re-layout, bootstrap-drop=CT-saving drop halo before bootstrap; no dense HE transform generation or FHE forward",31,18,4,1,22,22,1,14336
224x224_HanCo_Hand,HanCo Hand Segmentation Dataset,224x224,3,1,32,UNet22PlusOutput_real_trace_22_body_layers_plus_1x1_output,OrionTracer+StatsTracker+fit+NetworkDAG+layout_policy+BootstrapSolver,silu,7,3,Chebyshev.fit from StatsTracker; depth=3 plus 1 if fitted prescale!=1,dp,template,template_unweighted_diagonal_bsgs,template_unweighted_diagonal,32768,7,,,enc2a_act,SiLU,False,,chebyshev_polynomial_activation,not_a_provider_linear_kernel,25,25,25,25,25,1,1,1,1,4,3,1,True,child_level_exceeds_output_level,enc2b,enc2b,10,1x16x224x224,802816,25,32768,25,0,0,0,0,0,0,0,0,0,0,75,0,0,0,0,0,0,0,0,0,0,0,0,0,0,none_activation_polynomial,halo_local,carry,carry,carry=1;fused=0;explicit=0;bootstrap-drop=0,enc2a->enc2a_act:carry:layout_same_carry_halo:mode=halo_local,1,0,0,0,,0,1,0,0,none,,2,2,1x64x112x112,1x64x112x112,1x16x224x224,1x16x224x224,-0.1696891486644745,0.19393953680992126,-0.07766319066286087,0.10634354501962662,,,silu,7,3,1.0,0.0,-0.35150349140167236,0.37575387954711914,,,,,,,enc2a,"{""bottom_beta"":1,""gap"":2,""stored_slots"":817152,""stride"":1,""tile_count"":25,""top_beta"":1}","{""bottom_beta"":0,""gap"":2,""stored_slots"":802816,""stride"":1,""tile_count"":25,""top_beta"":0}","{""bottom_beta"":1,""gap"":2,""stored_slots"":817152,""stride"":1,""tile_count"":25,""top_beta"":1}","{""bottom_beta"":1,""core_slots"":802816,""gap"":2,""stored_slots"":817152,""stride"":1,""tile_count"":25,""top_beta"":1}",logical_halo_compact,logical_halo_compact,logical_halo_compact,1,0,False,0,0,False,planner_estimate,1189,38292800,4,10,8,192,32768,1292318,1292210,1292016,1292016,194,194,4,21140672,1158,21142024,0.023015607047108387,1293368.0,"planner-only metadata compile; real traced DAG with 22 body LT layers plus explicit 1x1 output; SiLU7 fit uses StatsTracker ranges; edge_kind: carry=layout unchanged, fused=layout change hidden in operator, explicit=separate re-layout, bootstrap-drop=CT-saving drop halo before bootstrap; no dense HE transform generation or FHE forward",31,18,4,1,22,22,1,14336
224x224_HanCo_Hand,HanCo Hand Segmentation Dataset,224x224,3,1,32,UNet22PlusOutput_real_trace_22_body_layers_plus_1x1_output,OrionTracer+StatsTracker+fit+NetworkDAG+layout_policy+BootstrapSolver,silu,7,3,Chebyshev.fit from StatsTracker; depth=3 plus 1 if fitted prescale!=1,dp,template,template_unweighted_diagonal_bsgs,template_unweighted_diagonal,32768,8,4,4,enc2b,Conv2d,False,True,u22_same_shape_conv_provider,,25,25,25,25,25,1,1,0,0,10,1,9,False,,,,,,0,0,0,0,13312,13312,13312,0,0,0,0,0,0,106496,0,16384,128,1024,12288,0,13312,0,256,0,6,154816,141504,64,64,template,compact_halo_shared,fused,fused,carry=0;fused=1;explicit=0;bootstrap-drop=0,enc2a_act->enc2b:fused:layout_changed_hidden_in_Conv2d:mode=compact_halo_shared,0,1,0,0,,1,0,0,0,target,target:consumer_fused_relayout,2,2,1x64x112x112,1x64x112x112,1x16x224x224,1x16x224x224,-0.07766319066286087,0.10634354501962662,-0.0821632593870163,0.07948824763298035,64,64,,,,,,,,3x3,1x1,1x1,,1x1,1,enc2a_act,"{""bottom_beta"":1,""gap"":2,""stored_slots"":817152,""stride"":1,""tile_count"":25,""top_beta"":1}","{""bottom_beta"":1,""gap"":2,""stored_slots"":817152,""stride"":1,""tile_count"":25,""top_beta"":1}","{""bottom_beta"":1,""gap"":2,""stored_slots"":817152,""stride"":1,""tile_count"":25,""top_beta"":1}","{""bottom_beta"":0,""core_slots"":802816,""gap"":2,""stored_slots"":802816,""stride"":2,""tile_count"":25,""top_beta"":0}",packed_compact,logical_halo_compact,logical_halo_compact,1,0,False,1,0,False,planner_estimate,1189,38292800,4,10,8,192,32768,1292318,1292210,1292016,1292016,194,194,4,21140672,1158,21142024,0.023015607047108387,1293368.0,"planner-only metadata compile; real traced DAG with 22 body LT layers plus explicit 1x1 output; SiLU7 fit uses StatsTracker ranges; edge_kind: carry=layout unchanged, fused=layout change hidden in operator, explicit=separate re-layout, bootstrap-drop=CT-saving drop halo before bootstrap; no dense HE transform generation or FHE forward",31,18,4,1,22,22,1,14336
224x224_HanCo_Hand,HanCo Hand Segmentation Dataset,224x224,3,1,32,UNet22PlusOutput_real_trace_22_body_layers_plus_1x1_output,OrionTracer+StatsTracker+fit+NetworkDAG+layout_policy+BootstrapSolver,silu,7,3,Chebyshev.fit from StatsTracker; depth=3 plus 1 if fitted prescale!=1,dp,template,template_unweighted_diagonal_bsgs,template_unweighted_diagonal,32768,9,,,enc2b_act,SiLU,False,,chebyshev_polynomial_activation,not_a_provider_linear_kernel,25,25,25,25,25,0,0,0,0,9,3,6,False,,,,,,0,0,0,0,0,0,0,0,0,0,0,0,0,0,75,0,0,0,0,0,0,0,0,0,0,0,0,0,0,none_activation_polynomial,halo_local,carry,carry,carry=1;fused=0;explicit=0;bootstrap-drop=0,enc2b->enc2b_act:carry:layout_same_carry_compact:mode=halo_local,1,0,0,0,,0,0,0,0,none,,2,2,1x64x112x112,1x64x112x112,1x16x224x224,1x16x224x224,-0.0821632593870163,0.07948824763298035,-0.03939487785100937,0.04132288694381714,,,silu,7,3,1.0,0.0,-0.16298902034759521,0.16031399369239807,,,,,,,enc2b,"{""bottom_beta"":0,""gap"":2,""stored_slots"":802816,""stride"":2,""tile_count"":25,""top_beta"":0}","{""bottom_beta"":0,""gap"":2,""stored_slots"":802816,""stride"":1,""tile_count"":25,""top_beta"":0}","{""bottom_beta"":0,""gap"":2,""stored_slots"":802816,""stride"":2,""tile_count"":25,""top_beta"":0}","{""bottom_beta"":0,""core_slots"":802816,""gap"":2,""stored_slots"":802816,""stride"":2,""tile_count"":25,""top_beta"":0}",packed_compact,packed_compact,packed_compact,1,0,False,0,0,False,planner_estimate,1189,38292800,4,10,8,192,32768,1292318,1292210,1292016,1292016,194,194,4,21140672,1158,21142024,0.023015607047108387,1293368.0,"planner-only metadata compile; real traced DAG with 22 body LT layers plus explicit 1x1 output; SiLU7 fit uses StatsTracker ranges; edge_kind: carry=layout unchanged, fused=layout change hidden in operator, explicit=separate re-layout, bootstrap-drop=CT-saving drop halo before bootstrap; no dense HE transform generation or FHE forward",31,18,4,1,22,22,1,14336
224x224_HanCo_Hand,HanCo Hand Segmentation Dataset,224x224,3,1,32,UNet22PlusOutput_real_trace_22_body_layers_plus_1x1_output,OrionTracer+StatsTracker+fit+NetworkDAG+layout_policy+BootstrapSolver,silu,7,3,Chebyshev.fit from StatsTracker; depth=3 plus 1 if fitted prescale!=1,dp,template,template_unweighted_diagonal_bsgs,template_unweighted_diagonal,32768,10,,,pool2,AvgPool2d,False,True,u22_pool_provider,,7,25,7,25,7,0,0,1,1,6,1,5,False,,,,,,0,0,0,0,320,320,320,0,0,0,0,0,0,640,0,192,128,256,64,0,320,0,192,0,2,448,128,64,1,template,halo_local,carry,carry,carry=1;fused=0;explicit=0;bootstrap-drop=0,enc2b_act->pool2:carry:layout_same_carry_compact:mode=halo_local,1,0,0,0,,0,0,0,0,source,source:producer_materialized_halo,2,4,1x64x112x112,1x64x56x56,1x16x224x224,1x4x224x224,-0.03939487785100937,0.04132288694381714,-0.030593786388635635,0.03374006226658821,64,64,,,,,,,,2x2,2x2,0x0,,1x1,64,enc2b_act,"{""bottom_beta"":0,""gap"":2,""stored_slots"":802816,""stride"":2,""tile_count"":25,""top_beta"":0}","{""bottom_beta"":0,""gap"":2,""stored_slots"":802816,""stride"":2,""tile_count"":25,""top_beta"":0}","{""bottom_beta"":0,""gap"":2,""stored_slots"":802816,""stride"":2,""tile_count"":25,""top_beta"":0}","{""bottom_beta"":1,""core_slots"":200704,""gap"":4,""stored_slots"":207872,""stride"":1,""tile_count"":7,""top_beta"":1}",logical_halo_compact,packed_compact,packed_compact,1,0,False,0,0,True,planner_estimate,1189,38292800,4,10,8,192,32768,1292318,1292210,1292016,1292016,194,194,4,21140672,1158,21142024,0.023015607047108387,1293368.0,"planner-only metadata compile; real traced DAG with 22 body LT layers plus explicit 1x1 output; SiLU7 fit uses StatsTracker ranges; edge_kind: carry=layout unchanged, fused=layout change hidden in operator, explicit=separate re-layout, bootstrap-drop=CT-saving drop halo before bootstrap; no dense HE transform generation or FHE forward",31,18,4,1,22,22,1,14336
224x224_HanCo_Hand,HanCo Hand Segmentation Dataset,224x224,3,1,32,UNet22PlusOutput_real_trace_22_body_layers_plus_1x1_output,OrionTracer+StatsTracker+fit+NetworkDAG+layout_policy+BootstrapSolver,silu,7,3,Chebyshev.fit from StatsTracker; depth=3 plus 1 if fitted prescale!=1,dp,template,template_unweighted_diagonal_bsgs,template_unweighted_diagonal,32768,11,5,5,enc3a,Conv2d,False,True,u22_same_shape_conv_provider,,13,7,13,7,13,1,1,1,1,5,1,4,False,,,,,,0,0,0,0,17408,17408,17408,0,0,0,0,0,0,196608,0,24576,128,1024,16384,0,17408,0,192,0,6,261312,243904,64,128,template,compact_halo_shared,fused,fused,carry=0;fused=1;explicit=0;bootstrap-drop=0,pool2->enc3a:fused:layout_changed_hidden_in_Conv2d:mode=compact_halo_shared,0,1,0,0,,1,0,0,0,source+target,target:consumer_fused_relayout;source:producer_materialized_halo,4,4,1x64x56x56,1x128x56x56,1x4x224x224,1x8x224x224,-0.030593786388635635,0.03374006226658821,-0.0508061945438385,0.057953666895627975,64,128,,,,,,,,3x3,1x1,1x1,,1x1,1,pool2,"{""bottom_beta"":1,""gap"":4,""stored_slots"":207872,""stride"":1,""tile_count"":7,""top_beta"":1}","{""bottom_beta"":1,""gap"":4,""stored_slots"":207872,""stride"":1,""tile_count"":7,""top_beta"":1}","{""bottom_beta"":1,""gap"":4,""stored_slots"":207872,""stride"":1,""tile_count"":7,""top_beta"":1}","{""bottom_beta"":1,""core_slots"":401408,""gap"":4,""stored_slots"":415744,""stride"":1,""tile_count"":13,""top_beta"":1}",logical_halo_compact,logical_halo_compact,logical_halo_compact,1,0,False,1,0,True,planner_estimate,1189,38292800,4,10,8,192,32768,1292318,1292210,1292016,1292016,194,194,4,21140672,1158,21142024,0.023015607047108387,1293368.0,"planner-only metadata compile; real traced DAG with 22 body LT layers plus explicit 1x1 output; SiLU7 fit uses StatsTracker ranges; edge_kind: carry=layout unchanged, fused=layout change hidden in operator, explicit=separate re-layout, bootstrap-drop=CT-saving drop halo before bootstrap; no dense HE transform generation or FHE forward",31,18,4,1,22,22,1,14336
224x224_HanCo_Hand,HanCo Hand Segmentation Dataset,224x224,3,1,32,UNet22PlusOutput_real_trace_22_body_layers_plus_1x1_output,OrionTracer+StatsTracker+fit+NetworkDAG+layout_policy+BootstrapSolver,silu,7,3,Chebyshev.fit from StatsTracker; depth=3 plus 1 if fitted prescale!=1,dp,template,template_unweighted_diagonal_bsgs,template_unweighted_diagonal,32768,12,,,enc3a_act,SiLU,False,,chebyshev_polynomial_activation,not_a_provider_linear_kernel,13,13,13,13,13,1,1,1,1,4,3,1,True,child_level_exceeds_output_level,enc3b,enc3b,10,1x8x224x224,401408,13,32768,13,0,0,0,0,0,0,0,0,0,0,39,0,0,0,0,0,0,0,0,0,0,0,0,0,0,none_activation_polynomial,halo_local,carry,carry,carry=1;fused=0;explicit=0;bootstrap-drop=0,enc3a->enc3a_act:carry:layout_same_carry_halo:mode=halo_local,1,0,0,0,,0,1,0,0,none,,4,4,1x128x56x56,1x128x56x56,1x8x224x224,1x8x224x224,-0.0508061945438385,0.057953666895627975,-0.02475791797041893,0.02981625497341156,,,silu,7,3,1.0,0.0,-0.10518612712621689,0.11233360320329666,,,,,,,enc3a,"{""bottom_beta"":1,""gap"":4,""stored_slots"":415744,""stride"":1,""tile_count"":13,""top_beta"":1}","{""bottom_beta"":0,""gap"":4,""stored_slots"":401408,""stride"":1,""tile_count"":13,""top_beta"":0}","{""bottom_beta"":1,""gap"":4,""stored_slots"":415744,""stride"":1,""tile_count"":13,""top_beta"":1}","{""bottom_beta"":1,""core_slots"":401408,""gap"":4,""stored_slots"":415744,""stride"":1,""tile_count"":13,""top_beta"":1}",logical_halo_compact,logical_halo_compact,logical_halo_compact,1,0,False,0,0,False,planner_estimate,1189,38292800,4,10,8,192,32768,1292318,1292210,1292016,1292016,194,194,4,21140672,1158,21142024,0.023015607047108387,1293368.0,"planner-only metadata compile; real traced DAG with 22 body LT layers plus explicit 1x1 output; SiLU7 fit uses StatsTracker ranges; edge_kind: carry=layout unchanged, fused=layout change hidden in operator, explicit=separate re-layout, bootstrap-drop=CT-saving drop halo before bootstrap; no dense HE transform generation or FHE forward",31,18,4,1,22,22,1,14336
224x224_HanCo_Hand,HanCo Hand Segmentation Dataset,224x224,3,1,32,UNet22PlusOutput_real_trace_22_body_layers_plus_1x1_output,OrionTracer+StatsTracker+fit+NetworkDAG+layout_policy+BootstrapSolver,silu,7,3,Chebyshev.fit from StatsTracker; depth=3 plus 1 if fitted prescale!=1,dp,template,template_unweighted_diagonal_bsgs,template_unweighted_diagonal,32768,13,6,6,enc3b,Conv2d,False,True,u22_same_shape_conv_provider,,13,13,13,13,13,1,1,0,0,10,1,9,False,,,,,,0,0,0,0,34816,34816,34816,0,0,0,0,0,0,393216,0,49152,256,2048,32768,0,34816,0,384,0,6,522624,487808,128,128,template,compact_halo_shared,fused,fused,carry=0;fused=1;explicit=0;bootstrap-drop=0,enc3a_act->enc3b:fused:layout_changed_hidden_in_Conv2d:mode=compact_halo_shared,0,1,0,0,,1,0,0,0,target,target:consumer_fused_relayout,4,4,1x128x56x56,1x128x56x56,1x8x224x224,1x8x224x224,-0.02475791797041893,0.02981625497341156,-0.04533504322171211,0.04178186133503914,128,128,,,,,,,,3x3,1x1,1x1,,1x1,1,enc3a_act,"{""bottom_beta"":1,""gap"":4,""stored_slots"":415744,""stride"":1,""tile_count"":13,""top_beta"":1}","{""bottom_beta"":1,""gap"":4,""stored_slots"":415744,""stride"":1,""tile_count"":13,""top_beta"":1}","{""bottom_beta"":1,""gap"":4,""stored_slots"":415744,""stride"":1,""tile_count"":13,""top_beta"":1}","{""bottom_beta"":0,""core_slots"":401408,""gap"":4,""stored_slots"":401408,""stride"":2,""tile_count"":13,""top_beta"":0}",packed_compact,logical_halo_compact,logical_halo_compact,1,0,False,1,0,False,planner_estimate,1189,38292800,4,10,8,192,32768,1292318,1292210,1292016,1292016,194,194,4,21140672,1158,21142024,0.023015607047108387,1293368.0,"planner-only metadata compile; real traced DAG with 22 body LT layers plus explicit 1x1 output; SiLU7 fit uses StatsTracker ranges; edge_kind: carry=layout unchanged, fused=layout change hidden in operator, explicit=separate re-layout, bootstrap-drop=CT-saving drop halo before bootstrap; no dense HE transform generation or FHE forward",31,18,4,1,22,22,1,14336
224x224_HanCo_Hand,HanCo Hand Segmentation Dataset,224x224,3,1,32,UNet22PlusOutput_real_trace_22_body_layers_plus_1x1_output,OrionTracer+StatsTracker+fit+NetworkDAG+layout_policy+BootstrapSolver,silu,7,3,Chebyshev.fit from StatsTracker; depth=3 plus 1 if fitted prescale!=1,dp,template,template_unweighted_diagonal_bsgs,template_unweighted_diagonal,32768,14,,,enc3b_act,SiLU,False,,chebyshev_polynomial_activation,not_a_provider_linear_kernel,13,13,13,13,13,0,0,0,0,9,3,6,False,,,,,,0,0,0,0,0,0,0,0,0,0,0,0,0,0,39,0,0,0,0,0,0,0,0,0,0,0,0,0,0,none_activation_polynomial,halo_local,carry,carry,carry=1;fused=0;explicit=0;bootstrap-drop=0,enc3b->enc3b_act:carry:layout_same_carry_compact:mode=halo_local,1,0,0,0,,0,0,0,0,none,,4,4,1x128x56x56,1x128x56x56,1x8x224x224,1x8x224x224,-0.04533504322171211,0.04178186133503914,-0.022153792902827263,0.021327298134565353,,,silu,7,3,1.0,0.0,-0.08889349550008774,0.08534031361341476,,,,,,,enc3b,"{""bottom_beta"":0,""gap"":4,""stored_slots"":401408,""stride"":2,""tile_count"":13,""top_beta"":0}","{""bottom_beta"":0,""gap"":4,""stored_slots"":401408,""stride"":1,""tile_count"":13,""top_beta"":0}","{""bottom_beta"":0,""gap"":4,""stored_slots"":401408,""stride"":2,""tile_count"":13,""top_beta"":0}","{""bottom_beta"":0,""core_slots"":401408,""gap"":4,""stored_slots"":401408,""stride"":2,""tile_count"":13,""top_beta"":0}",packed_compact,packed_compact,packed_compact,1,0,False,0,0,False,planner_estimate,1189,38292800,4,10,8,192,32768,1292318,1292210,1292016,1292016,194,194,4,21140672,1158,21142024,0.023015607047108387,1293368.0,"planner-only metadata compile; real traced DAG with 22 body LT layers plus explicit 1x1 output; SiLU7 fit uses StatsTracker ranges; edge_kind: carry=layout unchanged, fused=layout change hidden in operator, explicit=separate re-layout, bootstrap-drop=CT-saving drop halo before bootstrap; no dense HE transform generation or FHE forward",31,18,4,1,22,22,1,14336
224x224_HanCo_Hand,HanCo Hand Segmentation Dataset,224x224,3,1,32,UNet22PlusOutput_real_trace_22_body_layers_plus_1x1_output,OrionTracer+StatsTracker+fit+NetworkDAG+layout_policy+BootstrapSolver,silu,7,3,Chebyshev.fit from StatsTracker; depth=3 plus 1 if fitted prescale!=1,dp,template,template_unweighted_diagonal_bsgs,template_unweighted_diagonal,32768,15,,,pool3,AvgPool2d,False,True,u22_pool_provider,,4,13,4,13,4,0,0,1,1,6,1,5,False,,,,,,0,0,0,0,640,640,640,0,0,0,0,0,0,1280,0,384,256,512,128,0,640,0,384,0,2,896,256,128,1,template,halo_local,carry,carry,carry=1;fused=0;explicit=0;bootstrap-drop=0,enc3b_act->pool3:carry:layout_same_carry_compact:mode=halo_local,1,0,0,0,,0,0,0,0,source,source:producer_materialized_halo,4,8,1x128x56x56,1x128x28x28,1x8x224x224,1x2x224x224,-0.022153792902827263,0.021327298134565353,-0.02137136459350586,0.02060263603925705,128,128,,,,,,,,2x2,2x2,0x0,,1x1,128,enc3b_act,"{""bottom_beta"":0,""gap"":4,""stored_slots"":401408,""stride"":2,""tile_count"":13,""top_beta"":0}","{""bottom_beta"":0,""gap"":4,""stored_slots"":401408,""stride"":2,""tile_count"":13,""top_beta"":0}","{""bottom_beta"":0,""gap"":4,""stored_slots"":401408,""stride"":2,""tile_count"":13,""top_beta"":0}","{""bottom_beta"":1,""core_slots"":100352,""gap"":8,""stored_slots"":107520,""stride"":1,""tile_count"":4,""top_beta"":1}",logical_halo_compact,packed_compact,packed_compact,1,0,False,0,0,True,planner_estimate,1189,38292800,4,10,8,192,32768,1292318,1292210,1292016,1292016,194,194,4,21140672,1158,21142024,0.023015607047108387,1293368.0,"planner-only metadata compile; real traced DAG with 22 body LT layers plus explicit 1x1 output; SiLU7 fit uses StatsTracker ranges; edge_kind: carry=layout unchanged, fused=layout change hidden in operator, explicit=separate re-layout, bootstrap-drop=CT-saving drop halo before bootstrap; no dense HE transform generation or FHE forward",31,18,4,1,22,22,1,14336
224x224_HanCo_Hand,HanCo Hand Segmentation Dataset,224x224,3,1,32,UNet22PlusOutput_real_trace_22_body_layers_plus_1x1_output,OrionTracer+StatsTracker+fit+NetworkDAG+layout_policy+BootstrapSolver,silu,7,3,Chebyshev.fit from StatsTracker; depth=3 plus 1 if fitted prescale!=1,dp,template,template_unweighted_diagonal_bsgs,template_unweighted_diagonal,32768,16,7,7,enc4a,Conv2d,False,True,u22_same_shape_conv_provider,,7,4,7,4,7,1,1,1,1,5,1,4,False,,,,,,0,0,0,0,67584,67584,67584,0,0,0,0,0,0,786432,0,98304,256,2048,65536,0,67584,0,384,0,6,1046912,979328,128,256,template,compact_halo_shared,fused,fused,carry=0;fused=1;explicit=0;bootstrap-drop=0,pool3->enc4a:fused:layout_changed_hidden_in_Conv2d:mode=compact_halo_shared,0,1,0,0,,1,0,0,0,source+target,target:consumer_fused_relayout;source:producer_materialized_halo,8,8,1x128x28x28,1x256x28x28,1x2x224x224,1x4x224x224,-0.02137136459350586,0.02060263603925705,-0.03684093430638313,0.03911686688661575,128,256,,,,,,,,3x3,1x1,1x1,,1x1,1,pool3,"{""bottom_beta"":1,""gap"":8,""stored_slots"":107520,""stride"":1,""tile_count"":4,""top_beta"":1}","{""bottom_beta"":1,""gap"":8,""stored_slots"":107520,""stride"":1,""tile_count"":4,""top_beta"":1}","{""bottom_beta"":1,""gap"":8,""stored_slots"":107520,""stride"":1,""tile_count"":4,""top_beta"":1}","{""bottom_beta"":1,""core_slots"":200704,""gap"":8,""stored_slots"":215040,""stride"":1,""tile_count"":7,""top_beta"":1}",logical_halo_compact,logical_halo_compact,logical_halo_compact,1,0,False,1,0,True,planner_estimate,1189,38292800,4,10,8,192,32768,1292318,1292210,1292016,1292016,194,194,4,21140672,1158,21142024,0.023015607047108387,1293368.0,"planner-only metadata compile; real traced DAG with 22 body LT layers plus explicit 1x1 output; SiLU7 fit uses StatsTracker ranges; edge_kind: carry=layout unchanged, fused=layout change hidden in operator, explicit=separate re-layout, bootstrap-drop=CT-saving drop halo before bootstrap; no dense HE transform generation or FHE forward",31,18,4,1,22,22,1,14336
224x224_HanCo_Hand,HanCo Hand Segmentation Dataset,224x224,3,1,32,UNet22PlusOutput_real_trace_22_body_layers_plus_1x1_output,OrionTracer+StatsTracker+fit+NetworkDAG+layout_policy+BootstrapSolver,silu,7,3,Chebyshev.fit from StatsTracker; depth=3 plus 1 if fitted prescale!=1,dp,template,template_unweighted_diagonal_bsgs,template_unweighted_diagonal,32768,17,,,enc4a_act,SiLU,False,,chebyshev_polynomial_activation,not_a_provider_linear_kernel,7,7,7,7,7,1,1,1,1,4,3,1,True,child_level_exceeds_output_level,enc4b,enc4b,10,1x4x224x224,200704,7,32768,7,0,0,0,0,0,0,0,0,0,0,21,0,0,0,0,0,0,0,0,0,0,0,0,0,0,none_activation_polynomial,halo_local,carry,carry,carry=1;fused=0;explicit=0;bootstrap-drop=0,enc4a->enc4a_act:carry:layout_same_carry_halo:mode=halo_local,1,0,0,0,,0,1,0,0,none,,8,8,1x256x28x28,1x256x28x28,1x4x224x224,1x4x224x224,-0.03684093430638313,0.03911686688661575,-0.018081191927194595,0.019940916448831558,,,silu,7,3,1.0,0.0,-0.07481984049081802,0.07709576934576035,,,,,,,enc4a,"{""bottom_beta"":1,""gap"":8,""stored_slots"":215040,""stride"":1,""tile_count"":7,""top_beta"":1}","{""bottom_beta"":0,""gap"":8,""stored_slots"":200704,""stride"":1,""tile_count"":7,""top_beta"":0}","{""bottom_beta"":1,""gap"":8,""stored_slots"":215040,""stride"":1,""tile_count"":7,""top_beta"":1}","{""bottom_beta"":1,""core_slots"":200704,""gap"":8,""stored_slots"":215040,""stride"":1,""tile_count"":7,""top_beta"":1}",logical_halo_compact,logical_halo_compact,logical_halo_compact,1,0,False,0,0,False,planner_estimate,1189,38292800,4,10,8,192,32768,1292318,1292210,1292016,1292016,194,194,4,21140672,1158,21142024,0.023015607047108387,1293368.0,"planner-only metadata compile; real traced DAG with 22 body LT layers plus explicit 1x1 output; SiLU7 fit uses StatsTracker ranges; edge_kind: carry=layout unchanged, fused=layout change hidden in operator, explicit=separate re-layout, bootstrap-drop=CT-saving drop halo before bootstrap; no dense HE transform generation or FHE forward",31,18,4,1,22,22,1,14336
224x224_HanCo_Hand,HanCo Hand Segmentation Dataset,224x224,3,1,32,UNet22PlusOutput_real_trace_22_body_layers_plus_1x1_output,OrionTracer+StatsTracker+fit+NetworkDAG+layout_policy+BootstrapSolver,silu,7,3,Chebyshev.fit from StatsTracker; depth=3 plus 1 if fitted prescale!=1,dp,template,template_unweighted_diagonal_bsgs,template_unweighted_diagonal,32768,18,8,8,enc4b,Conv2d,False,True,u22_same_shape_conv_provider,,7,7,7,7,7,1,1,0,0,10,1,9,False,,,,,,0,0,0,0,135168,135168,135168,0,0,0,0,0,0,1572864,0,196608,512,4096,131072,0,135168,0,768,0,6,2093824,1958656,256,256,template,compact_halo_shared,fused,fused,carry=0;fused=1;explicit=0;bootstrap-drop=0,enc4a_act->enc4b:fused:layout_changed_hidden_in_Conv2d:mode=compact_halo_shared,0,1,0,0,,1,0,0,0,target,target:consumer_fused_relayout,8,8,1x256x28x28,1x256x28x28,1x4x224x224,1x4x224x224,-0.018081191927194595,0.019940916448831558,-0.02983592450618744,0.02922844886779785,256,256,,,,,,,,3x3,1x1,1x1,,1x1,1,enc4a_act,"{""bottom_beta"":1,""gap"":8,""stored_slots"":215040,""stride"":1,""tile_count"":7,""top_beta"":1}","{""bottom_beta"":1,""gap"":8,""stored_slots"":215040,""stride"":1,""tile_count"":7,""top_beta"":1}","{""bottom_beta"":1,""gap"":8,""stored_slots"":215040,""stride"":1,""tile_count"":7,""top_beta"":1}","{""bottom_beta"":0,""core_slots"":200704,""gap"":8,""stored_slots"":200704,""stride"":2,""tile_count"":7,""top_beta"":0}",packed_compact,logical_halo_compact,logical_halo_compact,1,0,False,1,0,False,planner_estimate,1189,38292800,4,10,8,192,32768,1292318,1292210,1292016,1292016,194,194,4,21140672,1158,21142024,0.023015607047108387,1293368.0,"planner-only metadata compile; real traced DAG with 22 body LT layers plus explicit 1x1 output; SiLU7 fit uses StatsTracker ranges; edge_kind: carry=layout unchanged, fused=layout change hidden in operator, explicit=separate re-layout, bootstrap-drop=CT-saving drop halo before bootstrap; no dense HE transform generation or FHE forward",31,18,4,1,22,22,1,14336
224x224_HanCo_Hand,HanCo Hand Segmentation Dataset,224x224,3,1,32,UNet22PlusOutput_real_trace_22_body_layers_plus_1x1_output,OrionTracer+StatsTracker+fit+NetworkDAG+layout_policy+BootstrapSolver,silu,7,3,Chebyshev.fit from StatsTracker; depth=3 plus 1 if fitted prescale!=1,dp,template,template_unweighted_diagonal_bsgs,template_unweighted_diagonal,32768,19,,,enc4b_act,SiLU,False,,chebyshev_polynomial_activation,not_a_provider_linear_kernel,7,7,7,7,7,0,0,0,0,9,3,6,False,,,,,,0,0,0,0,0,0,0,0,0,0,0,0,0,0,21,0,0,0,0,0,0,0,0,0,0,0,0,0,0,none_activation_polynomial,halo_local,carry,carry,carry=1;fused=0;explicit=0;bootstrap-drop=0,enc4b->enc4b_act:carry:layout_same_carry_compact:mode=halo_local,1,0,0,0,,0,0,0,0,none,,8,8,1x256x28x28,1x256x28x28,1x4x224x224,1x4x224x224,-0.02983592450618744,0.02922844886779785,-0.014695433899760246,0.014827785082161427,,,silu,7,3,1.0,0.0,-0.059368111193180084,0.0587606355547905,,,,,,,enc4b,"{""bottom_beta"":0,""gap"":8,""stored_slots"":200704,""stride"":2,""tile_count"":7,""top_beta"":0}","{""bottom_beta"":0,""gap"":8,""stored_slots"":200704,""stride"":1,""tile_count"":7,""top_beta"":0}","{""bottom_beta"":0,""gap"":8,""stored_slots"":200704,""stride"":2,""tile_count"":7,""top_beta"":0}","{""bottom_beta"":0,""core_slots"":200704,""gap"":8,""stored_slots"":200704,""stride"":2,""tile_count"":7,""top_beta"":0}",packed_compact,packed_compact,packed_compact,1,0,False,0,0,False,planner_estimate,1189,38292800,4,10,8,192,32768,1292318,1292210,1292016,1292016,194,194,4,21140672,1158,21142024,0.023015607047108387,1293368.0,"planner-only metadata compile; real traced DAG with 22 body LT layers plus explicit 1x1 output; SiLU7 fit uses StatsTracker ranges; edge_kind: carry=layout unchanged, fused=layout change hidden in operator, explicit=separate re-layout, bootstrap-drop=CT-saving drop halo before bootstrap; no dense HE transform generation or FHE forward",31,18,4,1,22,22,1,14336
224x224_HanCo_Hand,HanCo Hand Segmentation Dataset,224x224,3,1,32,UNet22PlusOutput_real_trace_22_body_layers_plus_1x1_output,OrionTracer+StatsTracker+fit+NetworkDAG+layout_policy+BootstrapSolver,silu,7,3,Chebyshev.fit from StatsTracker; depth=3 plus 1 if fitted prescale!=1,dp,template,template_unweighted_diagonal_bsgs,template_unweighted_diagonal,32768,20,,,pool4,AvgPool2d,False,True,u22_pool_provider,,2,7,2,7,2,0,0,1,1,6,1,5,False,,,,,,0,0,0,0,1280,1280,1280,0,0,0,0,0,0,2560,0,768,512,1024,256,0,1280,0,768,0,2,1792,512,256,1,template,halo_local,carry,carry,carry=1;fused=0;explicit=0;bootstrap-drop=0,enc4b_act->pool4:carry:layout_same_carry_compact:mode=halo_local,1,0,0,0,,0,0,0,0,source,source:producer_materialized_halo,8,16,1x256x28x28,1x256x14x14,1x4x224x224,1x1x224x224,-0.014695433899760246,0.014827785082161427,-0.014217413030564785,0.014573740772902966,256,256,,,,,,,,2x2,2x2,0x0,,1x1,256,enc4b_act,"{""bottom_beta"":0,""gap"":8,""stored_slots"":200704,""stride"":2,""tile_count"":7,""top_beta"":0}","{""bottom_beta"":0,""gap"":8,""stored_slots"":200704,""stride"":2,""tile_count"":7,""top_beta"":0}","{""bottom_beta"":0,""gap"":8,""stored_slots"":200704,""stride"":2,""tile_count"":7,""top_beta"":0}","{""bottom_beta"":1,""core_slots"":50176,""gap"":16,""stored_slots"":57344,""stride"":1,""tile_count"":2,""top_beta"":1}",logical_halo_compact,packed_compact,packed_compact,1,0,False,0,0,True,planner_estimate,1189,38292800,4,10,8,192,32768,1292318,1292210,1292016,1292016,194,194,4,21140672,1158,21142024,0.023015607047108387,1293368.0,"planner-only metadata compile; real traced DAG with 22 body LT layers plus explicit 1x1 output; SiLU7 fit uses StatsTracker ranges; edge_kind: carry=layout unchanged, fused=layout change hidden in operator, explicit=separate re-layout, bootstrap-drop=CT-saving drop halo before bootstrap; no dense HE transform generation or FHE forward",31,18,4,1,22,22,1,14336
224x224_HanCo_Hand,HanCo Hand Segmentation Dataset,224x224,3,1,32,UNet22PlusOutput_real_trace_22_body_layers_plus_1x1_output,OrionTracer+StatsTracker+fit+NetworkDAG+layout_policy+BootstrapSolver,silu,7,3,Chebyshev.fit from StatsTracker; depth=3 plus 1 if fitted prescale!=1,dp,template,template_unweighted_diagonal_bsgs,template_unweighted_diagonal,32768,21,9,9,bottlenecka,Conv2d,False,True,u22_same_shape_conv_provider,,4,2,4,2,4,1,1,1,1,5,1,4,False,,,,,,0,0,0,0,266240,266240,266240,0,0,0,0,0,0,3145728,0,393216,512,4096,262144,0,266240,0,768,0,6,4190976,3924736,256,512,template,compact_halo_shared,fused,fused,carry=0;fused=1;explicit=0;bootstrap-drop=0,pool4->bottlenecka:fused:layout_changed_hidden_in_Conv2d:mode=compact_halo_shared,0,1,0,0,,1,0,0,0,source+target,target:consumer_fused_relayout;source:producer_materialized_halo,16,16,1x256x14x14,1x512x14x14,1x1x224x224,1x2x224x224,-0.014217413030564785,0.014573740772902966,-0.027674585580825806,0.02948715351521969,256,512,,,,,,,,3x3,1x1,1x1,,1x1,1,pool4,"{""bottom_beta"":1,""gap"":16,""stored_slots"":57344,""stride"":1,""tile_count"":2,""top_beta"":1}","{""bottom_beta"":1,""gap"":16,""stored_slots"":57344,""stride"":1,""tile_count"":2,""top_beta"":1}","{""bottom_beta"":1,""gap"":16,""stored_slots"":57344,""stride"":1,""tile_count"":2,""top_beta"":1}","{""bottom_beta"":1,""core_slots"":100352,""gap"":16,""stored_slots"":114688,""stride"":1,""tile_count"":4,""top_beta"":1}",logical_halo_compact,logical_halo_compact,logical_halo_compact,1,0,False,1,0,True,planner_estimate,1189,38292800,4,10,8,192,32768,1292318,1292210,1292016,1292016,194,194,4,21140672,1158,21142024,0.023015607047108387,1293368.0,"planner-only metadata compile; real traced DAG with 22 body LT layers plus explicit 1x1 output; SiLU7 fit uses StatsTracker ranges; edge_kind: carry=layout unchanged, fused=layout change hidden in operator, explicit=separate re-layout, bootstrap-drop=CT-saving drop halo before bootstrap; no dense HE transform generation or FHE forward",31,18,4,1,22,22,1,14336
224x224_HanCo_Hand,HanCo Hand Segmentation Dataset,224x224,3,1,32,UNet22PlusOutput_real_trace_22_body_layers_plus_1x1_output,OrionTracer+StatsTracker+fit+NetworkDAG+layout_policy+BootstrapSolver,silu,7,3,Chebyshev.fit from StatsTracker; depth=3 plus 1 if fitted prescale!=1,dp,template,template_unweighted_diagonal_bsgs,template_unweighted_diagonal,32768,22,,,bottlenecka_act,SiLU,False,,chebyshev_polynomial_activation,not_a_provider_linear_kernel,4,4,4,4,4,1,1,1,1,4,3,1,True,child_level_exceeds_output_level,bottleneckb,bottleneckb,10,1x2x224x224,100352,4,32768,4,0,0,0,0,0,0,0,0,0,0,12,0,0,0,0,0,0,0,0,0,0,0,0,0,0,none_activation_polynomial,halo_local,carry,carry,carry=1;fused=0;explicit=0;bootstrap-drop=0,bottlenecka->bottlenecka_act:carry:layout_same_carry_halo:mode=halo_local,1,0,0,0,,0,1,0,0,none,,16,16,1x512x14x14,1x512x14x14,1x2x224x224,1x2x224x224,-0.027674585580825806,0.02948715351521969,-0.013645835220813751,0.014960934408009052,,,silu,7,3,1.0,0.0,-0.05625545606017113,0.05806802585721016,,,,,,,bottlenecka,"{""bottom_beta"":1,""gap"":16,""stored_slots"":114688,""stride"":1,""tile_count"":4,""top_beta"":1}","{""bottom_beta"":0,""gap"":16,""stored_slots"":100352,""stride"":1,""tile_count"":4,""top_beta"":0}","{""bottom_beta"":1,""gap"":16,""stored_slots"":114688,""stride"":1,""tile_count"":4,""top_beta"":1}","{""bottom_beta"":1,""core_slots"":100352,""gap"":16,""stored_slots"":114688,""stride"":1,""tile_count"":4,""top_beta"":1}",logical_halo_compact,logical_halo_compact,logical_halo_compact,1,0,False,0,0,False,planner_estimate,1189,38292800,4,10,8,192,32768,1292318,1292210,1292016,1292016,194,194,4,21140672,1158,21142024,0.023015607047108387,1293368.0,"planner-only metadata compile; real traced DAG with 22 body LT layers plus explicit 1x1 output; SiLU7 fit uses StatsTracker ranges; edge_kind: carry=layout unchanged, fused=layout change hidden in operator, explicit=separate re-layout, bootstrap-drop=CT-saving drop halo before bootstrap; no dense HE transform generation or FHE forward",31,18,4,1,22,22,1,14336
224x224_HanCo_Hand,HanCo Hand Segmentation Dataset,224x224,3,1,32,UNet22PlusOutput_real_trace_22_body_layers_plus_1x1_output,OrionTracer+StatsTracker+fit+NetworkDAG+layout_policy+BootstrapSolver,silu,7,3,Chebyshev.fit from StatsTracker; depth=3 plus 1 if fitted prescale!=1,dp,template,template_unweighted_diagonal_bsgs,template_unweighted_diagonal,32768,23,10,10,bottleneckb,Conv2d,False,True,u22_same_shape_conv_provider,,4,4,4,4,4,1,1,1,1,10,1,9,False,,,,,,0,0,0,0,532480,532480,532480,0,0,0,0,0,0,6291456,0,786432,1024,8192,524288,0,532480,0,1536,0,6,8381952,7849472,512,512,template,compact_halo_shared,fused,fused,carry=0;fused=1;explicit=0;bootstrap-drop=0,bottlenecka_act->bottleneckb:fused:layout_changed_hidden_in_Conv2d:mode=compact_halo_shared,0,1,0,0,,1,0,0,0,source+target,target:consumer_fused_relayout;source:producer_materialized_halo,16,16,1x512x14x14,1x512x14x14,1x2x224x224,1x2x224x224,-0.013645835220813751,0.014960934408009052,-0.02178516983985901,0.021523678675293922,512,512,,,,,,,,3x3,1x1,1x1,,1x1,1,bottlenecka_act,"{""bottom_beta"":1,""gap"":16,""stored_slots"":114688,""stride"":1,""tile_count"":4,""top_beta"":1}","{""bottom_beta"":1,""gap"":16,""stored_slots"":114688,""stride"":1,""tile_count"":4,""top_beta"":1}","{""bottom_beta"":1,""gap"":16,""stored_slots"":114688,""stride"":1,""tile_count"":4,""top_beta"":1}","{""bottom_beta"":1,""core_slots"":100352,""gap"":16,""stored_slots"":114688,""stride"":2,""tile_count"":4,""top_beta"":1}",logical_halo_compact,logical_halo_compact,logical_halo_compact,1,0,False,1,0,True,planner_estimate,1189,38292800,4,10,8,192,32768,1292318,1292210,1292016,1292016,194,194,4,21140672,1158,21142024,0.023015607047108387,1293368.0,"planner-only metadata compile; real traced DAG with 22 body LT layers plus explicit 1x1 output; SiLU7 fit uses StatsTracker ranges; edge_kind: carry=layout unchanged, fused=layout change hidden in operator, explicit=separate re-layout, bootstrap-drop=CT-saving drop halo before bootstrap; no dense HE transform generation or FHE forward",31,18,4,1,22,22,1,14336
224x224_HanCo_Hand,HanCo Hand Segmentation Dataset,224x224,3,1,32,UNet22PlusOutput_real_trace_22_body_layers_plus_1x1_output,OrionTracer+StatsTracker+fit+NetworkDAG+layout_policy+BootstrapSolver,silu,7,3,Chebyshev.fit from StatsTracker; depth=3 plus 1 if fitted prescale!=1,dp,template,template_unweighted_diagonal_bsgs,template_unweighted_diagonal,32768,24,,,bottleneckb_act,SiLU,False,,chebyshev_polynomial_activation,not_a_provider_linear_kernel,4,4,4,4,4,1,1,1,1,9,3,6,False,,,,,,0,0,0,0,0,0,0,0,0,0,0,0,0,0,12,0,0,0,0,0,0,0,0,0,0,0,0,0,0,none_activation_polynomial,halo_local,carry,carry,carry=1;fused=0;explicit=0;bootstrap-drop=0,bottleneckb->bottleneckb_act:carry:layout_same_carry_halo:mode=halo_local,1,0,0,0,,0,1,0,0,none,,16,16,1x512x14x14,1x512x14x14,1x2x224x224,1x2x224x224,-0.02178516983985901,0.021523678675293922,-0.01077394187450409,0.01087765209376812,,,silu,7,3,1.0,0.0,-0.0434395931661129,0.043178100138902664,,,,,,,bottleneckb,"{""bottom_beta"":1,""gap"":16,""stored_slots"":114688,""stride"":2,""tile_count"":4,""top_beta"":1}","{""bottom_beta"":1,""gap"":16,""stored_slots"":114688,""stride"":2,""tile_count"":4,""top_beta"":1}","{""bottom_beta"":1,""gap"":16,""stored_slots"":114688,""stride"":2,""tile_count"":4,""top_beta"":1}","{""bottom_beta"":1,""core_slots"":100352,""gap"":16,""stored_slots"":114688,""stride"":2,""tile_count"":4,""top_beta"":1}",logical_halo_compact,logical_halo_compact,logical_halo_compact,1,0,False,0,0,False,planner_estimate,1189,38292800,4,10,8,192,32768,1292318,1292210,1292016,1292016,194,194,4,21140672,1158,21142024,0.023015607047108387,1293368.0,"planner-only metadata compile; real traced DAG with 22 body LT layers plus explicit 1x1 output; SiLU7 fit uses StatsTracker ranges; edge_kind: carry=layout unchanged, fused=layout change hidden in operator, explicit=separate re-layout, bootstrap-drop=CT-saving drop halo before bootstrap; no dense HE transform generation or FHE forward",31,18,4,1,22,22,1,14336
224x224_HanCo_Hand,HanCo Hand Segmentation Dataset,224x224,3,1,32,UNet22PlusOutput_real_trace_22_body_layers_plus_1x1_output,OrionTracer+StatsTracker+fit+NetworkDAG+layout_policy+BootstrapSolver,silu,7,3,Chebyshev.fit from StatsTracker; depth=3 plus 1 if fitted prescale!=1,dp,template,template_unweighted_diagonal_bsgs,template_unweighted_diagonal,32768,25,11,11,up4,ConvTranspose2d,False,True,u22_tconv_provider,,7,4,7,4,7,1,1,2,2,6,1,5,False,,,,,,0,0,0,0,4096,4096,4096,0,0,0,0,0,0,1310720,0,393216,1024,4096,0,0,4096,0,1536,0,4,2879488,2875392,512,256,template,halo_local,carry,carry,carry=1;fused=0;explicit=0;bootstrap-drop=0,bottleneckb_act->up4:carry:layout_same_carry_halo:mode=halo_local,1,0,0,0,,0,1,0,0,source,source:producer_materialized_halo,16,8,1x512x14x14,1x256x28x28,1x2x224x224,1x4x224x224,-0.01077394187450409,0.01087765209376812,-0.035114869475364685,0.034209415316581726,512,256,,,,,,,,2x2,2x2,0x0,0x0,1x1,1,bottleneckb_act,"{""bottom_beta"":1,""gap"":16,""stored_slots"":114688,""stride"":2,""tile_count"":4,""top_beta"":1}","{""bottom_beta"":0,""gap"":16,""stored_slots"":100352,""stride"":2,""tile_count"":4,""top_beta"":0}","{""bottom_beta"":1,""gap"":16,""stored_slots"":114688,""stride"":2,""tile_count"":4,""top_beta"":1}","{""bottom_beta"":2,""core_slots"":200704,""gap"":8,""stored_slots"":229376,""stride"":2,""tile_count"":7,""top_beta"":2}",logical_halo_compact,logical_halo_compact,logical_halo_compact,1,0,False,0,0,True,planner_estimate,1189,38292800,4,10,8,192,32768,1292318,1292210,1292016,1292016,194,194,4,21140672,1158,21142024,0.023015607047108387,1293368.0,"planner-only metadata compile; real traced DAG with 22 body LT layers plus explicit 1x1 output; SiLU7 fit uses StatsTracker ranges; edge_kind: carry=layout unchanged, fused=layout change hidden in operator, explicit=separate re-layout, bootstrap-drop=CT-saving drop halo before bootstrap; no dense HE transform generation or FHE forward",31,18,4,1,22,22,1,14336
224x224_HanCo_Hand,HanCo Hand Segmentation Dataset,224x224,3,1,32,UNet22PlusOutput_real_trace_22_body_layers_plus_1x1_output,OrionTracer+StatsTracker+fit+NetworkDAG+layout_policy+BootstrapSolver,silu,7,3,Chebyshev.fit from StatsTracker; depth=3 plus 1 if fitted prescale!=1,dp,template,template_unweighted_diagonal_bsgs,template_unweighted_diagonal,32768,26,,,cat4,Concat,False,,concat_runtime_or_fused_concat,not_a_provider_linear_kernel,14,7,13,7,14,2,2,2,2,5,0,5,False,,,,,,0,0,0,0,14,0,0,14,14,0,1,0,0,0,0,0,0,0,0,0,0,0,0,0,0,0,0,0,0,none_no_linear_transform,halo_local,mixed:carry+explicit,mixed:carry+explicit,carry=1;fused=0;explicit=1;bootstrap-drop=0,enc4b_act->cat4:explicit:dp_add_input_alignment:mode=halo_local;up4->cat4:carry:layout_same_carry_halo:mode=halo_local,1,0,1,0,,1,1,0,0,source_to_target,source_to_target:separate_relayout_edge,8,8,1x256x28x28,1x512x28x28,1x4x224x224,1x8x224x224,-0.035114869475364685,0.034209415316581726,-0.035114869475364685,0.034209415316581726,,,,,,,,,,,,,,,,enc4b_act;up4,"{""bottom_beta"":2,""gap"":8,""stored_slots"":229376,""stride"":2,""tile_count"":7,""top_beta"":2}","{""bottom_beta"":0,""gap"":8,""stored_slots"":200704,""stride"":1,""tile_count"":7,""top_beta"":0}","{""bottom_beta"":2,""gap"":8,""stored_slots"":229376,""stride"":2,""tile_count"":7,""top_beta"":2}","{""bottom_beta"":2,""core_slots"":401408,""gap"":8,""stored_slots"":458752,""stride"":2,""tile_count"":14,""top_beta"":2}",logical_halo_compact,logical_halo_compact;packed_compact,logical_halo_compact,2,1,False,0,0,False,planner_estimate,1189,38292800,4,10,8,192,32768,1292318,1292210,1292016,1292016,194,194,4,21140672,1158,21142024,0.023015607047108387,1293368.0,"planner-only metadata compile; real traced DAG with 22 body LT layers plus explicit 1x1 output; SiLU7 fit uses StatsTracker ranges; edge_kind: carry=layout unchanged, fused=layout change hidden in operator, explicit=separate re-layout, bootstrap-drop=CT-saving drop halo before bootstrap; no dense HE transform generation or FHE forward",31,18,4,1,22,22,1,14336
224x224_HanCo_Hand,HanCo Hand Segmentation Dataset,224x224,3,1,32,UNet22PlusOutput_real_trace_22_body_layers_plus_1x1_output,OrionTracer+StatsTracker+fit+NetworkDAG+layout_policy+BootstrapSolver,silu,7,3,Chebyshev.fit from StatsTracker; depth=3 plus 1 if fitted prescale!=1,dp,template,template_unweighted_diagonal_bsgs,template_unweighted_diagonal,32768,27,12,12,dec4a,Conv2d,False,True,u22_same_shape_conv_provider,,7,13,7,14,7,2,2,1,1,5,1,4,False,,,,,,0,0,0,0,9216,9216,9216,0,0,0,0,0,0,3538944,0,393216,1024,9216,0,0,9216,0,1536,0,7,5497344,5488128,512,256,template,compact_halo_shared,fused,fused,carry=0;fused=1;explicit=0;bootstrap-drop=0,cat4->dec4a:fused:layout_changed_hidden_in_Conv2d:mode=compact_halo_shared,0,1,0,0,,1,0,0,0,source+target,target:consumer_fused_relayout;source:producer_materialized_halo,8,8,1x512x28x28,1x256x28x28,1x8x224x224,1x4x224x224,-0.035114869475364685,0.034209415316581726,-0.030969172716140747,0.029642442241311073,512,256,,,,,,,,3x3,1x1,1x1,,1x1,1,cat4,"{""bottom_beta"":2,""gap"":8,""stored_slots"":458752,""stride"":2,""tile_count"":14,""top_beta"":2}","{""bottom_beta"":1,""gap"":8,""stored_slots"":430080,""stride"":1,""tile_count"":14,""top_beta"":1}","{""bottom_beta"":2,""gap"":8,""stored_slots"":458752,""stride"":2,""tile_count"":14,""top_beta"":2}","{""bottom_beta"":1,""core_slots"":200704,""gap"":8,""stored_slots"":215040,""stride"":1,""tile_count"":7,""top_beta"":1}",logical_halo_compact,logical_halo_compact,logical_halo_compact,1,0,False,1,0,True,planner_estimate,1189,38292800,4,10,8,192,32768,1292318,1292210,1292016,1292016,194,194,4,21140672,1158,21142024,0.023015607047108387,1293368.0,"planner-only metadata compile; real traced DAG with 22 body LT layers plus explicit 1x1 output; SiLU7 fit uses StatsTracker ranges; edge_kind: carry=layout unchanged, fused=layout change hidden in operator, explicit=separate re-layout, bootstrap-drop=CT-saving drop halo before bootstrap; no dense HE transform generation or FHE forward",31,18,4,1,22,22,1,14336
224x224_HanCo_Hand,HanCo Hand Segmentation Dataset,224x224,3,1,32,UNet22PlusOutput_real_trace_22_body_layers_plus_1x1_output,OrionTracer+StatsTracker+fit+NetworkDAG+layout_policy+BootstrapSolver,silu,7,3,Chebyshev.fit from StatsTracker; depth=3 plus 1 if fitted prescale!=1,dp,template,template_unweighted_diagonal_bsgs,template_unweighted_diagonal,32768,28,,,dec4a_act,SiLU,False,,chebyshev_polynomial_activation,not_a_provider_linear_kernel,7,7,7,7,7,1,1,1,1,4,3,1,True,child_level_exceeds_output_level,dec4b,dec4b,10,1x4x224x224,200704,7,32768,7,0,0,0,0,0,0,0,0,0,0,21,0,0,0,0,0,0,0,0,0,0,0,0,0,0,none_activation_polynomial,halo_local,carry,carry,carry=1;fused=0;explicit=0;bootstrap-drop=0,dec4a->dec4a_act:carry:layout_same_carry_halo:mode=halo_local,1,0,0,0,,0,1,0,0,none,,8,8,1x256x28x28,1x256x28x28,1x4x224x224,1x4x224x224,-0.030969172716140747,0.029642442241311073,-0.015244834125041962,0.015040874481201172,,,silu,7,3,1.0,0.0,-0.06127497926354408,0.05994824692606926,,,,,,,dec4a,"{""bottom_beta"":1,""gap"":8,""stored_slots"":215040,""stride"":1,""tile_count"":7,""top_beta"":1}","{""bottom_beta"":0,""gap"":8,""stored_slots"":200704,""stride"":1,""tile_count"":7,""top_beta"":0}","{""bottom_beta"":1,""gap"":8,""stored_slots"":215040,""stride"":1,""tile_count"":7,""top_beta"":1}","{""bottom_beta"":1,""core_slots"":200704,""gap"":8,""stored_slots"":215040,""stride"":1,""tile_count"":7,""top_beta"":1}",logical_halo_compact,logical_halo_compact,logical_halo_compact,1,0,False,0,0,False,planner_estimate,1189,38292800,4,10,8,192,32768,1292318,1292210,1292016,1292016,194,194,4,21140672,1158,21142024,0.023015607047108387,1293368.0,"planner-only metadata compile; real traced DAG with 22 body LT layers plus explicit 1x1 output; SiLU7 fit uses StatsTracker ranges; edge_kind: carry=layout unchanged, fused=layout change hidden in operator, explicit=separate re-layout, bootstrap-drop=CT-saving drop halo before bootstrap; no dense HE transform generation or FHE forward",31,18,4,1,22,22,1,14336
224x224_HanCo_Hand,HanCo Hand Segmentation Dataset,224x224,3,1,32,UNet22PlusOutput_real_trace_22_body_layers_plus_1x1_output,OrionTracer+StatsTracker+fit+NetworkDAG+layout_policy+BootstrapSolver,silu,7,3,Chebyshev.fit from StatsTracker; depth=3 plus 1 if fitted prescale!=1,dp,template,template_unweighted_diagonal_bsgs,template_unweighted_diagonal,32768,29,13,13,dec4b,Conv2d,False,True,u22_same_shape_conv_provider,,7,7,7,7,7,1,1,1,1,10,1,9,False,,,,,,0,0,0,0,135168,135168,135168,0,0,0,0,0,0,1572864,0,196608,512,4096,131072,0,135168,0,768,0,6,2093824,1958656,256,256,template,compact_halo_shared,fused,fused,carry=0;fused=1;explicit=0;bootstrap-drop=0,dec4a_act->dec4b:fused:layout_changed_hidden_in_Conv2d:mode=compact_halo_shared,0,1,0,0,,1,0,0,0,source+target,target:consumer_fused_relayout;source:producer_materialized_halo,8,8,1x256x28x28,1x256x28x28,1x4x224x224,1x4x224x224,-0.015244834125041962,0.015040874481201172,-0.025654705241322517,0.028503011912107468,256,256,,,,,,,,3x3,1x1,1x1,,1x1,1,dec4a_act,"{""bottom_beta"":1,""gap"":8,""stored_slots"":215040,""stride"":1,""tile_count"":7,""top_beta"":1}","{""bottom_beta"":1,""gap"":8,""stored_slots"":215040,""stride"":1,""tile_count"":7,""top_beta"":1}","{""bottom_beta"":1,""gap"":8,""stored_slots"":215040,""stride"":1,""tile_count"":7,""top_beta"":1}","{""bottom_beta"":1,""core_slots"":200704,""gap"":8,""stored_slots"":215040,""stride"":2,""tile_count"":7,""top_beta"":1}",logical_halo_compact,logical_halo_compact,logical_halo_compact,1,0,False,1,0,True,planner_estimate,1189,38292800,4,10,8,192,32768,1292318,1292210,1292016,1292016,194,194,4,21140672,1158,21142024,0.023015607047108387,1293368.0,"planner-only metadata compile; real traced DAG with 22 body LT layers plus explicit 1x1 output; SiLU7 fit uses StatsTracker ranges; edge_kind: carry=layout unchanged, fused=layout change hidden in operator, explicit=separate re-layout, bootstrap-drop=CT-saving drop halo before bootstrap; no dense HE transform generation or FHE forward",31,18,4,1,22,22,1,14336
224x224_HanCo_Hand,HanCo Hand Segmentation Dataset,224x224,3,1,32,UNet22PlusOutput_real_trace_22_body_layers_plus_1x1_output,OrionTracer+StatsTracker+fit+NetworkDAG+layout_policy+BootstrapSolver,silu,7,3,Chebyshev.fit from StatsTracker; depth=3 plus 1 if fitted prescale!=1,dp,template,template_unweighted_diagonal_bsgs,template_unweighted_diagonal,32768,30,,,dec4b_act,SiLU,False,,chebyshev_polynomial_activation,not_a_provider_linear_kernel,7,7,7,7,7,1,1,1,1,9,3,6,False,,,,,,0,0,0,0,0,0,0,0,0,0,0,0,0,0,21,0,0,0,0,0,0,0,0,0,0,0,0,0,0,none_activation_polynomial,halo_local,carry,carry,carry=1;fused=0;explicit=0;bootstrap-drop=0,dec4b->dec4b_act:carry:layout_same_carry_halo:mode=halo_local,1,0,0,0,,0,1,0,0,none,,8,8,1x256x28x28,1x256x28x28,1x4x224x224,1x4x224x224,-0.025654705241322517,0.028503011912107468,-0.012662820518016815,0.014454597607254982,,,silu,7,3,1.0,0.0,-0.052733566612005234,0.055581871420145035,,,,,,,dec4b,"{""bottom_beta"":1,""gap"":8,""stored_slots"":215040,""stride"":2,""tile_count"":7,""top_beta"":1}","{""bottom_beta"":1,""gap"":8,""stored_slots"":215040,""stride"":2,""tile_count"":7,""top_beta"":1}","{""bottom_beta"":1,""gap"":8,""stored_slots"":215040,""stride"":2,""tile_count"":7,""top_beta"":1}","{""bottom_beta"":1,""core_slots"":200704,""gap"":8,""stored_slots"":215040,""stride"":2,""tile_count"":7,""top_beta"":1}",logical_halo_compact,logical_halo_compact,logical_halo_compact,1,0,False,0,0,False,planner_estimate,1189,38292800,4,10,8,192,32768,1292318,1292210,1292016,1292016,194,194,4,21140672,1158,21142024,0.023015607047108387,1293368.0,"planner-only metadata compile; real traced DAG with 22 body LT layers plus explicit 1x1 output; SiLU7 fit uses StatsTracker ranges; edge_kind: carry=layout unchanged, fused=layout change hidden in operator, explicit=separate re-layout, bootstrap-drop=CT-saving drop halo before bootstrap; no dense HE transform generation or FHE forward",31,18,4,1,22,22,1,14336
224x224_HanCo_Hand,HanCo Hand Segmentation Dataset,224x224,3,1,32,UNet22PlusOutput_real_trace_22_body_layers_plus_1x1_output,OrionTracer+StatsTracker+fit+NetworkDAG+layout_policy+BootstrapSolver,silu,7,3,Chebyshev.fit from StatsTracker; depth=3 plus 1 if fitted prescale!=1,dp,template,template_unweighted_diagonal_bsgs,template_unweighted_diagonal,32768,31,14,14,up3,ConvTranspose2d,False,True,u22_tconv_provider,,14,7,13,7,14,1,1,2,2,6,1,5,False,,,,,,0,0,0,0,2048,2048,2048,0,0,0,0,0,0,327680,0,98304,512,2048,0,0,2048,0,768,0,4,718848,716800,256,128,template,halo_local,carry,carry,carry=1;fused=0;explicit=0;bootstrap-drop=0,dec4b_act->up3:carry:layout_same_carry_halo:mode=halo_local,1,0,0,0,,0,1,0,0,source,source:producer_materialized_halo,8,4,1x256x28x28,1x128x56x56,1x4x224x224,1x8x224x224,-0.012662820518016815,0.014454597607254982,-0.04504956677556038,0.04900933802127838,256,128,,,,,,,,2x2,2x2,0x0,0x0,1x1,1,dec4b_act,"{""bottom_beta"":1,""gap"":8,""stored_slots"":215040,""stride"":2,""tile_count"":7,""top_beta"":1}","{""bottom_beta"":0,""gap"":8,""stored_slots"":200704,""stride"":2,""tile_count"":7,""top_beta"":0}","{""bottom_beta"":1,""gap"":8,""stored_slots"":215040,""stride"":2,""tile_count"":7,""top_beta"":1}","{""bottom_beta"":2,""core_slots"":401408,""gap"":4,""stored_slots"":430080,""stride"":2,""tile_count"":14,""top_beta"":2}",logical_halo_compact,logical_halo_compact,logical_halo_compact,1,0,False,0,0,True,planner_estimate,1189,38292800,4,10,8,192,32768,1292318,1292210,1292016,1292016,194,194,4,21140672,1158,21142024,0.023015607047108387,1293368.0,"planner-only metadata compile; real traced DAG with 22 body LT layers plus explicit 1x1 output; SiLU7 fit uses StatsTracker ranges; edge_kind: carry=layout unchanged, fused=layout change hidden in operator, explicit=separate re-layout, bootstrap-drop=CT-saving drop halo before bootstrap; no dense HE transform generation or FHE forward",31,18,4,1,22,22,1,14336
224x224_HanCo_Hand,HanCo Hand Segmentation Dataset,224x224,3,1,32,UNet22PlusOutput_real_trace_22_body_layers_plus_1x1_output,OrionTracer+StatsTracker+fit+NetworkDAG+layout_policy+BootstrapSolver,silu,7,3,Chebyshev.fit from StatsTracker; depth=3 plus 1 if fitted prescale!=1,dp,template,template_unweighted_diagonal_bsgs,template_unweighted_diagonal,32768,32,,,cat3,Concat,False,,concat_runtime_or_fused_concat,not_a_provider_linear_kernel,27,13,25,14,27,2,2,2,2,5,0,5,False,,,,,,0,0,0,0,28,0,0,28,28,0,1,0,0,0,0,0,0,0,0,0,0,0,0,0,0,0,0,0,0,none_no_linear_transform,halo_local,mixed:carry+explicit,mixed:carry+explicit,carry=1;fused=0;explicit=1;bootstrap-drop=0,enc3b_act->cat3:explicit:dp_add_input_alignment:mode=halo_local;up3->cat3:carry:layout_same_carry_halo:mode=halo_local,1,0,1,0,,1,1,0,0,source_to_target,source_to_target:separate_relayout_edge,4,4,1x128x56x56,1x256x56x56,1x8x224x224,1x16x224x224,-0.04504956677556038,0.04900933802127838,-0.04504956677556038,0.04900933802127838,,,,,,,,,,,,,,,,enc3b_act;up3,"{""bottom_beta"":2,""gap"":4,""stored_slots"":430080,""stride"":2,""tile_count"":14,""top_beta"":2}","{""bottom_beta"":0,""gap"":4,""stored_slots"":401408,""stride"":1,""tile_count"":13,""top_beta"":0}","{""bottom_beta"":2,""gap"":4,""stored_slots"":430080,""stride"":2,""tile_count"":14,""top_beta"":2}","{""bottom_beta"":2,""core_slots"":802816,""gap"":4,""stored_slots"":860160,""stride"":2,""tile_count"":27,""top_beta"":2}",logical_halo_compact,logical_halo_compact;packed_compact,logical_halo_compact,2,1,False,0,0,False,planner_estimate,1189,38292800,4,10,8,192,32768,1292318,1292210,1292016,1292016,194,194,4,21140672,1158,21142024,0.023015607047108387,1293368.0,"planner-only metadata compile; real traced DAG with 22 body LT layers plus explicit 1x1 output; SiLU7 fit uses StatsTracker ranges; edge_kind: carry=layout unchanged, fused=layout change hidden in operator, explicit=separate re-layout, bootstrap-drop=CT-saving drop halo before bootstrap; no dense HE transform generation or FHE forward",31,18,4,1,22,22,1,14336
224x224_HanCo_Hand,HanCo Hand Segmentation Dataset,224x224,3,1,32,UNet22PlusOutput_real_trace_22_body_layers_plus_1x1_output,OrionTracer+StatsTracker+fit+NetworkDAG+layout_policy+BootstrapSolver,silu,7,3,Chebyshev.fit from StatsTracker; depth=3 plus 1 if fitted prescale!=1,dp,template,template_unweighted_diagonal_bsgs,template_unweighted_diagonal,32768,33,15,15,dec3a,Conv2d,False,True,u22_same_shape_conv_provider,,13,25,13,27,13,2,2,1,1,5,1,4,False,,,,,,0,0,0,0,4608,4608,4608,0,0,0,0,0,0,884736,0,98304,512,4608,0,0,4608,0,768,0,7,1372416,1367808,256,128,template,compact_halo_shared,fused,fused,carry=0;fused=1;explicit=0;bootstrap-drop=0,cat3->dec3a:fused:layout_changed_hidden_in_Conv2d:mode=compact_halo_shared,0,1,0,0,,1,0,0,0,source+target,target:consumer_fused_relayout;source:producer_materialized_halo,4,4,1x256x56x56,1x128x56x56,1x16x224x224,1x8x224x224,-0.04504956677556038,0.04900933802127838,-0.039776019752025604,0.04020414128899574,256,128,,,,,,,,3x3,1x1,1x1,,1x1,1,cat3,"{""bottom_beta"":2,""gap"":4,""stored_slots"":860160,""stride"":2,""tile_count"":27,""top_beta"":2}","{""bottom_beta"":1,""gap"":4,""stored_slots"":831488,""stride"":1,""tile_count"":26,""top_beta"":1}","{""bottom_beta"":2,""gap"":4,""stored_slots"":860160,""stride"":2,""tile_count"":27,""top_beta"":2}","{""bottom_beta"":1,""core_slots"":401408,""gap"":4,""stored_slots"":415744,""stride"":1,""tile_count"":13,""top_beta"":1}",logical_halo_compact,logical_halo_compact,logical_halo_compact,1,0,False,1,0,True,planner_estimate,1189,38292800,4,10,8,192,32768,1292318,1292210,1292016,1292016,194,194,4,21140672,1158,21142024,0.023015607047108387,1293368.0,"planner-only metadata compile; real traced DAG with 22 body LT layers plus explicit 1x1 output; SiLU7 fit uses StatsTracker ranges; edge_kind: carry=layout unchanged, fused=layout change hidden in operator, explicit=separate re-layout, bootstrap-drop=CT-saving drop halo before bootstrap; no dense HE transform generation or FHE forward",31,18,4,1,22,22,1,14336
224x224_HanCo_Hand,HanCo Hand Segmentation Dataset,224x224,3,1,32,UNet22PlusOutput_real_trace_22_body_layers_plus_1x1_output,OrionTracer+StatsTracker+fit+NetworkDAG+layout_policy+BootstrapSolver,silu,7,3,Chebyshev.fit from StatsTracker; depth=3 plus 1 if fitted prescale!=1,dp,template,template_unweighted_diagonal_bsgs,template_unweighted_diagonal,32768,34,,,dec3a_act,SiLU,False,,chebyshev_polynomial_activation,not_a_provider_linear_kernel,13,13,13,13,13,1,1,1,1,4,3,1,True,child_level_exceeds_output_level,dec3b,dec3b,10,1x8x224x224,401408,13,32768,13,0,0,0,0,0,0,0,0,0,0,39,0,0,0,0,0,0,0,0,0,0,0,0,0,0,none_activation_polynomial,halo_local,carry,carry,carry=1;fused=0;explicit=0;bootstrap-drop=0,dec3a->dec3a_act:carry:layout_same_carry_halo:mode=halo_local,1,0,0,0,,0,1,0,0,none,,4,4,1x128x56x56,1x128x56x56,1x8x224x224,1x8x224x224,-0.039776019752025604,0.04020414128899574,-0.019492529332637787,0.020506110042333603,,,silu,7,3,1.0,0.0,-0.07976610213518143,0.08019422739744186,,,,,,,dec3a,"{""bottom_beta"":1,""gap"":4,""stored_slots"":415744,""stride"":1,""tile_count"":13,""top_beta"":1}","{""bottom_beta"":0,""gap"":4,""stored_slots"":401408,""stride"":1,""tile_count"":13,""top_beta"":0}","{""bottom_beta"":1,""gap"":4,""stored_slots"":415744,""stride"":1,""tile_count"":13,""top_beta"":1}","{""bottom_beta"":1,""core_slots"":401408,""gap"":4,""stored_slots"":415744,""stride"":1,""tile_count"":13,""top_beta"":1}",logical_halo_compact,logical_halo_compact,logical_halo_compact,1,0,False,0,0,False,planner_estimate,1189,38292800,4,10,8,192,32768,1292318,1292210,1292016,1292016,194,194,4,21140672,1158,21142024,0.023015607047108387,1293368.0,"planner-only metadata compile; real traced DAG with 22 body LT layers plus explicit 1x1 output; SiLU7 fit uses StatsTracker ranges; edge_kind: carry=layout unchanged, fused=layout change hidden in operator, explicit=separate re-layout, bootstrap-drop=CT-saving drop halo before bootstrap; no dense HE transform generation or FHE forward",31,18,4,1,22,22,1,14336
224x224_HanCo_Hand,HanCo Hand Segmentation Dataset,224x224,3,1,32,UNet22PlusOutput_real_trace_22_body_layers_plus_1x1_output,OrionTracer+StatsTracker+fit+NetworkDAG+layout_policy+BootstrapSolver,silu,7,3,Chebyshev.fit from StatsTracker; depth=3 plus 1 if fitted prescale!=1,dp,template,template_unweighted_diagonal_bsgs,template_unweighted_diagonal,32768,35,16,16,dec3b,Conv2d,False,True,u22_same_shape_conv_provider,,13,13,13,13,13,1,1,1,1,10,1,9,False,,,,,,0,0,0,0,34816,34816,34816,0,0,0,0,0,0,393216,0,49152,256,2048,32768,0,34816,0,384,0,6,522624,487808,128,128,template,compact_halo_shared,fused,fused,carry=0;fused=1;explicit=0;bootstrap-drop=0,dec3a_act->dec3b:fused:layout_changed_hidden_in_Conv2d:mode=compact_halo_shared,0,1,0,0,,1,0,0,0,source+target,target:consumer_fused_relayout;source:producer_materialized_halo,4,4,1x128x56x56,1x128x56x56,1x8x224x224,1x8x224x224,-0.019492529332637787,0.020506110042333603,-0.03243409842252731,0.03513026237487793,128,128,,,,,,,,3x3,1x1,1x1,,1x1,1,dec3a_act,"{""bottom_beta"":1,""gap"":4,""stored_slots"":415744,""stride"":1,""tile_count"":13,""top_beta"":1}","{""bottom_beta"":1,""gap"":4,""stored_slots"":415744,""stride"":1,""tile_count"":13,""top_beta"":1}","{""bottom_beta"":1,""gap"":4,""stored_slots"":415744,""stride"":1,""tile_count"":13,""top_beta"":1}","{""bottom_beta"":1,""core_slots"":401408,""gap"":4,""stored_slots"":415744,""stride"":2,""tile_count"":13,""top_beta"":1}",logical_halo_compact,logical_halo_compact,logical_halo_compact,1,0,False,1,0,True,planner_estimate,1189,38292800,4,10,8,192,32768,1292318,1292210,1292016,1292016,194,194,4,21140672,1158,21142024,0.023015607047108387,1293368.0,"planner-only metadata compile; real traced DAG with 22 body LT layers plus explicit 1x1 output; SiLU7 fit uses StatsTracker ranges; edge_kind: carry=layout unchanged, fused=layout change hidden in operator, explicit=separate re-layout, bootstrap-drop=CT-saving drop halo before bootstrap; no dense HE transform generation or FHE forward",31,18,4,1,22,22,1,14336
224x224_HanCo_Hand,HanCo Hand Segmentation Dataset,224x224,3,1,32,UNet22PlusOutput_real_trace_22_body_layers_plus_1x1_output,OrionTracer+StatsTracker+fit+NetworkDAG+layout_policy+BootstrapSolver,silu,7,3,Chebyshev.fit from StatsTracker; depth=3 plus 1 if fitted prescale!=1,dp,template,template_unweighted_diagonal_bsgs,template_unweighted_diagonal,32768,36,,,dec3b_act,SiLU,False,,chebyshev_polynomial_activation,not_a_provider_linear_kernel,13,13,13,13,13,1,1,1,1,9,3,6,False,,,,,,0,0,0,0,0,0,0,0,0,0,0,0,0,0,39,0,0,0,0,0,0,0,0,0,0,0,0,0,0,none_activation_polynomial,halo_local,carry,carry,carry=1;fused=0;explicit=0;bootstrap-drop=0,dec3b->dec3b_act:carry:layout_same_carry_halo:mode=halo_local,1,0,0,0,,0,1,0,0,none,,4,4,1x128x56x56,1x128x56x56,1x8x224x224,1x8x224x224,-0.03243409842252731,0.03513026237487793,-0.01595408096909523,0.01787363365292549,,,silu,7,3,1.0,0.0,-0.06621627509593964,0.06891244649887085,,,,,,,dec3b,"{""bottom_beta"":1,""gap"":4,""stored_slots"":415744,""stride"":2,""tile_count"":13,""top_beta"":1}","{""bottom_beta"":1,""gap"":4,""stored_slots"":415744,""stride"":2,""tile_count"":13,""top_beta"":1}","{""bottom_beta"":1,""gap"":4,""stored_slots"":415744,""stride"":2,""tile_count"":13,""top_beta"":1}","{""bottom_beta"":1,""core_slots"":401408,""gap"":4,""stored_slots"":415744,""stride"":2,""tile_count"":13,""top_beta"":1}",logical_halo_compact,logical_halo_compact,logical_halo_compact,1,0,False,0,0,False,planner_estimate,1189,38292800,4,10,8,192,32768,1292318,1292210,1292016,1292016,194,194,4,21140672,1158,21142024,0.023015607047108387,1293368.0,"planner-only metadata compile; real traced DAG with 22 body LT layers plus explicit 1x1 output; SiLU7 fit uses StatsTracker ranges; edge_kind: carry=layout unchanged, fused=layout change hidden in operator, explicit=separate re-layout, bootstrap-drop=CT-saving drop halo before bootstrap; no dense HE transform generation or FHE forward",31,18,4,1,22,22,1,14336
224x224_HanCo_Hand,HanCo Hand Segmentation Dataset,224x224,3,1,32,UNet22PlusOutput_real_trace_22_body_layers_plus_1x1_output,OrionTracer+StatsTracker+fit+NetworkDAG+layout_policy+BootstrapSolver,silu,7,3,Chebyshev.fit from StatsTracker; depth=3 plus 1 if fitted prescale!=1,dp,template,template_unweighted_diagonal_bsgs,template_unweighted_diagonal,32768,37,17,17,up2,ConvTranspose2d,False,True,u22_tconv_provider,,26,13,25,13,26,1,1,2,2,6,1,5,False,,,,,,0,0,0,0,1024,1024,1024,0,0,0,0,0,0,98304,0,24576,256,1024,0,0,1024,0,384,0,4,195584,194560,128,64,template,halo_local,carry,carry,carry=1;fused=0;explicit=0;bootstrap-drop=0,dec3b_act->up2:carry:layout_same_carry_halo:mode=halo_local,1,0,0,0,,0,1,0,0,source,source:producer_materialized_halo,4,2,1x128x56x56,1x64x112x112,1x8x224x224,1x16x224x224,-0.01595408096909523,0.01787363365292549,-0.06636376678943634,0.0641685277223587,128,64,,,,,,,,2x2,2x2,0x0,0x0,1x1,1,dec3b_act,"{""bottom_beta"":1,""gap"":4,""stored_slots"":415744,""stride"":2,""tile_count"":13,""top_beta"":1}","{""bottom_beta"":0,""gap"":4,""stored_slots"":401408,""stride"":2,""tile_count"":13,""top_beta"":0}","{""bottom_beta"":1,""gap"":4,""stored_slots"":415744,""stride"":2,""tile_count"":13,""top_beta"":1}","{""bottom_beta"":2,""core_slots"":802816,""gap"":2,""stored_slots"":831488,""stride"":2,""tile_count"":26,""top_beta"":2}",logical_halo_compact,logical_halo_compact,logical_halo_compact,1,0,False,0,0,True,planner_estimate,1189,38292800,4,10,8,192,32768,1292318,1292210,1292016,1292016,194,194,4,21140672,1158,21142024,0.023015607047108387,1293368.0,"planner-only metadata compile; real traced DAG with 22 body LT layers plus explicit 1x1 output; SiLU7 fit uses StatsTracker ranges; edge_kind: carry=layout unchanged, fused=layout change hidden in operator, explicit=separate re-layout, bootstrap-drop=CT-saving drop halo before bootstrap; no dense HE transform generation or FHE forward",31,18,4,1,22,22,1,14336
224x224_HanCo_Hand,HanCo Hand Segmentation Dataset,224x224,3,1,32,UNet22PlusOutput_real_trace_22_body_layers_plus_1x1_output,OrionTracer+StatsTracker+fit+NetworkDAG+layout_policy+BootstrapSolver,silu,7,3,Chebyshev.fit from StatsTracker; depth=3 plus 1 if fitted prescale!=1,dp,template,template_unweighted_diagonal_bsgs,template_unweighted_diagonal,32768,38,,,cat2,Concat,False,,concat_runtime_or_fused_concat,not_a_provider_linear_kernel,51,25,49,26,51,2,2,2,2,5,0,5,False,,,,,,0,0,0,0,52,0,0,52,52,0,1,0,0,0,0,0,0,0,0,0,0,0,0,0,0,0,0,0,0,none_no_linear_transform,halo_local,mixed:carry+explicit,mixed:carry+explicit,carry=1;fused=0;explicit=1;bootstrap-drop=0,enc2b_act->cat2:explicit:dp_add_input_alignment:mode=halo_local;up2->cat2:carry:layout_same_carry_halo:mode=halo_local,1,0,1,0,,1,1,0,0,source_to_target,source_to_target:separate_relayout_edge,2,2,1x64x112x112,1x128x112x112,1x16x224x224,1x32x224x224,-0.06636376678943634,0.0641685277223587,-0.06636376678943634,0.0641685277223587,,,,,,,,,,,,,,,,enc2b_act;up2,"{""bottom_beta"":2,""gap"":2,""stored_slots"":831488,""stride"":2,""tile_count"":26,""top_beta"":2}","{""bottom_beta"":0,""gap"":2,""stored_slots"":802816,""stride"":1,""tile_count"":25,""top_beta"":0}","{""bottom_beta"":2,""gap"":2,""stored_slots"":831488,""stride"":2,""tile_count"":26,""top_beta"":2}","{""bottom_beta"":2,""core_slots"":1605632,""gap"":2,""stored_slots"":1662976,""stride"":2,""tile_count"":51,""top_beta"":2}",logical_halo_compact,logical_halo_compact;packed_compact,logical_halo_compact,2,1,False,0,0,False,planner_estimate,1189,38292800,4,10,8,192,32768,1292318,1292210,1292016,1292016,194,194,4,21140672,1158,21142024,0.023015607047108387,1293368.0,"planner-only metadata compile; real traced DAG with 22 body LT layers plus explicit 1x1 output; SiLU7 fit uses StatsTracker ranges; edge_kind: carry=layout unchanged, fused=layout change hidden in operator, explicit=separate re-layout, bootstrap-drop=CT-saving drop halo before bootstrap; no dense HE transform generation or FHE forward",31,18,4,1,22,22,1,14336
224x224_HanCo_Hand,HanCo Hand Segmentation Dataset,224x224,3,1,32,UNet22PlusOutput_real_trace_22_body_layers_plus_1x1_output,OrionTracer+StatsTracker+fit+NetworkDAG+layout_policy+BootstrapSolver,silu,7,3,Chebyshev.fit from StatsTracker; depth=3 plus 1 if fitted prescale!=1,dp,template,template_unweighted_diagonal_bsgs,template_unweighted_diagonal,32768,39,18,18,dec2a,Conv2d,False,True,u22_same_shape_conv_provider,,25,49,25,51,25,2,2,1,1,5,1,4,False,,,,,,0,0,0,0,2304,2304,2304,0,0,0,0,0,0,221184,0,24576,256,2304,0,0,2304,0,384,0,7,342144,339840,128,64,template,compact_halo_shared,fused,fused,carry=0;fused=1;explicit=0;bootstrap-drop=0,cat2->dec2a:fused:layout_changed_hidden_in_Conv2d:mode=compact_halo_shared,0,1,0,0,,1,0,0,0,source+target,target:consumer_fused_relayout;source:producer_materialized_halo,2,2,1x128x112x112,1x64x112x112,1x32x224x224,1x16x224x224,-0.06636376678943634,0.0641685277223587,-0.058134134858846664,0.06387584656476974,128,64,,,,,,,,3x3,1x1,1x1,,1x1,1,cat2,"{""bottom_beta"":2,""gap"":2,""stored_slots"":1662976,""stride"":2,""tile_count"":51,""top_beta"":2}","{""bottom_beta"":1,""gap"":2,""stored_slots"":1634304,""stride"":1,""tile_count"":50,""top_beta"":1}","{""bottom_beta"":2,""gap"":2,""stored_slots"":1662976,""stride"":2,""tile_count"":51,""top_beta"":2}","{""bottom_beta"":1,""core_slots"":802816,""gap"":2,""stored_slots"":817152,""stride"":1,""tile_count"":25,""top_beta"":1}",logical_halo_compact,logical_halo_compact,logical_halo_compact,1,0,False,1,0,True,planner_estimate,1189,38292800,4,10,8,192,32768,1292318,1292210,1292016,1292016,194,194,4,21140672,1158,21142024,0.023015607047108387,1293368.0,"planner-only metadata compile; real traced DAG with 22 body LT layers plus explicit 1x1 output; SiLU7 fit uses StatsTracker ranges; edge_kind: carry=layout unchanged, fused=layout change hidden in operator, explicit=separate re-layout, bootstrap-drop=CT-saving drop halo before bootstrap; no dense HE transform generation or FHE forward",31,18,4,1,22,22,1,14336
224x224_HanCo_Hand,HanCo Hand Segmentation Dataset,224x224,3,1,32,UNet22PlusOutput_real_trace_22_body_layers_plus_1x1_output,OrionTracer+StatsTracker+fit+NetworkDAG+layout_policy+BootstrapSolver,silu,7,3,Chebyshev.fit from StatsTracker; depth=3 plus 1 if fitted prescale!=1,dp,template,template_unweighted_diagonal_bsgs,template_unweighted_diagonal,32768,40,,,dec2a_act,SiLU,False,,chebyshev_polynomial_activation,not_a_provider_linear_kernel,25,25,25,25,25,1,1,1,1,4,3,1,True,child_level_exceeds_output_level,dec2b,dec2b,10,1x16x224x224,802816,25,32768,25,0,0,0,0,0,0,0,0,0,0,75,0,0,0,0,0,0,0,0,0,0,0,0,0,0,none_activation_polynomial,halo_local,carry,carry,carry=1;fused=0;explicit=0;bootstrap-drop=0,dec2a->dec2a_act:carry:layout_same_carry_halo:mode=halo_local,1,0,0,0,,0,1,0,0,none,,2,2,1x64x112x112,1x64x112x112,1x16x224x224,1x16x224x224,-0.058134134858846664,0.06387584656476974,-0.02822241187095642,0.03295760974287987,,,silu,7,3,1.0,0.0,-0.11913911998271942,0.1248808354139328,,,,,,,dec2a,"{""bottom_beta"":1,""gap"":2,""stored_slots"":817152,""stride"":1,""tile_count"":25,""top_beta"":1}","{""bottom_beta"":0,""gap"":2,""stored_slots"":802816,""stride"":1,""tile_count"":25,""top_beta"":0}","{""bottom_beta"":1,""gap"":2,""stored_slots"":817152,""stride"":1,""tile_count"":25,""top_beta"":1}","{""bottom_beta"":1,""core_slots"":802816,""gap"":2,""stored_slots"":817152,""stride"":1,""tile_count"":25,""top_beta"":1}",logical_halo_compact,logical_halo_compact,logical_halo_compact,1,0,False,0,0,False,planner_estimate,1189,38292800,4,10,8,192,32768,1292318,1292210,1292016,1292016,194,194,4,21140672,1158,21142024,0.023015607047108387,1293368.0,"planner-only metadata compile; real traced DAG with 22 body LT layers plus explicit 1x1 output; SiLU7 fit uses StatsTracker ranges; edge_kind: carry=layout unchanged, fused=layout change hidden in operator, explicit=separate re-layout, bootstrap-drop=CT-saving drop halo before bootstrap; no dense HE transform generation or FHE forward",31,18,4,1,22,22,1,14336
224x224_HanCo_Hand,HanCo Hand Segmentation Dataset,224x224,3,1,32,UNet22PlusOutput_real_trace_22_body_layers_plus_1x1_output,OrionTracer+StatsTracker+fit+NetworkDAG+layout_policy+BootstrapSolver,silu,7,3,Chebyshev.fit from StatsTracker; depth=3 plus 1 if fitted prescale!=1,dp,template,template_unweighted_diagonal_bsgs,template_unweighted_diagonal,32768,41,19,19,dec2b,Conv2d,False,True,u22_same_shape_conv_provider,,25,25,25,25,25,1,1,1,1,10,1,9,False,,,,,,0,0,0,0,13312,13312,13312,0,0,0,0,0,0,106496,0,16384,128,1024,12288,0,13312,0,256,0,6,154816,141504,64,64,template,compact_halo_shared,fused,fused,carry=0;fused=1;explicit=0;bootstrap-drop=0,dec2a_act->dec2b:fused:layout_changed_hidden_in_Conv2d:mode=compact_halo_shared,0,1,0,0,,1,0,0,0,source+target,target:consumer_fused_relayout;source:producer_materialized_halo,2,2,1x64x112x112,1x64x112x112,1x16x224x224,1x16x224x224,-0.02822241187095642,0.03295760974287987,-0.04935452714562416,0.04549960792064667,64,64,,,,,,,,3x3,1x1,1x1,,1x1,1,dec2a_act,"{""bottom_beta"":1,""gap"":2,""stored_slots"":817152,""stride"":1,""tile_count"":25,""top_beta"":1}","{""bottom_beta"":1,""gap"":2,""stored_slots"":817152,""stride"":1,""tile_count"":25,""top_beta"":1}","{""bottom_beta"":1,""gap"":2,""stored_slots"":817152,""stride"":1,""tile_count"":25,""top_beta"":1}","{""bottom_beta"":1,""core_slots"":802816,""gap"":2,""stored_slots"":817152,""stride"":2,""tile_count"":25,""top_beta"":1}",logical_halo_compact,logical_halo_compact,logical_halo_compact,1,0,False,1,0,True,planner_estimate,1189,38292800,4,10,8,192,32768,1292318,1292210,1292016,1292016,194,194,4,21140672,1158,21142024,0.023015607047108387,1293368.0,"planner-only metadata compile; real traced DAG with 22 body LT layers plus explicit 1x1 output; SiLU7 fit uses StatsTracker ranges; edge_kind: carry=layout unchanged, fused=layout change hidden in operator, explicit=separate re-layout, bootstrap-drop=CT-saving drop halo before bootstrap; no dense HE transform generation or FHE forward",31,18,4,1,22,22,1,14336
224x224_HanCo_Hand,HanCo Hand Segmentation Dataset,224x224,3,1,32,UNet22PlusOutput_real_trace_22_body_layers_plus_1x1_output,OrionTracer+StatsTracker+fit+NetworkDAG+layout_policy+BootstrapSolver,silu,7,3,Chebyshev.fit from StatsTracker; depth=3 plus 1 if fitted prescale!=1,dp,template,template_unweighted_diagonal_bsgs,template_unweighted_diagonal,32768,42,,,dec2b_act,SiLU,False,,chebyshev_polynomial_activation,not_a_provider_linear_kernel,25,25,25,25,25,1,1,1,1,9,3,6,False,,,,,,0,0,0,0,0,0,0,0,0,0,0,0,0,0,75,0,0,0,0,0,0,0,0,0,0,0,0,0,0,none_activation_polynomial,halo_local,carry,carry,carry=1;fused=0;explicit=0;bootstrap-drop=0,dec2b->dec2b_act:carry:layout_same_carry_halo:mode=halo_local,1,0,0,0,,0,1,0,0,none,,2,2,1x64x112x112,1x64x112x112,1x16x224x224,1x16x224x224,-0.04935452714562416,0.04549960792064667,-0.024068418890237808,0.023267269134521484,,,silu,7,3,1.0,0.0,-0.09678158909082413,0.09292667359113693,,,,,,,dec2b,"{""bottom_beta"":1,""gap"":2,""stored_slots"":817152,""stride"":2,""tile_count"":25,""top_beta"":1}","{""bottom_beta"":1,""gap"":2,""stored_slots"":817152,""stride"":2,""tile_count"":25,""top_beta"":1}","{""bottom_beta"":1,""gap"":2,""stored_slots"":817152,""stride"":2,""tile_count"":25,""top_beta"":1}","{""bottom_beta"":1,""core_slots"":802816,""gap"":2,""stored_slots"":817152,""stride"":2,""tile_count"":25,""top_beta"":1}",logical_halo_compact,logical_halo_compact,logical_halo_compact,1,0,False,0,0,False,planner_estimate,1189,38292800,4,10,8,192,32768,1292318,1292210,1292016,1292016,194,194,4,21140672,1158,21142024,0.023015607047108387,1293368.0,"planner-only metadata compile; real traced DAG with 22 body LT layers plus explicit 1x1 output; SiLU7 fit uses StatsTracker ranges; edge_kind: carry=layout unchanged, fused=layout change hidden in operator, explicit=separate re-layout, bootstrap-drop=CT-saving drop halo before bootstrap; no dense HE transform generation or FHE forward",31,18,4,1,22,22,1,14336
224x224_HanCo_Hand,HanCo Hand Segmentation Dataset,224x224,3,1,32,UNet22PlusOutput_real_trace_22_body_layers_plus_1x1_output,OrionTracer+StatsTracker+fit+NetworkDAG+layout_policy+BootstrapSolver,silu,7,3,Chebyshev.fit from StatsTracker; depth=3 plus 1 if fitted prescale!=1,dp,template,template_unweighted_diagonal_bsgs,template_unweighted_diagonal,32768,43,20,20,up1,ConvTranspose2d,False,True,u22_tconv_provider,,50,25,49,25,50,1,1,2,2,6,1,5,False,,,,,,0,0,0,0,512,512,512,0,0,0,0,0,0,24576,0,6144,128,512,0,0,512,0,192,0,4,48640,48128,64,32,template,halo_local,carry,carry,carry=1;fused=0;explicit=0;bootstrap-drop=0,dec2b_act->up1:carry:layout_same_carry_halo:mode=halo_local,1,0,0,0,,0,1,0,0,source,source:producer_materialized_halo,2,1,1x64x112x112,1x32x224x224,1x16x224x224,1x32x224x224,-0.024068418890237808,0.023267269134521484,-0.09017076343297958,0.08848050236701965,64,32,,,,,,,,2x2,2x2,0x0,0x0,1x1,1,dec2b_act,"{""bottom_beta"":1,""gap"":2,""stored_slots"":817152,""stride"":2,""tile_count"":25,""top_beta"":1}","{""bottom_beta"":0,""gap"":2,""stored_slots"":802816,""stride"":2,""tile_count"":25,""top_beta"":0}","{""bottom_beta"":1,""gap"":2,""stored_slots"":817152,""stride"":2,""tile_count"":25,""top_beta"":1}","{""bottom_beta"":2,""core_slots"":1605632,""gap"":1,""stored_slots"":1634304,""stride"":2,""tile_count"":50,""top_beta"":2}",logical_halo_compact,logical_halo_compact,logical_halo_compact,1,0,False,0,0,True,planner_estimate,1189,38292800,4,10,8,192,32768,1292318,1292210,1292016,1292016,194,194,4,21140672,1158,21142024,0.023015607047108387,1293368.0,"planner-only metadata compile; real traced DAG with 22 body LT layers plus explicit 1x1 output; SiLU7 fit uses StatsTracker ranges; edge_kind: carry=layout unchanged, fused=layout change hidden in operator, explicit=separate re-layout, bootstrap-drop=CT-saving drop halo before bootstrap; no dense HE transform generation or FHE forward",31,18,4,1,22,22,1,14336
224x224_HanCo_Hand,HanCo Hand Segmentation Dataset,224x224,3,1,32,UNet22PlusOutput_real_trace_22_body_layers_plus_1x1_output,OrionTracer+StatsTracker+fit+NetworkDAG+layout_policy+BootstrapSolver,silu,7,3,Chebyshev.fit from StatsTracker; depth=3 plus 1 if fitted prescale!=1,dp,template,template_unweighted_diagonal_bsgs,template_unweighted_diagonal,32768,44,,,cat1,Concat,False,,concat_runtime_or_fused_concat,not_a_provider_linear_kernel,100,49,98,50,100,2,2,2,2,5,0,5,False,,,,,,0,0,0,0,100,0,0,100,100,0,1,0,0,0,0,0,0,0,0,0,0,0,0,0,0,0,0,0,0,none_no_linear_transform,halo_local,mixed:carry+explicit,mixed:carry+explicit,carry=1;fused=0;explicit=1;bootstrap-drop=0,enc1b_act->cat1:explicit:dp_add_input_alignment:mode=halo_local;up1->cat1:carry:layout_same_carry_halo:mode=halo_local,1,0,1,0,,1,1,0,0,source_to_target,source_to_target:separate_relayout_edge,1,1,1x32x224x224,1x64x224x224,1x32x224x224,1x64x224x224,-0.26425620913505554,0.809240460395813,-0.26425620913505554,0.809240460395813,,,,,,,,,,,,,,,,enc1b_act;up1,"{""bottom_beta"":2,""gap"":1,""stored_slots"":1634304,""stride"":2,""tile_count"":50,""top_beta"":2}","{""bottom_beta"":0,""gap"":1,""stored_slots"":1605632,""stride"":1,""tile_count"":49,""top_beta"":0}","{""bottom_beta"":2,""gap"":1,""stored_slots"":1634304,""stride"":2,""tile_count"":50,""top_beta"":2}","{""bottom_beta"":2,""core_slots"":3211264,""gap"":1,""stored_slots"":3268608,""stride"":2,""tile_count"":100,""top_beta"":2}",logical_halo_compact,logical_halo_compact;packed_compact,logical_halo_compact,2,1,False,0,0,False,planner_estimate,1189,38292800,4,10,8,192,32768,1292318,1292210,1292016,1292016,194,194,4,21140672,1158,21142024,0.023015607047108387,1293368.0,"planner-only metadata compile; real traced DAG with 22 body LT layers plus explicit 1x1 output; SiLU7 fit uses StatsTracker ranges; edge_kind: carry=layout unchanged, fused=layout change hidden in operator, explicit=separate re-layout, bootstrap-drop=CT-saving drop halo before bootstrap; no dense HE transform generation or FHE forward",31,18,4,1,22,22,1,14336
224x224_HanCo_Hand,HanCo Hand Segmentation Dataset,224x224,3,1,32,UNet22PlusOutput_real_trace_22_body_layers_plus_1x1_output,OrionTracer+StatsTracker+fit+NetworkDAG+layout_policy+BootstrapSolver,silu,7,3,Chebyshev.fit from StatsTracker; depth=3 plus 1 if fitted prescale!=1,dp,template,template_unweighted_diagonal_bsgs,template_unweighted_diagonal,32768,45,21,21,dec1a,Conv2d,False,True,u22_same_shape_conv_provider,,50,98,49,100,50,2,2,1,1,5,1,4,False,,,,,,0,0,0,0,1152,1152,1152,0,0,0,0,0,0,55296,0,6144,128,1152,0,0,1152,0,192,0,7,85056,83904,64,32,template,compact_halo_shared,fused,fused,carry=0;fused=1;explicit=0;bootstrap-drop=0,cat1->dec1a:fused:layout_changed_hidden_in_Conv2d:mode=compact_halo_shared,0,1,0,0,,1,0,0,0,source+target,target:consumer_fused_relayout;source:producer_materialized_halo,1,1,1x64x224x224,1x32x224x224,1x64x224x224,1x32x224x224,-0.26425620913505554,0.809240460395813,-0.22321200370788574,0.23810450732707977,64,32,,,,,,,,3x3,1x1,1x1,,1x1,1,cat1,"{""bottom_beta"":2,""gap"":1,""stored_slots"":3268608,""stride"":2,""tile_count"":100,""top_beta"":2}","{""bottom_beta"":1,""gap"":1,""stored_slots"":3239936,""stride"":1,""tile_count"":99,""top_beta"":1}","{""bottom_beta"":2,""gap"":1,""stored_slots"":3268608,""stride"":2,""tile_count"":100,""top_beta"":2}","{""bottom_beta"":1,""core_slots"":1605632,""gap"":1,""stored_slots"":1619968,""stride"":1,""tile_count"":50,""top_beta"":1}",logical_halo_compact,logical_halo_compact,logical_halo_compact,1,0,False,1,0,True,planner_estimate,1189,38292800,4,10,8,192,32768,1292318,1292210,1292016,1292016,194,194,4,21140672,1158,21142024,0.023015607047108387,1293368.0,"planner-only metadata compile; real traced DAG with 22 body LT layers plus explicit 1x1 output; SiLU7 fit uses StatsTracker ranges; edge_kind: carry=layout unchanged, fused=layout change hidden in operator, explicit=separate re-layout, bootstrap-drop=CT-saving drop halo before bootstrap; no dense HE transform generation or FHE forward",31,18,4,1,22,22,1,14336
224x224_HanCo_Hand,HanCo Hand Segmentation Dataset,224x224,3,1,32,UNet22PlusOutput_real_trace_22_body_layers_plus_1x1_output,OrionTracer+StatsTracker+fit+NetworkDAG+layout_policy+BootstrapSolver,silu,7,3,Chebyshev.fit from StatsTracker; depth=3 plus 1 if fitted prescale!=1,dp,template,template_unweighted_diagonal_bsgs,template_unweighted_diagonal,32768,46,,,dec1a_act,SiLU,False,,chebyshev_polynomial_activation,not_a_provider_linear_kernel,50,49,49,50,50,1,1,1,1,4,3,1,True,child_level_exceeds_output_level,dec1b,dec1b,5,1x32x224x224,1605632,49,32768,49,0,0,0,0,0,0,0,0,0,0,150,0,0,0,0,0,0,0,0,0,0,0,0,0,0,none_activation_polynomial,halo_local,carry+bootstrap-drop,carry,carry=1;fused=0;explicit=0;bootstrap-drop=1,dec1a->dec1a_act:carry:layout_same_carry_halo:mode=halo_local;bootstrap-boundary->dec1b:bootstrap-drop:drop_halo_before_bootstrap,1,0,0,1,bootstrap-boundary->dec1b:bootstrap-drop:drop_halo_before_bootstrap,0,1,1,14336,none,,1,1,1x32x224x224,1x32x224x224,1x32x224x224,1x32x224x224,-0.22321200370788574,0.23810450732707977,-0.09920156002044678,0.1331591159105301,,,silu,7,3,1.0,0.0,-0.4538702666759491,0.4687627851963043,,,,,,,dec1a,"{""bottom_beta"":1,""gap"":1,""stored_slots"":1619968,""stride"":1,""tile_count"":50,""top_beta"":1}","{""bottom_beta"":0,""gap"":1,""stored_slots"":1605632,""stride"":1,""tile_count"":49,""top_beta"":0}","{""bottom_beta"":1,""gap"":1,""stored_slots"":1619968,""stride"":1,""tile_count"":50,""top_beta"":1}","{""bottom_beta"":1,""core_slots"":1605632,""gap"":1,""stored_slots"":1619968,""stride"":1,""tile_count"":50,""top_beta"":1}",logical_halo_compact,logical_halo_compact,logical_halo_compact,1,0,False,0,0,False,planner_estimate,1189,38292800,4,10,8,192,32768,1292318,1292210,1292016,1292016,194,194,4,21140672,1158,21142024,0.023015607047108387,1293368.0,"planner-only metadata compile; real traced DAG with 22 body LT layers plus explicit 1x1 output; SiLU7 fit uses StatsTracker ranges; edge_kind: carry=layout unchanged, fused=layout change hidden in operator, explicit=separate re-layout, bootstrap-drop=CT-saving drop halo before bootstrap; no dense HE transform generation or FHE forward",31,18,4,1,22,22,1,14336
224x224_HanCo_Hand,HanCo Hand Segmentation Dataset,224x224,3,1,32,UNet22PlusOutput_real_trace_22_body_layers_plus_1x1_output,OrionTracer+StatsTracker+fit+NetworkDAG+layout_policy+BootstrapSolver,silu,7,3,Chebyshev.fit from StatsTracker; depth=3 plus 1 if fitted prescale!=1,dp,template,template_unweighted_diagonal_bsgs,template_unweighted_diagonal,32768,47,22,22,dec1b,Conv2d,False,True,u22_same_shape_conv_provider,,49,49,49,50,49,1,1,0,0,5,1,4,False,,,,,,0,0,0,0,3584,3584,3584,0,0,0,0,0,0,26624,0,4096,64,512,3072,0,3584,0,128,0,6,38496,34912,32,32,template,compact_halo_shared,fused,fused,carry=0;fused=1;explicit=0;bootstrap-drop=0,dec1a_act->dec1b:fused:layout_changed_hidden_in_Conv2d:mode=compact_halo_shared,0,1,0,0,,1,0,0,0,target,target:consumer_fused_relayout,1,1,1x32x224x224,1x32x224x224,1x32x224x224,1x32x224x224,-0.09920156002044678,0.1331591159105301,-0.0981982946395874,0.11001832038164139,32,32,,,,,,,,3x3,1x1,1x1,,1x1,1,dec1a_act,"{""bottom_beta"":1,""gap"":1,""stored_slots"":1619968,""stride"":1,""tile_count"":50,""top_beta"":1}","{""bottom_beta"":1,""gap"":1,""stored_slots"":1619968,""stride"":1,""tile_count"":50,""top_beta"":1}","{""bottom_beta"":1,""gap"":1,""stored_slots"":1619968,""stride"":1,""tile_count"":50,""top_beta"":1}","{""bottom_beta"":0,""core_slots"":1605632,""gap"":1,""stored_slots"":1605632,""stride"":1,""tile_count"":49,""top_beta"":0}",packed_compact,logical_halo_compact,logical_halo_compact,1,0,False,1,0,False,planner_estimate,1189,38292800,4,10,8,192,32768,1292318,1292210,1292016,1292016,194,194,4,21140672,1158,21142024,0.023015607047108387,1293368.0,"planner-only metadata compile; real traced DAG with 22 body LT layers plus explicit 1x1 output; SiLU7 fit uses StatsTracker ranges; edge_kind: carry=layout unchanged, fused=layout change hidden in operator, explicit=separate re-layout, bootstrap-drop=CT-saving drop halo before bootstrap; no dense HE transform generation or FHE forward",31,18,4,1,22,22,1,14336
224x224_HanCo_Hand,HanCo Hand Segmentation Dataset,224x224,3,1,32,UNet22PlusOutput_real_trace_22_body_layers_plus_1x1_output,OrionTracer+StatsTracker+fit+NetworkDAG+layout_policy+BootstrapSolver,silu,7,3,Chebyshev.fit from StatsTracker; depth=3 plus 1 if fitted prescale!=1,dp,template,template_unweighted_diagonal_bsgs,template_unweighted_diagonal,32768,48,,,dec1b_act,SiLU,False,,chebyshev_polynomial_activation,not_a_provider_linear_kernel,49,49,49,49,49,0,0,0,0,4,3,1,False,,,,,,0,0,0,0,0,0,0,0,0,0,0,0,0,0,147,0,0,0,0,0,0,0,0,0,0,0,0,0,0,none_activation_polynomial,halo_local,carry,carry,carry=1;fused=0;explicit=0;bootstrap-drop=0,dec1b->dec1b_act:carry:layout_same_carry_compact:mode=halo_local,1,0,0,0,,0,0,0,0,none,,1,1,1x32x224x224,1x32x224x224,1x32x224x224,1x32x224x224,-0.0981982946395874,0.11001832038164139,-0.046690359711647034,0.058032117784023285,,,silu,7,3,1.0,0.0,-0.2023065984249115,0.2141266167163849,,,,,,,dec1b,"{""bottom_beta"":0,""gap"":1,""stored_slots"":1605632,""stride"":1,""tile_count"":49,""top_beta"":0}","{""bottom_beta"":0,""gap"":1,""stored_slots"":1605632,""stride"":1,""tile_count"":49,""top_beta"":0}","{""bottom_beta"":0,""gap"":1,""stored_slots"":1605632,""stride"":1,""tile_count"":49,""top_beta"":0}","{""bottom_beta"":0,""core_slots"":1605632,""gap"":1,""stored_slots"":1605632,""stride"":1,""tile_count"":49,""top_beta"":0}",packed_compact,packed_compact,packed_compact,1,0,False,0,0,False,planner_estimate,1189,38292800,4,10,8,192,32768,1292318,1292210,1292016,1292016,194,194,4,21140672,1158,21142024,0.023015607047108387,1293368.0,"planner-only metadata compile; real traced DAG with 22 body LT layers plus explicit 1x1 output; SiLU7 fit uses StatsTracker ranges; edge_kind: carry=layout unchanged, fused=layout change hidden in operator, explicit=separate re-layout, bootstrap-drop=CT-saving drop halo before bootstrap; no dense HE transform generation or FHE forward",31,18,4,1,22,22,1,14336
224x224_HanCo_Hand,HanCo Hand Segmentation Dataset,224x224,3,1,32,UNet22PlusOutput_real_trace_22_body_layers_plus_1x1_output,OrionTracer+StatsTracker+fit+NetworkDAG+layout_policy+BootstrapSolver,silu,7,3,Chebyshev.fit from StatsTracker; depth=3 plus 1 if fitted prescale!=1,dp,template,template_unweighted_diagonal_bsgs,template_unweighted_diagonal,32768,49,,23,output,Conv2d,True,True,u22_same_shape_conv_provider,,2,49,2,49,2,0,0,0,0,1,1,0,False,,,,,,0,0,0,0,192,192,192,0,0,0,0,0,0,64,0,64,64,64,128,0,192,0,64,0,2,128,0,32,1,count_only,halo_local,carry,carry,carry=1;fused=0;explicit=0;bootstrap-drop=0,dec1b_act->output:carry:layout_same_carry_compact:mode=halo_local,1,0,0,0,,0,0,0,0,none,,1,1,1x32x224x224,1x1x224x224,1x32x224x224,1x1x224x224,-0.046690359711647034,0.058032117784023285,0.14014509320259094,0.1650320291519165,32,1,,,,,,,,1x1,1x1,0x0,,1x1,1,dec1b_act,"{""bottom_beta"":0,""gap"":1,""stored_slots"":1605632,""stride"":1,""tile_count"":49,""top_beta"":0}","{""bottom_beta"":0,""gap"":1,""stored_slots"":1605632,""stride"":1,""tile_count"":49,""top_beta"":0}","{""bottom_beta"":0,""gap"":1,""stored_slots"":1605632,""stride"":1,""tile_count"":49,""top_beta"":0}","{""bottom_beta"":0,""gap"":1,""stored_slots"":50176,""stride"":1,""tile_count"":2,""top_beta"":0}",,packed_compact,packed_compact,1,0,False,0,0,False,planner_estimate,1189,38292800,4,10,8,192,32768,1292318,1292210,1292016,1292016,194,194,4,21140672,1158,21142024,0.023015607047108387,1293368.0,"planner-only metadata compile; real traced DAG with 22 body LT layers plus explicit 1x1 output; SiLU7 fit uses StatsTracker ranges; edge_kind: carry=layout unchanged, fused=layout change hidden in operator, explicit=separate re-layout, bootstrap-drop=CT-saving drop halo before bootstrap; no dense HE transform generation or FHE forward",31,18,4,1,22,22,1,14336
384x288_CVC_ClinicDB,CVC-ClinicDB,384x288,3,1,32,UNet22PlusOutput_real_trace_22_body_layers_plus_1x1_output,OrionTracer+StatsTracker+fit+NetworkDAG+layout_policy+BootstrapSolver,silu,7,3,Chebyshev.fit from StatsTracker; depth=3 plus 1 if fitted prescale!=1,dp,template,template_unweighted_diagonal_bsgs,template_unweighted_diagonal,32768,1,1,1,enc1a,Conv2d,False,True,u22_same_shape_conv_provider,,109,11,108,11,109,1,1,1,1,8,1,7,False,,,,,,0,0,0,0,768,768,768,0,0,0,0,0,0,5760,0,960,12,96,672,0,768,0,30,0,6,8952,8184,3,32,template,native_halo_stripe,carry,carry,carry=1;fused=0;explicit=0;bootstrap-drop=0,x->enc1a:carry:layout_same_carry_halo:mode=native_halo_stripe,1,0,0,0,,0,1,0,0,source,source:producer_materialized_halo,1,1,1x3x384x288,1x32x384x288,1x3x384x288,1x32x384x288,-4.846424579620361,4.263586521148682,-3.1497154235839844,3.2278974056243896,3,32,,,,,,,,3x3,1x1,1x1,,1x1,1,x,"{""bottom_beta"":1,""gap"":1,""stored_slots"":333504,""stride"":1,""tile_count"":11,""top_beta"":1}","{""bottom_beta"":1,""gap"":1,""stored_slots"":333504,""stride"":1,""tile_count"":11,""top_beta"":1}","{""bottom_beta"":1,""gap"":1,""stored_slots"":333504,""stride"":1,""tile_count"":11,""top_beta"":1}","{""bottom_beta"":1,""core_slots"":3538944,""gap"":1,""stored_slots"":3557376,""stride"":1,""tile_count"":109,""top_beta"":1}",logical_halo_compact,logical_halo_compact,native_source_stripe,1,0,False,0,0,True,planner_estimate,2580,83609280,4,10,8,413,32768,2567020,2566660,2566240,2566240,420,420,4,47875776,2517,47878713,0.013425770777479893,2569177.0,"planner-only metadata compile; real traced DAG with 22 body LT layers plus explicit 1x1 output; SiLU7 fit uses StatsTracker ranges; edge_kind: carry=layout unchanged, fused=layout change hidden in operator, explicit=separate re-layout, bootstrap-drop=CT-saving drop halo before bootstrap; no dense HE transform generation or FHE forward",31,18,4,8,22,22,8,147456
384x288_CVC_ClinicDB,CVC-ClinicDB,384x288,3,1,32,UNet22PlusOutput_real_trace_22_body_layers_plus_1x1_output,OrionTracer+StatsTracker+fit+NetworkDAG+layout_policy+BootstrapSolver,silu,7,3,Chebyshev.fit from StatsTracker; depth=3 plus 1 if fitted prescale!=1,dp,template,template_unweighted_diagonal_bsgs,template_unweighted_diagonal,32768,2,,,enc1a_act,SiLU,False,,chebyshev_polynomial_activation,not_a_provider_linear_kernel,109,108,108,109,109,1,1,1,1,7,4,3,False,,,,,,0,0,0,0,0,0,0,0,0,0,0,0,0,0,327,0,0,0,0,0,0,0,0,0,0,0,0,0,0,none_activation_polynomial,halo_local,carry,carry,carry=1;fused=0;explicit=0;bootstrap-drop=0,enc1a->enc1a_act:carry:layout_same_carry_halo:mode=halo_local,1,0,0,0,,0,1,0,0,none,,1,1,1x32x384x288,1x32x384x288,1x32x384x288,1x32x384x288,-3.1497154235839844,3.2278974056243896,-0.27846455574035645,3.1048200130462646,,,silu,7,4,0.15679847450702902,-0.006129426450770492,-6.338521957397461,6.416704177856445,,,,,,,enc1a,"{""bottom_beta"":1,""gap"":1,""stored_slots"":3557376,""stride"":1,""tile_count"":109,""top_beta"":1}","{""bottom_beta"":0,""gap"":1,""stored_slots"":3538944,""stride"":1,""tile_count"":108,""top_beta"":0}","{""bottom_beta"":1,""gap"":1,""stored_slots"":3557376,""stride"":1,""tile_count"":109,""top_beta"":1}","{""bottom_beta"":1,""core_slots"":3538944,""gap"":1,""stored_slots"":3557376,""stride"":1,""tile_count"":109,""top_beta"":1}",logical_halo_compact,logical_halo_compact,logical_halo_compact,1,0,False,0,0,False,planner_estimate,2580,83609280,4,10,8,413,32768,2567020,2566660,2566240,2566240,420,420,4,47875776,2517,47878713,0.013425770777479893,2569177.0,"planner-only metadata compile; real traced DAG with 22 body LT layers plus explicit 1x1 output; SiLU7 fit uses StatsTracker ranges; edge_kind: carry=layout unchanged, fused=layout change hidden in operator, explicit=separate re-layout, bootstrap-drop=CT-saving drop halo before bootstrap; no dense HE transform generation or FHE forward",31,18,4,8,22,22,8,147456
384x288_CVC_ClinicDB,CVC-ClinicDB,384x288,3,1,32,UNet22PlusOutput_real_trace_22_body_layers_plus_1x1_output,OrionTracer+StatsTracker+fit+NetworkDAG+layout_policy+BootstrapSolver,silu,7,3,Chebyshev.fit from StatsTracker; depth=3 plus 1 if fitted prescale!=1,dp,template,template_unweighted_diagonal_bsgs,template_unweighted_diagonal,32768,3,2,2,enc1b,Conv2d,False,True,u22_same_shape_conv_provider,,108,108,108,109,108,1,1,0,0,3,1,2,True,child_level_exceeds_output_level,enc1b_act,enc1b_act,10,1x32x384x288,3538944,108,32768,108,8192,8192,8192,0,0,0,0,0,0,61440,0,10240,128,1024,7168,0,8192,0,320,0,6,95488,87296,32,32,template,compact_halo_shared,fused,fused,carry=0;fused=1;explicit=0;bootstrap-drop=0,enc1a_act->enc1b:fused:layout_changed_hidden_in_Conv2d:mode=compact_halo_shared,0,1,0,0,,1,0,0,0,target,target:consumer_fused_relayout,1,1,1x32x384x288,1x32x384x288,1x32x384x288,1x32x384x288,-0.27846455574035645,3.1048200130462646,-1.0848479270935059,1.0926731824874878,32,32,,,,,,,,3x3,1x1,1x1,,1x1,1,enc1a_act,"{""bottom_beta"":1,""gap"":1,""stored_slots"":3557376,""stride"":1,""tile_count"":109,""top_beta"":1}","{""bottom_beta"":1,""gap"":1,""stored_slots"":3557376,""stride"":1,""tile_count"":109,""top_beta"":1}","{""bottom_beta"":1,""gap"":1,""stored_slots"":3557376,""stride"":1,""tile_count"":109,""top_beta"":1}","{""bottom_beta"":0,""core_slots"":3538944,""gap"":1,""stored_slots"":3538944,""stride"":1,""tile_count"":108,""top_beta"":0}",packed_compact,logical_halo_compact,logical_halo_compact,1,0,False,1,0,False,planner_estimate,2580,83609280,4,10,8,413,32768,2567020,2566660,2566240,2566240,420,420,4,47875776,2517,47878713,0.013425770777479893,2569177.0,"planner-only metadata compile; real traced DAG with 22 body LT layers plus explicit 1x1 output; SiLU7 fit uses StatsTracker ranges; edge_kind: carry=layout unchanged, fused=layout change hidden in operator, explicit=separate re-layout, bootstrap-drop=CT-saving drop halo before bootstrap; no dense HE transform generation or FHE forward",31,18,4,8,22,22,8,147456
384x288_CVC_ClinicDB,CVC-ClinicDB,384x288,3,1,32,UNet22PlusOutput_real_trace_22_body_layers_plus_1x1_output,OrionTracer+StatsTracker+fit+NetworkDAG+layout_policy+BootstrapSolver,silu,7,3,Chebyshev.fit from StatsTracker; depth=3 plus 1 if fitted prescale!=1,dp,template,template_unweighted_diagonal_bsgs,template_unweighted_diagonal,32768,4,,,enc1b_act,SiLU,False,,chebyshev_polynomial_activation,not_a_provider_linear_kernel,108,108,108,108,108,0,0,0,0,10,4,6,False,,,,,,0,0,0,0,0,0,0,0,0,0,0,0,0,0,324,0,0,0,0,0,0,0,0,0,0,0,0,0,0,none_activation_polynomial,halo_local,carry,carry,carry=1;fused=0;explicit=0;bootstrap-drop=0,enc1b->enc1b_act:carry:layout_same_carry_compact:mode=halo_local,1,0,0,0,,0,0,0,0,none,,1,1,1x32x384x288,1x32x384x288,1x32x384x288,1x32x384x288,-1.0848479270935059,1.0926731824874878,-0.2740214169025421,0.8182862997055054,,,silu,7,4,0.4592377731056829,-0.0017968538032620818,-2.1736085414886475,2.181433916091919,,,,,,,enc1b,"{""bottom_beta"":0,""gap"":1,""stored_slots"":3538944,""stride"":1,""tile_count"":108,""top_beta"":0}","{""bottom_beta"":0,""gap"":1,""stored_slots"":3538944,""stride"":1,""tile_count"":108,""top_beta"":0}","{""bottom_beta"":0,""gap"":1,""stored_slots"":3538944,""stride"":1,""tile_count"":108,""top_beta"":0}","{""bottom_beta"":0,""core_slots"":3538944,""gap"":1,""stored_slots"":3538944,""stride"":1,""tile_count"":108,""top_beta"":0}",packed_compact,packed_compact,packed_compact,1,0,False,0,0,False,planner_estimate,2580,83609280,4,10,8,413,32768,2567020,2566660,2566240,2566240,420,420,4,47875776,2517,47878713,0.013425770777479893,2569177.0,"planner-only metadata compile; real traced DAG with 22 body LT layers plus explicit 1x1 output; SiLU7 fit uses StatsTracker ranges; edge_kind: carry=layout unchanged, fused=layout change hidden in operator, explicit=separate re-layout, bootstrap-drop=CT-saving drop halo before bootstrap; no dense HE transform generation or FHE forward",31,18,4,8,22,22,8,147456
384x288_CVC_ClinicDB,CVC-ClinicDB,384x288,3,1,32,UNet22PlusOutput_real_trace_22_body_layers_plus_1x1_output,OrionTracer+StatsTracker+fit+NetworkDAG+layout_policy+BootstrapSolver,silu,7,3,Chebyshev.fit from StatsTracker; depth=3 plus 1 if fitted prescale!=1,dp,template,template_unweighted_diagonal_bsgs,template_unweighted_diagonal,32768,5,,,pool1,AvgPool2d,False,True,u22_pool_provider,,28,108,27,108,28,0,0,1,1,6,1,5,False,,,,,,0,0,0,0,352,352,352,0,0,0,0,0,0,704,0,224,128,320,32,0,352,0,224,0,2,544,192,32,1,template,halo_local,fused,fused,carry=0;fused=1;explicit=0;bootstrap-drop=0,enc1b_act->pool1:fused:layout_changed_by_AvgPool2d:mode=halo_local,0,1,0,0,,1,0,0,0,source,source:producer_materialized_halo,1,2,1x32x384x288,1x32x192x144,1x32x384x288,1x8x384x288,-0.2740214169025421,0.8182862997055054,-0.19905053079128265,0.3599076271057129,32,32,,,,,,,,2x2,2x2,0x0,,1x1,32,enc1b_act,"{""bottom_beta"":0,""gap"":1,""stored_slots"":3538944,""stride"":1,""tile_count"":108,""top_beta"":0}","{""bottom_beta"":0,""gap"":1,""stored_slots"":3538944,""stride"":2,""tile_count"":108,""top_beta"":0}","{""bottom_beta"":0,""gap"":1,""stored_slots"":3538944,""stride"":2,""tile_count"":108,""top_beta"":0}","{""bottom_beta"":1,""core_slots"":884736,""gap"":2,""stored_slots"":893952,""stride"":1,""tile_count"":28,""top_beta"":1}",logical_halo_compact,packed_compact,packed_compact,1,0,False,0,0,True,planner_estimate,2580,83609280,4,10,8,413,32768,2567020,2566660,2566240,2566240,420,420,4,47875776,2517,47878713,0.013425770777479893,2569177.0,"planner-only metadata compile; real traced DAG with 22 body LT layers plus explicit 1x1 output; SiLU7 fit uses StatsTracker ranges; edge_kind: carry=layout unchanged, fused=layout change hidden in operator, explicit=separate re-layout, bootstrap-drop=CT-saving drop halo before bootstrap; no dense HE transform generation or FHE forward",31,18,4,8,22,22,8,147456
384x288_CVC_ClinicDB,CVC-ClinicDB,384x288,3,1,32,UNet22PlusOutput_real_trace_22_body_layers_plus_1x1_output,OrionTracer+StatsTracker+fit+NetworkDAG+layout_policy+BootstrapSolver,silu,7,3,Chebyshev.fit from StatsTracker; depth=3 plus 1 if fitted prescale!=1,dp,template,template_unweighted_diagonal_bsgs,template_unweighted_diagonal,32768,6,3,3,enc2a,Conv2d,False,True,u22_same_shape_conv_provider,,55,27,54,28,55,1,1,1,1,5,1,4,False,,,,,,0,0,0,0,9216,9216,9216,0,0,0,0,0,0,110592,0,14336,128,1024,8192,0,9216,0,224,0,6,152832,143616,32,64,template,compact_halo_shared,fused,fused,carry=0;fused=1;explicit=0;bootstrap-drop=0,pool1->enc2a:fused:layout_changed_hidden_in_Conv2d:mode=compact_halo_shared,0,1,0,0,,1,0,0,0,source+target,target:consumer_fused_relayout;source:producer_materialized_halo,2,2,1x32x192x144,1x64x192x144,1x8x384x288,1x16x384x288,-0.19905053079128265,0.3599076271057129,-0.17951427400112152,0.20501849055290222,32,64,,,,,,,,3x3,1x1,1x1,,1x1,1,pool1,"{""bottom_beta"":1,""gap"":2,""stored_slots"":893952,""stride"":1,""tile_count"":28,""top_beta"":1}","{""bottom_beta"":1,""gap"":2,""stored_slots"":893952,""stride"":1,""tile_count"":28,""top_beta"":1}","{""bottom_beta"":1,""gap"":2,""stored_slots"":893952,""stride"":1,""tile_count"":28,""top_beta"":1}","{""bottom_beta"":1,""core_slots"":1769472,""gap"":2,""stored_slots"":1787904,""stride"":1,""tile_count"":55,""top_beta"":1}",logical_halo_compact,logical_halo_compact,logical_halo_compact,1,0,False,1,0,True,planner_estimate,2580,83609280,4,10,8,413,32768,2567020,2566660,2566240,2566240,420,420,4,47875776,2517,47878713,0.013425770777479893,2569177.0,"planner-only metadata compile; real traced DAG with 22 body LT layers plus explicit 1x1 output; SiLU7 fit uses StatsTracker ranges; edge_kind: carry=layout unchanged, fused=layout change hidden in operator, explicit=separate re-layout, bootstrap-drop=CT-saving drop halo before bootstrap; no dense HE transform generation or FHE forward",31,18,4,8,22,22,8,147456
384x288_CVC_ClinicDB,CVC-ClinicDB,384x288,3,1,32,UNet22PlusOutput_real_trace_22_body_layers_plus_1x1_output,OrionTracer+StatsTracker+fit+NetworkDAG+layout_policy+BootstrapSolver,silu,7,3,Chebyshev.fit from StatsTracker; depth=3 plus 1 if fitted prescale!=1,dp,template,template_unweighted_diagonal_bsgs,template_unweighted_diagonal,32768,7,,,enc2a_act,SiLU,False,,chebyshev_polynomial_activation,not_a_provider_linear_kernel,55,54,54,55,55,1,1,1,1,4,3,1,True,child_level_exceeds_output_level,enc2b,enc2b,10,1x16x384x288,1769472,54,32768,54,0,0,0,0,0,0,0,0,0,0,165,0,0,0,0,0,0,0,0,0,0,0,0,0,0,none_activation_polynomial,halo_local,carry+bootstrap-drop,carry,carry=1;fused=0;explicit=0;bootstrap-drop=1,enc2a->enc2a_act:carry:layout_same_carry_halo:mode=halo_local;bootstrap-boundary->enc2b:bootstrap-drop:drop_halo_before_bootstrap,1,0,0,1,bootstrap-boundary->enc2b:bootstrap-drop:drop_halo_before_bootstrap,0,1,1,18432,none,,2,2,1x64x192x144,1x64x192x144,1x16x384x288,1x16x384x288,-0.17951427400112152,0.20501849055290222,-0.08172235637903214,0.11298074573278427,,,silu,7,3,1.0,0.0,-0.3717806339263916,0.3972848653793335,,,,,,,enc2a,"{""bottom_beta"":1,""gap"":2,""stored_slots"":1787904,""stride"":1,""tile_count"":55,""top_beta"":1}","{""bottom_beta"":0,""gap"":2,""stored_slots"":1769472,""stride"":1,""tile_count"":54,""top_beta"":0}","{""bottom_beta"":1,""gap"":2,""stored_slots"":1787904,""stride"":1,""tile_count"":55,""top_beta"":1}","{""bottom_beta"":1,""core_slots"":1769472,""gap"":2,""stored_slots"":1787904,""stride"":1,""tile_count"":55,""top_beta"":1}",logical_halo_compact,logical_halo_compact,logical_halo_compact,1,0,False,0,0,False,planner_estimate,2580,83609280,4,10,8,413,32768,2567020,2566660,2566240,2566240,420,420,4,47875776,2517,47878713,0.013425770777479893,2569177.0,"planner-only metadata compile; real traced DAG with 22 body LT layers plus explicit 1x1 output; SiLU7 fit uses StatsTracker ranges; edge_kind: carry=layout unchanged, fused=layout change hidden in operator, explicit=separate re-layout, bootstrap-drop=CT-saving drop halo before bootstrap; no dense HE transform generation or FHE forward",31,18,4,8,22,22,8,147456
384x288_CVC_ClinicDB,CVC-ClinicDB,384x288,3,1,32,UNet22PlusOutput_real_trace_22_body_layers_plus_1x1_output,OrionTracer+StatsTracker+fit+NetworkDAG+layout_policy+BootstrapSolver,silu,7,3,Chebyshev.fit from StatsTracker; depth=3 plus 1 if fitted prescale!=1,dp,template,template_unweighted_diagonal_bsgs,template_unweighted_diagonal,32768,8,4,4,enc2b,Conv2d,False,True,u22_same_shape_conv_provider,,54,54,54,55,54,1,1,0,0,10,1,9,False,,,,,,0,0,0,0,18432,18432,18432,0,0,0,0,0,0,221184,0,28672,256,2048,16384,0,18432,0,448,0,6,305664,287232,64,64,template,compact_halo_shared,fused,fused,carry=0;fused=1;explicit=0;bootstrap-drop=0,enc2a_act->enc2b:fused:layout_changed_hidden_in_Conv2d:mode=compact_halo_shared,0,1,0,0,,1,0,0,0,target,target:consumer_fused_relayout,2,2,1x64x192x144,1x64x192x144,1x16x384x288,1x16x384x288,-0.08172235637903214,0.11298074573278427,-0.08333643525838852,0.08279700577259064,64,64,,,,,,,,3x3,1x1,1x1,,1x1,1,enc2a_act,"{""bottom_beta"":1,""gap"":2,""stored_slots"":1787904,""stride"":1,""tile_count"":55,""top_beta"":1}","{""bottom_beta"":1,""gap"":2,""stored_slots"":1787904,""stride"":1,""tile_count"":55,""top_beta"":1}","{""bottom_beta"":1,""gap"":2,""stored_slots"":1787904,""stride"":1,""tile_count"":55,""top_beta"":1}","{""bottom_beta"":0,""core_slots"":1769472,""gap"":2,""stored_slots"":1769472,""stride"":2,""tile_count"":54,""top_beta"":0}",packed_compact,logical_halo_compact,logical_halo_compact,1,0,False,1,0,False,planner_estimate,2580,83609280,4,10,8,413,32768,2567020,2566660,2566240,2566240,420,420,4,47875776,2517,47878713,0.013425770777479893,2569177.0,"planner-only metadata compile; real traced DAG with 22 body LT layers plus explicit 1x1 output; SiLU7 fit uses StatsTracker ranges; edge_kind: carry=layout unchanged, fused=layout change hidden in operator, explicit=separate re-layout, bootstrap-drop=CT-saving drop halo before bootstrap; no dense HE transform generation or FHE forward",31,18,4,8,22,22,8,147456
384x288_CVC_ClinicDB,CVC-ClinicDB,384x288,3,1,32,UNet22PlusOutput_real_trace_22_body_layers_plus_1x1_output,OrionTracer+StatsTracker+fit+NetworkDAG+layout_policy+BootstrapSolver,silu,7,3,Chebyshev.fit from StatsTracker; depth=3 plus 1 if fitted prescale!=1,dp,template,template_unweighted_diagonal_bsgs,template_unweighted_diagonal,32768,9,,,enc2b_act,SiLU,False,,chebyshev_polynomial_activation,not_a_provider_linear_kernel,54,54,54,54,54,0,0,0,0,9,3,6,False,,,,,,0,0,0,0,0,0,0,0,0,0,0,0,0,0,162,0,0,0,0,0,0,0,0,0,0,0,0,0,0,none_activation_polynomial,halo_local,carry,carry,carry=1;fused=0;explicit=0;bootstrap-drop=0,enc2b->enc2b_act:carry:layout_same_carry_compact:mode=halo_local,1,0,0,0,,0,0,0,0,none,,2,2,1x64x192x144,1x64x192x144,1x16x384x288,1x16x384x288,-0.08333643525838852,0.08279700577259064,-0.039932981133461,0.04311136156320572,,,silu,7,3,1.0,0.0,-0.1664031445980072,0.16586372256278992,,,,,,,enc2b,"{""bottom_beta"":0,""gap"":2,""stored_slots"":1769472,""stride"":2,""tile_count"":54,""top_beta"":0}","{""bottom_beta"":0,""gap"":2,""stored_slots"":1769472,""stride"":1,""tile_count"":54,""top_beta"":0}","{""bottom_beta"":0,""gap"":2,""stored_slots"":1769472,""stride"":2,""tile_count"":54,""top_beta"":0}","{""bottom_beta"":0,""core_slots"":1769472,""gap"":2,""stored_slots"":1769472,""stride"":2,""tile_count"":54,""top_beta"":0}",packed_compact,packed_compact,packed_compact,1,0,False,0,0,False,planner_estimate,2580,83609280,4,10,8,413,32768,2567020,2566660,2566240,2566240,420,420,4,47875776,2517,47878713,0.013425770777479893,2569177.0,"planner-only metadata compile; real traced DAG with 22 body LT layers plus explicit 1x1 output; SiLU7 fit uses StatsTracker ranges; edge_kind: carry=layout unchanged, fused=layout change hidden in operator, explicit=separate re-layout, bootstrap-drop=CT-saving drop halo before bootstrap; no dense HE transform generation or FHE forward",31,18,4,8,22,22,8,147456
384x288_CVC_ClinicDB,CVC-ClinicDB,384x288,3,1,32,UNet22PlusOutput_real_trace_22_body_layers_plus_1x1_output,OrionTracer+StatsTracker+fit+NetworkDAG+layout_policy+BootstrapSolver,silu,7,3,Chebyshev.fit from StatsTracker; depth=3 plus 1 if fitted prescale!=1,dp,template,template_unweighted_diagonal_bsgs,template_unweighted_diagonal,32768,10,,,pool2,AvgPool2d,False,True,u22_pool_provider,,14,54,14,54,14,0,0,1,1,6,1,5,False,,,,,,0,0,0,0,640,640,640,0,0,0,0,0,0,1280,0,384,256,512,128,0,640,0,384,0,2,896,256,64,1,template,halo_local,carry,carry,carry=1;fused=0;explicit=0;bootstrap-drop=0,enc2b_act->pool2:carry:layout_same_carry_compact:mode=halo_local,1,0,0,0,,0,0,0,0,source,source:producer_materialized_halo,2,4,1x64x192x144,1x64x96x72,1x16x384x288,1x4x384x288,-0.039932981133461,0.04311136156320572,-0.032941948622465134,0.03559715673327446,64,64,,,,,,,,2x2,2x2,0x0,,1x1,64,enc2b_act,"{""bottom_beta"":0,""gap"":2,""stored_slots"":1769472,""stride"":2,""tile_count"":54,""top_beta"":0}","{""bottom_beta"":0,""gap"":2,""stored_slots"":1769472,""stride"":2,""tile_count"":54,""top_beta"":0}","{""bottom_beta"":0,""gap"":2,""stored_slots"":1769472,""stride"":2,""tile_count"":54,""top_beta"":0}","{""bottom_beta"":1,""core_slots"":442368,""gap"":4,""stored_slots"":451584,""stride"":1,""tile_count"":14,""top_beta"":1}",logical_halo_compact,packed_compact,packed_compact,1,0,False,0,0,True,planner_estimate,2580,83609280,4,10,8,413,32768,2567020,2566660,2566240,2566240,420,420,4,47875776,2517,47878713,0.013425770777479893,2569177.0,"planner-only metadata compile; real traced DAG with 22 body LT layers plus explicit 1x1 output; SiLU7 fit uses StatsTracker ranges; edge_kind: carry=layout unchanged, fused=layout change hidden in operator, explicit=separate re-layout, bootstrap-drop=CT-saving drop halo before bootstrap; no dense HE transform generation or FHE forward",31,18,4,8,22,22,8,147456
384x288_CVC_ClinicDB,CVC-ClinicDB,384x288,3,1,32,UNet22PlusOutput_real_trace_22_body_layers_plus_1x1_output,OrionTracer+StatsTracker+fit+NetworkDAG+layout_policy+BootstrapSolver,silu,7,3,Chebyshev.fit from StatsTracker; depth=3 plus 1 if fitted prescale!=1,dp,template,template_unweighted_diagonal_bsgs,template_unweighted_diagonal,32768,11,5,5,enc3a,Conv2d,False,True,u22_same_shape_conv_provider,,28,14,27,14,28,1,1,1,1,5,1,4,False,,,,,,0,0,0,0,34816,34816,34816,0,0,0,0,0,0,442368,0,57344,256,2048,32768,0,34816,0,448,0,6,612864,578048,64,128,template,compact_halo_shared,fused,fused,carry=0;fused=1;explicit=0;bootstrap-drop=0,pool2->enc3a:fused:layout_changed_hidden_in_Conv2d:mode=compact_halo_shared,0,1,0,0,,1,0,0,0,source+target,target:consumer_fused_relayout;source:producer_materialized_halo,4,4,1x64x96x72,1x128x96x72,1x4x384x288,1x8x384x288,-0.032941948622465134,0.03559715673327446,-0.05106673762202263,0.05819416046142578,64,128,,,,,,,,3x3,1x1,1x1,,1x1,1,pool2,"{""bottom_beta"":1,""gap"":4,""stored_slots"":451584,""stride"":1,""tile_count"":14,""top_beta"":1}","{""bottom_beta"":1,""gap"":4,""stored_slots"":451584,""stride"":1,""tile_count"":14,""top_beta"":1}","{""bottom_beta"":1,""gap"":4,""stored_slots"":451584,""stride"":1,""tile_count"":14,""top_beta"":1}","{""bottom_beta"":1,""core_slots"":884736,""gap"":4,""stored_slots"":903168,""stride"":1,""tile_count"":28,""top_beta"":1}",logical_halo_compact,logical_halo_compact,logical_halo_compact,1,0,False,1,0,True,planner_estimate,2580,83609280,4,10,8,413,32768,2567020,2566660,2566240,2566240,420,420,4,47875776,2517,47878713,0.013425770777479893,2569177.0,"planner-only metadata compile; real traced DAG with 22 body LT layers plus explicit 1x1 output; SiLU7 fit uses StatsTracker ranges; edge_kind: carry=layout unchanged, fused=layout change hidden in operator, explicit=separate re-layout, bootstrap-drop=CT-saving drop halo before bootstrap; no dense HE transform generation or FHE forward",31,18,4,8,22,22,8,147456
384x288_CVC_ClinicDB,CVC-ClinicDB,384x288,3,1,32,UNet22PlusOutput_real_trace_22_body_layers_plus_1x1_output,OrionTracer+StatsTracker+fit+NetworkDAG+layout_policy+BootstrapSolver,silu,7,3,Chebyshev.fit from StatsTracker; depth=3 plus 1 if fitted prescale!=1,dp,template,template_unweighted_diagonal_bsgs,template_unweighted_diagonal,32768,12,,,enc3a_act,SiLU,False,,chebyshev_polynomial_activation,not_a_provider_linear_kernel,28,27,27,28,28,1,1,1,1,4,3,1,True,child_level_exceeds_output_level,enc3b,enc3b,10,1x8x384x288,884736,27,32768,27,0,0,0,0,0,0,0,0,0,0,84,0,0,0,0,0,0,0,0,0,0,0,0,0,0,none_activation_polynomial,halo_local,carry+bootstrap-drop,carry,carry=1;fused=0;explicit=0;bootstrap-drop=1,enc3a->enc3a_act:carry:layout_same_carry_halo:mode=halo_local;bootstrap-boundary->enc3b:bootstrap-drop:drop_halo_before_bootstrap,1,0,0,1,bootstrap-boundary->enc3b:bootstrap-drop:drop_halo_before_bootstrap,0,1,1,18432,none,,4,4,1x128x96x72,1x128x96x72,1x8x384x288,1x8x384x288,-0.05106673762202263,0.05819416046142578,-0.02488156035542488,0.02994348295032978,,,silu,7,3,1.0,0.0,-0.10569719225168228,0.11282461136579514,,,,,,,enc3a,"{""bottom_beta"":1,""gap"":4,""stored_slots"":903168,""stride"":1,""tile_count"":28,""top_beta"":1}","{""bottom_beta"":0,""gap"":4,""stored_slots"":884736,""stride"":1,""tile_count"":27,""top_beta"":0}","{""bottom_beta"":1,""gap"":4,""stored_slots"":903168,""stride"":1,""tile_count"":28,""top_beta"":1}","{""bottom_beta"":1,""core_slots"":884736,""gap"":4,""stored_slots"":903168,""stride"":1,""tile_count"":28,""top_beta"":1}",logical_halo_compact,logical_halo_compact,logical_halo_compact,1,0,False,0,0,False,planner_estimate,2580,83609280,4,10,8,413,32768,2567020,2566660,2566240,2566240,420,420,4,47875776,2517,47878713,0.013425770777479893,2569177.0,"planner-only metadata compile; real traced DAG with 22 body LT layers plus explicit 1x1 output; SiLU7 fit uses StatsTracker ranges; edge_kind: carry=layout unchanged, fused=layout change hidden in operator, explicit=separate re-layout, bootstrap-drop=CT-saving drop halo before bootstrap; no dense HE transform generation or FHE forward",31,18,4,8,22,22,8,147456
384x288_CVC_ClinicDB,CVC-ClinicDB,384x288,3,1,32,UNet22PlusOutput_real_trace_22_body_layers_plus_1x1_output,OrionTracer+StatsTracker+fit+NetworkDAG+layout_policy+BootstrapSolver,silu,7,3,Chebyshev.fit from StatsTracker; depth=3 plus 1 if fitted prescale!=1,dp,template,template_unweighted_diagonal_bsgs,template_unweighted_diagonal,32768,13,6,6,enc3b,Conv2d,False,True,u22_same_shape_conv_provider,,27,27,27,28,27,1,1,0,0,10,1,9,False,,,,,,0,0,0,0,69632,69632,69632,0,0,0,0,0,0,884736,0,114688,512,4096,65536,0,69632,0,896,0,6,1225728,1156096,128,128,template,compact_halo_shared,fused,fused,carry=0;fused=1;explicit=0;bootstrap-drop=0,enc3a_act->enc3b:fused:layout_changed_hidden_in_Conv2d:mode=compact_halo_shared,0,1,0,0,,1,0,0,0,target,target:consumer_fused_relayout,4,4,1x128x96x72,1x128x96x72,1x8x384x288,1x8x384x288,-0.02488156035542488,0.02994348295032978,-0.045550305396318436,0.04215341806411743,128,128,,,,,,,,3x3,1x1,1x1,,1x1,1,enc3a_act,"{""bottom_beta"":1,""gap"":4,""stored_slots"":903168,""stride"":1,""tile_count"":28,""top_beta"":1}","{""bottom_beta"":1,""gap"":4,""stored_slots"":903168,""stride"":1,""tile_count"":28,""top_beta"":1}","{""bottom_beta"":1,""gap"":4,""stored_slots"":903168,""stride"":1,""tile_count"":28,""top_beta"":1}","{""bottom_beta"":0,""core_slots"":884736,""gap"":4,""stored_slots"":884736,""stride"":2,""tile_count"":27,""top_beta"":0}",packed_compact,logical_halo_compact,logical_halo_compact,1,0,False,1,0,False,planner_estimate,2580,83609280,4,10,8,413,32768,2567020,2566660,2566240,2566240,420,420,4,47875776,2517,47878713,0.013425770777479893,2569177.0,"planner-only metadata compile; real traced DAG with 22 body LT layers plus explicit 1x1 output; SiLU7 fit uses StatsTracker ranges; edge_kind: carry=layout unchanged, fused=layout change hidden in operator, explicit=separate re-layout, bootstrap-drop=CT-saving drop halo before bootstrap; no dense HE transform generation or FHE forward",31,18,4,8,22,22,8,147456
384x288_CVC_ClinicDB,CVC-ClinicDB,384x288,3,1,32,UNet22PlusOutput_real_trace_22_body_layers_plus_1x1_output,OrionTracer+StatsTracker+fit+NetworkDAG+layout_policy+BootstrapSolver,silu,7,3,Chebyshev.fit from StatsTracker; depth=3 plus 1 if fitted prescale!=1,dp,template,template_unweighted_diagonal_bsgs,template_unweighted_diagonal,32768,14,,,enc3b_act,SiLU,False,,chebyshev_polynomial_activation,not_a_provider_linear_kernel,27,27,27,27,27,0,0,0,0,9,3,6,False,,,,,,0,0,0,0,0,0,0,0,0,0,0,0,0,0,81,0,0,0,0,0,0,0,0,0,0,0,0,0,0,none_activation_polynomial,halo_local,carry,carry,carry=1;fused=0;explicit=0;bootstrap-drop=0,enc3b->enc3b_act:carry:layout_same_carry_compact:mode=halo_local,1,0,0,0,,0,0,0,0,none,,4,4,1x128x96x72,1x128x96x72,1x8x384x288,1x8x384x288,-0.045550305396318436,0.04215341806411743,-0.022256534546613693,0.021520869806408882,,,silu,7,3,1.0,0.0,-0.08940216153860092,0.08600527793169022,,,,,,,enc3b,"{""bottom_beta"":0,""gap"":4,""stored_slots"":884736,""stride"":2,""tile_count"":27,""top_beta"":0}","{""bottom_beta"":0,""gap"":4,""stored_slots"":884736,""stride"":1,""tile_count"":27,""top_beta"":0}","{""bottom_beta"":0,""gap"":4,""stored_slots"":884736,""stride"":2,""tile_count"":27,""top_beta"":0}","{""bottom_beta"":0,""core_slots"":884736,""gap"":4,""stored_slots"":884736,""stride"":2,""tile_count"":27,""top_beta"":0}",packed_compact,packed_compact,packed_compact,1,0,False,0,0,False,planner_estimate,2580,83609280,4,10,8,413,32768,2567020,2566660,2566240,2566240,420,420,4,47875776,2517,47878713,0.013425770777479893,2569177.0,"planner-only metadata compile; real traced DAG with 22 body LT layers plus explicit 1x1 output; SiLU7 fit uses StatsTracker ranges; edge_kind: carry=layout unchanged, fused=layout change hidden in operator, explicit=separate re-layout, bootstrap-drop=CT-saving drop halo before bootstrap; no dense HE transform generation or FHE forward",31,18,4,8,22,22,8,147456
384x288_CVC_ClinicDB,CVC-ClinicDB,384x288,3,1,32,UNet22PlusOutput_real_trace_22_body_layers_plus_1x1_output,OrionTracer+StatsTracker+fit+NetworkDAG+layout_policy+BootstrapSolver,silu,7,3,Chebyshev.fit from StatsTracker; depth=3 plus 1 if fitted prescale!=1,dp,template,template_unweighted_diagonal_bsgs,template_unweighted_diagonal,32768,15,,,pool3,AvgPool2d,False,True,u22_pool_provider,,8,27,7,27,8,0,0,1,1,6,1,5,False,,,,,,0,0,0,0,1280,1280,1280,0,0,0,0,0,0,2560,0,768,512,1024,256,0,1280,0,768,0,2,1792,512,128,1,template,halo_local,carry,carry,carry=1;fused=0;explicit=0;bootstrap-drop=0,enc3b_act->pool3:carry:layout_same_carry_compact:mode=halo_local,1,0,0,0,,0,0,0,0,source,source:producer_materialized_halo,4,8,1x128x96x72,1x128x48x36,1x8x384x288,1x2x384x288,-0.022256534546613693,0.021520869806408882,-0.02143523283302784,0.020595699548721313,128,128,,,,,,,,2x2,2x2,0x0,,1x1,128,enc3b_act,"{""bottom_beta"":0,""gap"":4,""stored_slots"":884736,""stride"":2,""tile_count"":27,""top_beta"":0}","{""bottom_beta"":0,""gap"":4,""stored_slots"":884736,""stride"":2,""tile_count"":27,""top_beta"":0}","{""bottom_beta"":0,""gap"":4,""stored_slots"":884736,""stride"":2,""tile_count"":27,""top_beta"":0}","{""bottom_beta"":1,""core_slots"":221184,""gap"":8,""stored_slots"":230400,""stride"":1,""tile_count"":8,""top_beta"":1}",logical_halo_compact,packed_compact,packed_compact,1,0,False,0,0,True,planner_estimate,2580,83609280,4,10,8,413,32768,2567020,2566660,2566240,2566240,420,420,4,47875776,2517,47878713,0.013425770777479893,2569177.0,"planner-only metadata compile; real traced DAG with 22 body LT layers plus explicit 1x1 output; SiLU7 fit uses StatsTracker ranges; edge_kind: carry=layout unchanged, fused=layout change hidden in operator, explicit=separate re-layout, bootstrap-drop=CT-saving drop halo before bootstrap; no dense HE transform generation or FHE forward",31,18,4,8,22,22,8,147456
384x288_CVC_ClinicDB,CVC-ClinicDB,384x288,3,1,32,UNet22PlusOutput_real_trace_22_body_layers_plus_1x1_output,OrionTracer+StatsTracker+fit+NetworkDAG+layout_policy+BootstrapSolver,silu,7,3,Chebyshev.fit from StatsTracker; depth=3 plus 1 if fitted prescale!=1,dp,template,template_unweighted_diagonal_bsgs,template_unweighted_diagonal,32768,16,7,7,enc4a,Conv2d,False,True,u22_same_shape_conv_provider,,15,7,14,8,15,1,1,1,1,5,1,4,False,,,,,,0,0,0,0,135168,135168,135168,0,0,0,0,0,0,1769472,0,229376,512,4096,131072,0,135168,0,896,0,6,2454528,2319360,128,256,template,compact_halo_shared,fused,fused,carry=0;fused=1;explicit=0;bootstrap-drop=0,pool3->enc4a:fused:layout_changed_hidden_in_Conv2d:mode=compact_halo_shared,0,1,0,0,,1,0,0,0,source+target,target:consumer_fused_relayout;source:producer_materialized_halo,8,8,1x128x48x36,1x256x48x36,1x2x384x288,1x4x384x288,-0.02143523283302784,0.020595699548721313,-0.036807719618082047,0.03912892937660217,128,256,,,,,,,,3x3,1x1,1x1,,1x1,1,pool3,"{""bottom_beta"":1,""gap"":8,""stored_slots"":230400,""stride"":1,""tile_count"":8,""top_beta"":1}","{""bottom_beta"":1,""gap"":8,""stored_slots"":230400,""stride"":1,""tile_count"":8,""top_beta"":1}","{""bottom_beta"":1,""gap"":8,""stored_slots"":230400,""stride"":1,""tile_count"":8,""top_beta"":1}","{""bottom_beta"":1,""core_slots"":442368,""gap"":8,""stored_slots"":460800,""stride"":1,""tile_count"":15,""top_beta"":1}",logical_halo_compact,logical_halo_compact,logical_halo_compact,1,0,False,1,0,True,planner_estimate,2580,83609280,4,10,8,413,32768,2567020,2566660,2566240,2566240,420,420,4,47875776,2517,47878713,0.013425770777479893,2569177.0,"planner-only metadata compile; real traced DAG with 22 body LT layers plus explicit 1x1 output; SiLU7 fit uses StatsTracker ranges; edge_kind: carry=layout unchanged, fused=layout change hidden in operator, explicit=separate re-layout, bootstrap-drop=CT-saving drop halo before bootstrap; no dense HE transform generation or FHE forward",31,18,4,8,22,22,8,147456
384x288_CVC_ClinicDB,CVC-ClinicDB,384x288,3,1,32,UNet22PlusOutput_real_trace_22_body_layers_plus_1x1_output,OrionTracer+StatsTracker+fit+NetworkDAG+layout_policy+BootstrapSolver,silu,7,3,Chebyshev.fit from StatsTracker; depth=3 plus 1 if fitted prescale!=1,dp,template,template_unweighted_diagonal_bsgs,template_unweighted_diagonal,32768,17,,,enc4a_act,SiLU,False,,chebyshev_polynomial_activation,not_a_provider_linear_kernel,15,14,14,15,15,1,1,1,1,4,3,1,True,child_level_exceeds_output_level,enc4b,enc4b,10,1x4x384x288,442368,14,32768,14,0,0,0,0,0,0,0,0,0,0,45,0,0,0,0,0,0,0,0,0,0,0,0,0,0,none_activation_polynomial,halo_local,carry+bootstrap-drop,carry,carry=1;fused=0;explicit=0;bootstrap-drop=1,enc4a->enc4a_act:carry:layout_same_carry_halo:mode=halo_local;bootstrap-boundary->enc4b:bootstrap-drop:drop_halo_before_bootstrap,1,0,0,1,bootstrap-boundary->enc4b:bootstrap-drop:drop_halo_before_bootstrap,0,1,1,18432,none,,8,8,1x256x48x36,1x256x48x36,1x4x384x288,1x4x384x288,-0.036807719618082047,0.03912892937660217,-0.018065195530653,0.01994718424975872,,,silu,7,3,1.0,0.0,-0.07477603852748871,0.07709725201129913,,,,,,,enc4a,"{""bottom_beta"":1,""gap"":8,""stored_slots"":460800,""stride"":1,""tile_count"":15,""top_beta"":1}","{""bottom_beta"":0,""gap"":8,""stored_slots"":442368,""stride"":1,""tile_count"":14,""top_beta"":0}","{""bottom_beta"":1,""gap"":8,""stored_slots"":460800,""stride"":1,""tile_count"":15,""top_beta"":1}","{""bottom_beta"":1,""core_slots"":442368,""gap"":8,""stored_slots"":460800,""stride"":1,""tile_count"":15,""top_beta"":1}",logical_halo_compact,logical_halo_compact,logical_halo_compact,1,0,False,0,0,False,planner_estimate,2580,83609280,4,10,8,413,32768,2567020,2566660,2566240,2566240,420,420,4,47875776,2517,47878713,0.013425770777479893,2569177.0,"planner-only metadata compile; real traced DAG with 22 body LT layers plus explicit 1x1 output; SiLU7 fit uses StatsTracker ranges; edge_kind: carry=layout unchanged, fused=layout change hidden in operator, explicit=separate re-layout, bootstrap-drop=CT-saving drop halo before bootstrap; no dense HE transform generation or FHE forward",31,18,4,8,22,22,8,147456
384x288_CVC_ClinicDB,CVC-ClinicDB,384x288,3,1,32,UNet22PlusOutput_real_trace_22_body_layers_plus_1x1_output,OrionTracer+StatsTracker+fit+NetworkDAG+layout_policy+BootstrapSolver,silu,7,3,Chebyshev.fit from StatsTracker; depth=3 plus 1 if fitted prescale!=1,dp,template,template_unweighted_diagonal_bsgs,template_unweighted_diagonal,32768,18,8,8,enc4b,Conv2d,False,True,u22_same_shape_conv_provider,,14,14,14,15,14,1,1,0,0,10,1,9,False,,,,,,0,0,0,0,270336,270336,270336,0,0,0,0,0,0,3538944,0,458752,1024,8192,262144,0,270336,0,1792,0,6,4909056,4638720,256,256,template,compact_halo_shared,fused,fused,carry=0;fused=1;explicit=0;bootstrap-drop=0,enc4a_act->enc4b:fused:layout_changed_hidden_in_Conv2d:mode=compact_halo_shared,0,1,0,0,,1,0,0,0,target,target:consumer_fused_relayout,8,8,1x256x48x36,1x256x48x36,1x4x384x288,1x4x384x288,-0.018065195530653,0.01994718424975872,-0.02984244003891945,0.02922966331243515,256,256,,,,,,,,3x3,1x1,1x1,,1x1,1,enc4a_act,"{""bottom_beta"":1,""gap"":8,""stored_slots"":460800,""stride"":1,""tile_count"":15,""top_beta"":1}","{""bottom_beta"":1,""gap"":8,""stored_slots"":460800,""stride"":1,""tile_count"":15,""top_beta"":1}","{""bottom_beta"":1,""gap"":8,""stored_slots"":460800,""stride"":1,""tile_count"":15,""top_beta"":1}","{""bottom_beta"":0,""core_slots"":442368,""gap"":8,""stored_slots"":442368,""stride"":2,""tile_count"":14,""top_beta"":0}",packed_compact,logical_halo_compact,logical_halo_compact,1,0,False,1,0,False,planner_estimate,2580,83609280,4,10,8,413,32768,2567020,2566660,2566240,2566240,420,420,4,47875776,2517,47878713,0.013425770777479893,2569177.0,"planner-only metadata compile; real traced DAG with 22 body LT layers plus explicit 1x1 output; SiLU7 fit uses StatsTracker ranges; edge_kind: carry=layout unchanged, fused=layout change hidden in operator, explicit=separate re-layout, bootstrap-drop=CT-saving drop halo before bootstrap; no dense HE transform generation or FHE forward",31,18,4,8,22,22,8,147456
384x288_CVC_ClinicDB,CVC-ClinicDB,384x288,3,1,32,UNet22PlusOutput_real_trace_22_body_layers_plus_1x1_output,OrionTracer+StatsTracker+fit+NetworkDAG+layout_policy+BootstrapSolver,silu,7,3,Chebyshev.fit from StatsTracker; depth=3 plus 1 if fitted prescale!=1,dp,template,template_unweighted_diagonal_bsgs,template_unweighted_diagonal,32768,19,,,enc4b_act,SiLU,False,,chebyshev_polynomial_activation,not_a_provider_linear_kernel,14,14,14,14,14,0,0,0,0,9,3,6,False,,,,,,0,0,0,0,0,0,0,0,0,0,0,0,0,0,42,0,0,0,0,0,0,0,0,0,0,0,0,0,0,none_activation_polynomial,halo_local,carry,carry,carry=1;fused=0;explicit=0;bootstrap-drop=0,enc4b->enc4b_act:carry:layout_same_carry_compact:mode=halo_local,1,0,0,0,,0,0,0,0,none,,8,8,1x256x48x36,1x256x48x36,1x4x384x288,1x4x384x288,-0.02984244003891945,0.02922966331243515,-0.014698594808578491,0.014828409999608994,,,silu,7,3,1.0,0.0,-0.0593784898519516,0.0587657168507576,,,,,,,enc4b,"{""bottom_beta"":0,""gap"":8,""stored_slots"":442368,""stride"":2,""tile_count"":14,""top_beta"":0}","{""bottom_beta"":0,""gap"":8,""stored_slots"":442368,""stride"":1,""tile_count"":14,""top_beta"":0}","{""bottom_beta"":0,""gap"":8,""stored_slots"":442368,""stride"":2,""tile_count"":14,""top_beta"":0}","{""bottom_beta"":0,""core_slots"":442368,""gap"":8,""stored_slots"":442368,""stride"":2,""tile_count"":14,""top_beta"":0}",packed_compact,packed_compact,packed_compact,1,0,False,0,0,False,planner_estimate,2580,83609280,4,10,8,413,32768,2567020,2566660,2566240,2566240,420,420,4,47875776,2517,47878713,0.013425770777479893,2569177.0,"planner-only metadata compile; real traced DAG with 22 body LT layers plus explicit 1x1 output; SiLU7 fit uses StatsTracker ranges; edge_kind: carry=layout unchanged, fused=layout change hidden in operator, explicit=separate re-layout, bootstrap-drop=CT-saving drop halo before bootstrap; no dense HE transform generation or FHE forward",31,18,4,8,22,22,8,147456
384x288_CVC_ClinicDB,CVC-ClinicDB,384x288,3,1,32,UNet22PlusOutput_real_trace_22_body_layers_plus_1x1_output,OrionTracer+StatsTracker+fit+NetworkDAG+layout_policy+BootstrapSolver,silu,7,3,Chebyshev.fit from StatsTracker; depth=3 plus 1 if fitted prescale!=1,dp,template,template_unweighted_diagonal_bsgs,template_unweighted_diagonal,32768,20,,,pool4,AvgPool2d,False,True,u22_pool_provider,,4,14,4,14,4,0,0,1,1,6,1,5,False,,,,,,0,0,0,0,2816,2816,2816,0,0,0,0,0,0,5632,0,1792,1024,2560,256,0,2816,0,1792,0,2,4352,1536,256,1,template,halo_local,carry,carry,carry=1;fused=0;explicit=0;bootstrap-drop=0,enc4b_act->pool4:carry:layout_same_carry_compact:mode=halo_local,1,0,0,0,,0,0,0,0,source,source:producer_materialized_halo,8,16,1x256x48x36,1x256x24x18,1x4x384x288,1x1x384x288,-0.014698594808578491,0.014828409999608994,-0.014221852645277977,0.014576202258467674,256,256,,,,,,,,2x2,2x2,0x0,,1x1,256,enc4b_act,"{""bottom_beta"":0,""gap"":8,""stored_slots"":442368,""stride"":2,""tile_count"":14,""top_beta"":0}","{""bottom_beta"":0,""gap"":8,""stored_slots"":442368,""stride"":2,""tile_count"":14,""top_beta"":0}","{""bottom_beta"":0,""gap"":8,""stored_slots"":442368,""stride"":2,""tile_count"":14,""top_beta"":0}","{""bottom_beta"":1,""core_slots"":110592,""gap"":16,""stored_slots"":119808,""stride"":1,""tile_count"":4,""top_beta"":1}",logical_halo_compact,packed_compact,packed_compact,1,0,False,0,0,True,planner_estimate,2580,83609280,4,10,8,413,32768,2567020,2566660,2566240,2566240,420,420,4,47875776,2517,47878713,0.013425770777479893,2569177.0,"planner-only metadata compile; real traced DAG with 22 body LT layers plus explicit 1x1 output; SiLU7 fit uses StatsTracker ranges; edge_kind: carry=layout unchanged, fused=layout change hidden in operator, explicit=separate re-layout, bootstrap-drop=CT-saving drop halo before bootstrap; no dense HE transform generation or FHE forward",31,18,4,8,22,22,8,147456
384x288_CVC_ClinicDB,CVC-ClinicDB,384x288,3,1,32,UNet22PlusOutput_real_trace_22_body_layers_plus_1x1_output,OrionTracer+StatsTracker+fit+NetworkDAG+layout_policy+BootstrapSolver,silu,7,3,Chebyshev.fit from StatsTracker; depth=3 plus 1 if fitted prescale!=1,dp,template,template_unweighted_diagonal_bsgs,template_unweighted_diagonal,32768,21,9,9,bottlenecka,Conv2d,False,True,u22_same_shape_conv_provider,,8,4,7,4,8,1,1,1,1,5,1,4,False,,,,,,0,0,0,0,532480,532480,532480,0,0,0,0,0,0,7077888,0,917504,1024,8192,524288,0,532480,0,1792,0,6,9824256,9291776,256,512,template,compact_halo_shared,fused,fused,carry=0;fused=1;explicit=0;bootstrap-drop=0,pool4->bottlenecka:fused:layout_changed_hidden_in_Conv2d:mode=compact_halo_shared,0,1,0,0,,1,0,0,0,source+target,target:consumer_fused_relayout;source:producer_materialized_halo,16,16,1x256x24x18,1x512x24x18,1x1x384x288,1x2x384x288,-0.014221852645277977,0.014576202258467674,-0.027674825862050056,0.029486825689673424,256,512,,,,,,,,3x3,1x1,1x1,,1x1,1,pool4,"{""bottom_beta"":1,""gap"":16,""stored_slots"":119808,""stride"":1,""tile_count"":4,""top_beta"":1}","{""bottom_beta"":1,""gap"":16,""stored_slots"":119808,""stride"":1,""tile_count"":4,""top_beta"":1}","{""bottom_beta"":1,""gap"":16,""stored_slots"":119808,""stride"":1,""tile_count"":4,""top_beta"":1}","{""bottom_beta"":1,""core_slots"":221184,""gap"":16,""stored_slots"":239616,""stride"":1,""tile_count"":8,""top_beta"":1}",logical_halo_compact,logical_halo_compact,logical_halo_compact,1,0,False,1,0,True,planner_estimate,2580,83609280,4,10,8,413,32768,2567020,2566660,2566240,2566240,420,420,4,47875776,2517,47878713,0.013425770777479893,2569177.0,"planner-only metadata compile; real traced DAG with 22 body LT layers plus explicit 1x1 output; SiLU7 fit uses StatsTracker ranges; edge_kind: carry=layout unchanged, fused=layout change hidden in operator, explicit=separate re-layout, bootstrap-drop=CT-saving drop halo before bootstrap; no dense HE transform generation or FHE forward",31,18,4,8,22,22,8,147456
384x288_CVC_ClinicDB,CVC-ClinicDB,384x288,3,1,32,UNet22PlusOutput_real_trace_22_body_layers_plus_1x1_output,OrionTracer+StatsTracker+fit+NetworkDAG+layout_policy+BootstrapSolver,silu,7,3,Chebyshev.fit from StatsTracker; depth=3 plus 1 if fitted prescale!=1,dp,template,template_unweighted_diagonal_bsgs,template_unweighted_diagonal,32768,22,,,bottlenecka_act,SiLU,False,,chebyshev_polynomial_activation,not_a_provider_linear_kernel,8,7,7,8,8,1,1,1,1,4,3,1,True,child_level_exceeds_output_level,bottleneckb,bottleneckb,10,1x2x384x288,221184,7,32768,7,0,0,0,0,0,0,0,0,0,0,24,0,0,0,0,0,0,0,0,0,0,0,0,0,0,none_activation_polynomial,halo_local,carry+bootstrap-drop,carry,carry=1;fused=0;explicit=0;bootstrap-drop=1,bottlenecka->bottlenecka_act:carry:layout_same_carry_halo:mode=halo_local;bootstrap-boundary->bottleneckb:bootstrap-drop:drop_halo_before_bootstrap,1,0,0,1,bootstrap-boundary->bottleneckb:bootstrap-drop:drop_halo_before_bootstrap,0,1,1,18432,none,,16,16,1x512x24x18,1x512x24x18,1x2x384x288,1x2x384x288,-0.027674825862050056,0.029486825689673424,-0.013645950704813004,0.014960764907300472,,,silu,7,3,1.0,0.0,-0.056255653500556946,0.058067649602890015,,,,,,,bottlenecka,"{""bottom_beta"":1,""gap"":16,""stored_slots"":239616,""stride"":1,""tile_count"":8,""top_beta"":1}","{""bottom_beta"":0,""gap"":16,""stored_slots"":221184,""stride"":1,""tile_count"":7,""top_beta"":0}","{""bottom_beta"":1,""gap"":16,""stored_slots"":239616,""stride"":1,""tile_count"":8,""top_beta"":1}","{""bottom_beta"":1,""core_slots"":221184,""gap"":16,""stored_slots"":239616,""stride"":1,""tile_count"":8,""top_beta"":1}",logical_halo_compact,logical_halo_compact,logical_halo_compact,1,0,False,0,0,False,planner_estimate,2580,83609280,4,10,8,413,32768,2567020,2566660,2566240,2566240,420,420,4,47875776,2517,47878713,0.013425770777479893,2569177.0,"planner-only metadata compile; real traced DAG with 22 body LT layers plus explicit 1x1 output; SiLU7 fit uses StatsTracker ranges; edge_kind: carry=layout unchanged, fused=layout change hidden in operator, explicit=separate re-layout, bootstrap-drop=CT-saving drop halo before bootstrap; no dense HE transform generation or FHE forward",31,18,4,8,22,22,8,147456
384x288_CVC_ClinicDB,CVC-ClinicDB,384x288,3,1,32,UNet22PlusOutput_real_trace_22_body_layers_plus_1x1_output,OrionTracer+StatsTracker+fit+NetworkDAG+layout_policy+BootstrapSolver,silu,7,3,Chebyshev.fit from StatsTracker; depth=3 plus 1 if fitted prescale!=1,dp,template,template_unweighted_diagonal_bsgs,template_unweighted_diagonal,32768,23,10,10,bottleneckb,Conv2d,False,True,u22_same_shape_conv_provider,,8,7,7,8,8,1,1,1,1,10,1,9,False,,,,,,0,0,0,0,1064960,1064960,1064960,0,0,0,0,0,0,14155776,0,1835008,2048,16384,1048576,0,1064960,0,3584,0,6,19648512,18583552,512,512,template,compact_halo_shared,fused,fused,carry=0;fused=1;explicit=0;bootstrap-drop=0,bottlenecka_act->bottleneckb:fused:layout_changed_hidden_in_Conv2d:mode=compact_halo_shared,0,1,0,0,,1,0,0,0,source+target,target:consumer_fused_relayout;source:producer_materialized_halo,16,16,1x512x24x18,1x512x24x18,1x2x384x288,1x2x384x288,-0.013645950704813004,0.014960764907300472,-0.021785492077469826,0.02152309939265251,512,512,,,,,,,,3x3,1x1,1x1,,1x1,1,bottlenecka_act,"{""bottom_beta"":1,""gap"":16,""stored_slots"":239616,""stride"":1,""tile_count"":8,""top_beta"":1}","{""bottom_beta"":1,""gap"":16,""stored_slots"":239616,""stride"":1,""tile_count"":8,""top_beta"":1}","{""bottom_beta"":1,""gap"":16,""stored_slots"":239616,""stride"":1,""tile_count"":8,""top_beta"":1}","{""bottom_beta"":1,""core_slots"":221184,""gap"":16,""stored_slots"":239616,""stride"":2,""tile_count"":8,""top_beta"":1}",logical_halo_compact,logical_halo_compact,logical_halo_compact,1,0,False,1,0,True,planner_estimate,2580,83609280,4,10,8,413,32768,2567020,2566660,2566240,2566240,420,420,4,47875776,2517,47878713,0.013425770777479893,2569177.0,"planner-only metadata compile; real traced DAG with 22 body LT layers plus explicit 1x1 output; SiLU7 fit uses StatsTracker ranges; edge_kind: carry=layout unchanged, fused=layout change hidden in operator, explicit=separate re-layout, bootstrap-drop=CT-saving drop halo before bootstrap; no dense HE transform generation or FHE forward",31,18,4,8,22,22,8,147456
384x288_CVC_ClinicDB,CVC-ClinicDB,384x288,3,1,32,UNet22PlusOutput_real_trace_22_body_layers_plus_1x1_output,OrionTracer+StatsTracker+fit+NetworkDAG+layout_policy+BootstrapSolver,silu,7,3,Chebyshev.fit from StatsTracker; depth=3 plus 1 if fitted prescale!=1,dp,template,template_unweighted_diagonal_bsgs,template_unweighted_diagonal,32768,24,,,bottleneckb_act,SiLU,False,,chebyshev_polynomial_activation,not_a_provider_linear_kernel,8,7,7,8,8,1,1,1,1,9,3,6,False,,,,,,0,0,0,0,0,0,0,0,0,0,0,0,0,0,24,0,0,0,0,0,0,0,0,0,0,0,0,0,0,none_activation_polynomial,halo_local,carry,carry,carry=1;fused=0;explicit=0;bootstrap-drop=0,bottleneckb->bottleneckb_act:carry:layout_same_carry_halo:mode=halo_local,1,0,0,0,,0,1,0,0,none,,16,16,1x512x24x18,1x512x24x18,1x2x384x288,1x2x384x288,-0.021785492077469826,0.02152309939265251,-0.010774098336696625,0.010877355933189392,,,silu,7,3,1.0,0.0,-0.04343979060649872,0.043177396059036255,,,,,,,bottleneckb,"{""bottom_beta"":1,""gap"":16,""stored_slots"":239616,""stride"":2,""tile_count"":8,""top_beta"":1}","{""bottom_beta"":1,""gap"":16,""stored_slots"":239616,""stride"":2,""tile_count"":8,""top_beta"":1}","{""bottom_beta"":1,""gap"":16,""stored_slots"":239616,""stride"":2,""tile_count"":8,""top_beta"":1}","{""bottom_beta"":1,""core_slots"":221184,""gap"":16,""stored_slots"":239616,""stride"":2,""tile_count"":8,""top_beta"":1}",logical_halo_compact,logical_halo_compact,logical_halo_compact,1,0,False,0,0,False,planner_estimate,2580,83609280,4,10,8,413,32768,2567020,2566660,2566240,2566240,420,420,4,47875776,2517,47878713,0.013425770777479893,2569177.0,"planner-only metadata compile; real traced DAG with 22 body LT layers plus explicit 1x1 output; SiLU7 fit uses StatsTracker ranges; edge_kind: carry=layout unchanged, fused=layout change hidden in operator, explicit=separate re-layout, bootstrap-drop=CT-saving drop halo before bootstrap; no dense HE transform generation or FHE forward",31,18,4,8,22,22,8,147456
384x288_CVC_ClinicDB,CVC-ClinicDB,384x288,3,1,32,UNet22PlusOutput_real_trace_22_body_layers_plus_1x1_output,OrionTracer+StatsTracker+fit+NetworkDAG+layout_policy+BootstrapSolver,silu,7,3,Chebyshev.fit from StatsTracker; depth=3 plus 1 if fitted prescale!=1,dp,template,template_unweighted_diagonal_bsgs,template_unweighted_diagonal,32768,25,11,11,up4,ConvTranspose2d,False,True,u22_tconv_provider,,15,7,14,8,15,1,1,2,2,6,1,5,False,,,,,,0,0,0,0,8192,8192,8192,0,0,0,0,0,0,2883584,0,917504,2048,8192,0,0,8192,0,3584,0,4,6545408,6537216,512,256,template,halo_local,carry,carry,carry=1;fused=0;explicit=0;bootstrap-drop=0,bottleneckb_act->up4:carry:layout_same_carry_halo:mode=halo_local,1,0,0,0,,0,1,0,0,source,source:producer_materialized_halo,16,8,1x512x24x18,1x256x48x36,1x2x384x288,1x4x384x288,-0.010774098336696625,0.010877355933189392,-0.03511485829949379,0.034209392964839935,512,256,,,,,,,,2x2,2x2,0x0,0x0,1x1,1,bottleneckb_act,"{""bottom_beta"":1,""gap"":16,""stored_slots"":239616,""stride"":2,""tile_count"":8,""top_beta"":1}","{""bottom_beta"":0,""gap"":16,""stored_slots"":221184,""stride"":2,""tile_count"":7,""top_beta"":0}","{""bottom_beta"":1,""gap"":16,""stored_slots"":239616,""stride"":2,""tile_count"":8,""top_beta"":1}","{""bottom_beta"":2,""core_slots"":442368,""gap"":8,""stored_slots"":479232,""stride"":2,""tile_count"":15,""top_beta"":2}",logical_halo_compact,logical_halo_compact,logical_halo_compact,1,0,False,0,0,True,planner_estimate,2580,83609280,4,10,8,413,32768,2567020,2566660,2566240,2566240,420,420,4,47875776,2517,47878713,0.013425770777479893,2569177.0,"planner-only metadata compile; real traced DAG with 22 body LT layers plus explicit 1x1 output; SiLU7 fit uses StatsTracker ranges; edge_kind: carry=layout unchanged, fused=layout change hidden in operator, explicit=separate re-layout, bootstrap-drop=CT-saving drop halo before bootstrap; no dense HE transform generation or FHE forward",31,18,4,8,22,22,8,147456
384x288_CVC_ClinicDB,CVC-ClinicDB,384x288,3,1,32,UNet22PlusOutput_real_trace_22_body_layers_plus_1x1_output,OrionTracer+StatsTracker+fit+NetworkDAG+layout_policy+BootstrapSolver,silu,7,3,Chebyshev.fit from StatsTracker; depth=3 plus 1 if fitted prescale!=1,dp,template,template_unweighted_diagonal_bsgs,template_unweighted_diagonal,32768,26,,,cat4,Concat,False,,concat_runtime_or_fused_concat,not_a_provider_linear_kernel,30,14,27,15,30,2,2,2,2,5,0,5,False,,,,,,0,0,0,0,30,0,0,30,30,0,1,0,0,0,0,0,0,0,0,0,0,0,0,0,0,0,0,0,0,none_no_linear_transform,halo_local,mixed:carry+explicit,mixed:carry+explicit,carry=1;fused=0;explicit=1;bootstrap-drop=0,enc4b_act->cat4:explicit:dp_add_input_alignment:mode=halo_local;up4->cat4:carry:layout_same_carry_halo:mode=halo_local,1,0,1,0,,1,1,0,0,source_to_target,source_to_target:separate_relayout_edge,8,8,1x256x48x36,1x512x48x36,1x4x384x288,1x8x384x288,-0.03511485829949379,0.034209392964839935,-0.03511485829949379,0.034209392964839935,,,,,,,,,,,,,,,,enc4b_act;up4,"{""bottom_beta"":2,""gap"":8,""stored_slots"":479232,""stride"":2,""tile_count"":15,""top_beta"":2}","{""bottom_beta"":0,""gap"":8,""stored_slots"":442368,""stride"":1,""tile_count"":14,""top_beta"":0}","{""bottom_beta"":2,""gap"":8,""stored_slots"":479232,""stride"":2,""tile_count"":15,""top_beta"":2}","{""bottom_beta"":2,""core_slots"":884736,""gap"":8,""stored_slots"":958464,""stride"":2,""tile_count"":30,""top_beta"":2}",logical_halo_compact,logical_halo_compact;packed_compact,logical_halo_compact,2,1,False,0,0,False,planner_estimate,2580,83609280,4,10,8,413,32768,2567020,2566660,2566240,2566240,420,420,4,47875776,2517,47878713,0.013425770777479893,2569177.0,"planner-only metadata compile; real traced DAG with 22 body LT layers plus explicit 1x1 output; SiLU7 fit uses StatsTracker ranges; edge_kind: carry=layout unchanged, fused=layout change hidden in operator, explicit=separate re-layout, bootstrap-drop=CT-saving drop halo before bootstrap; no dense HE transform generation or FHE forward",31,18,4,8,22,22,8,147456
384x288_CVC_ClinicDB,CVC-ClinicDB,384x288,3,1,32,UNet22PlusOutput_real_trace_22_body_layers_plus_1x1_output,OrionTracer+StatsTracker+fit+NetworkDAG+layout_policy+BootstrapSolver,silu,7,3,Chebyshev.fit from StatsTracker; depth=3 plus 1 if fitted prescale!=1,dp,template,template_unweighted_diagonal_bsgs,template_unweighted_diagonal,32768,27,12,12,dec4a,Conv2d,False,True,u22_same_shape_conv_provider,,15,27,14,30,15,2,2,1,1,5,1,4,False,,,,,,0,0,0,0,18432,18432,18432,0,0,0,0,0,0,8257536,0,917504,2048,18432,0,0,18432,0,3584,0,7,12831232,12812800,512,256,template,compact_halo_shared,fused,fused,carry=0;fused=1;explicit=0;bootstrap-drop=0,cat4->dec4a:fused:layout_changed_hidden_in_Conv2d:mode=compact_halo_shared,0,1,0,0,,1,0,0,0,source+target,target:consumer_fused_relayout;source:producer_materialized_halo,8,8,1x512x48x36,1x256x48x36,1x8x384x288,1x4x384x288,-0.03511485829949379,0.034209392964839935,-0.030972428619861603,0.02964358776807785,512,256,,,,,,,,3x3,1x1,1x1,,1x1,1,cat4,"{""bottom_beta"":2,""gap"":8,""stored_slots"":958464,""stride"":2,""tile_count"":30,""top_beta"":2}","{""bottom_beta"":1,""gap"":8,""stored_slots"":921600,""stride"":1,""tile_count"":29,""top_beta"":1}","{""bottom_beta"":2,""gap"":8,""stored_slots"":958464,""stride"":2,""tile_count"":30,""top_beta"":2}","{""bottom_beta"":1,""core_slots"":442368,""gap"":8,""stored_slots"":460800,""stride"":1,""tile_count"":15,""top_beta"":1}",logical_halo_compact,logical_halo_compact,logical_halo_compact,1,0,False,1,0,True,planner_estimate,2580,83609280,4,10,8,413,32768,2567020,2566660,2566240,2566240,420,420,4,47875776,2517,47878713,0.013425770777479893,2569177.0,"planner-only metadata compile; real traced DAG with 22 body LT layers plus explicit 1x1 output; SiLU7 fit uses StatsTracker ranges; edge_kind: carry=layout unchanged, fused=layout change hidden in operator, explicit=separate re-layout, bootstrap-drop=CT-saving drop halo before bootstrap; no dense HE transform generation or FHE forward",31,18,4,8,22,22,8,147456
384x288_CVC_ClinicDB,CVC-ClinicDB,384x288,3,1,32,UNet22PlusOutput_real_trace_22_body_layers_plus_1x1_output,OrionTracer+StatsTracker+fit+NetworkDAG+layout_policy+BootstrapSolver,silu,7,3,Chebyshev.fit from StatsTracker; depth=3 plus 1 if fitted prescale!=1,dp,template,template_unweighted_diagonal_bsgs,template_unweighted_diagonal,32768,28,,,dec4a_act,SiLU,False,,chebyshev_polynomial_activation,not_a_provider_linear_kernel,15,14,14,15,15,1,1,1,1,4,3,1,True,child_level_exceeds_output_level,dec4b,dec4b,10,1x4x384x288,442368,14,32768,14,0,0,0,0,0,0,0,0,0,0,45,0,0,0,0,0,0,0,0,0,0,0,0,0,0,none_activation_polynomial,halo_local,carry+bootstrap-drop,carry,carry=1;fused=0;explicit=0;bootstrap-drop=1,dec4a->dec4a_act:carry:layout_same_carry_halo:mode=halo_local;bootstrap-boundary->dec4b:bootstrap-drop:drop_halo_before_bootstrap,1,0,0,1,bootstrap-boundary->dec4b:bootstrap-drop:drop_halo_before_bootstrap,0,1,1,18432,none,,8,8,1x256x48x36,1x256x48x36,1x4x384x288,1x4x384x288,-0.030972428619861603,0.02964358776807785,-0.01524641178548336,0.015041463077068329,,,silu,7,3,1.0,0.0,-0.06128043681383133,0.05995159596204758,,,,,,,dec4a,"{""bottom_beta"":1,""gap"":8,""stored_slots"":460800,""stride"":1,""tile_count"":15,""top_beta"":1}","{""bottom_beta"":0,""gap"":8,""stored_slots"":442368,""stride"":1,""tile_count"":14,""top_beta"":0}","{""bottom_beta"":1,""gap"":8,""stored_slots"":460800,""stride"":1,""tile_count"":15,""top_beta"":1}","{""bottom_beta"":1,""core_slots"":442368,""gap"":8,""stored_slots"":460800,""stride"":1,""tile_count"":15,""top_beta"":1}",logical_halo_compact,logical_halo_compact,logical_halo_compact,1,0,False,0,0,False,planner_estimate,2580,83609280,4,10,8,413,32768,2567020,2566660,2566240,2566240,420,420,4,47875776,2517,47878713,0.013425770777479893,2569177.0,"planner-only metadata compile; real traced DAG with 22 body LT layers plus explicit 1x1 output; SiLU7 fit uses StatsTracker ranges; edge_kind: carry=layout unchanged, fused=layout change hidden in operator, explicit=separate re-layout, bootstrap-drop=CT-saving drop halo before bootstrap; no dense HE transform generation or FHE forward",31,18,4,8,22,22,8,147456
384x288_CVC_ClinicDB,CVC-ClinicDB,384x288,3,1,32,UNet22PlusOutput_real_trace_22_body_layers_plus_1x1_output,OrionTracer+StatsTracker+fit+NetworkDAG+layout_policy+BootstrapSolver,silu,7,3,Chebyshev.fit from StatsTracker; depth=3 plus 1 if fitted prescale!=1,dp,template,template_unweighted_diagonal_bsgs,template_unweighted_diagonal,32768,29,13,13,dec4b,Conv2d,False,True,u22_same_shape_conv_provider,,15,14,14,15,15,1,1,1,1,10,1,9,False,,,,,,0,0,0,0,270336,270336,270336,0,0,0,0,0,0,3538944,0,458752,1024,8192,262144,0,270336,0,1792,0,6,4909056,4638720,256,256,template,compact_halo_shared,fused,fused,carry=0;fused=1;explicit=0;bootstrap-drop=0,dec4a_act->dec4b:fused:layout_changed_hidden_in_Conv2d:mode=compact_halo_shared,0,1,0,0,,1,0,0,0,source+target,target:consumer_fused_relayout;source:producer_materialized_halo,8,8,1x256x48x36,1x256x48x36,1x4x384x288,1x4x384x288,-0.01524641178548336,0.015041463077068329,-0.02565433830022812,0.02850234881043434,256,256,,,,,,,,3x3,1x1,1x1,,1x1,1,dec4a_act,"{""bottom_beta"":1,""gap"":8,""stored_slots"":460800,""stride"":1,""tile_count"":15,""top_beta"":1}","{""bottom_beta"":1,""gap"":8,""stored_slots"":460800,""stride"":1,""tile_count"":15,""top_beta"":1}","{""bottom_beta"":1,""gap"":8,""stored_slots"":460800,""stride"":1,""tile_count"":15,""top_beta"":1}","{""bottom_beta"":1,""core_slots"":442368,""gap"":8,""stored_slots"":460800,""stride"":2,""tile_count"":15,""top_beta"":1}",logical_halo_compact,logical_halo_compact,logical_halo_compact,1,0,False,1,0,True,planner_estimate,2580,83609280,4,10,8,413,32768,2567020,2566660,2566240,2566240,420,420,4,47875776,2517,47878713,0.013425770777479893,2569177.0,"planner-only metadata compile; real traced DAG with 22 body LT layers plus explicit 1x1 output; SiLU7 fit uses StatsTracker ranges; edge_kind: carry=layout unchanged, fused=layout change hidden in operator, explicit=separate re-layout, bootstrap-drop=CT-saving drop halo before bootstrap; no dense HE transform generation or FHE forward",31,18,4,8,22,22,8,147456
384x288_CVC_ClinicDB,CVC-ClinicDB,384x288,3,1,32,UNet22PlusOutput_real_trace_22_body_layers_plus_1x1_output,OrionTracer+StatsTracker+fit+NetworkDAG+layout_policy+BootstrapSolver,silu,7,3,Chebyshev.fit from StatsTracker; depth=3 plus 1 if fitted prescale!=1,dp,template,template_unweighted_diagonal_bsgs,template_unweighted_diagonal,32768,30,,,dec4b_act,SiLU,False,,chebyshev_polynomial_activation,not_a_provider_linear_kernel,15,14,14,15,15,1,1,1,1,9,3,6,False,,,,,,0,0,0,0,0,0,0,0,0,0,0,0,0,0,45,0,0,0,0,0,0,0,0,0,0,0,0,0,0,none_activation_polynomial,halo_local,carry,carry,carry=1;fused=0;explicit=0;bootstrap-drop=0,dec4b->dec4b_act:carry:layout_same_carry_halo:mode=halo_local,1,0,0,0,,0,1,0,0,none,,8,8,1x256x48x36,1x256x48x36,1x4x384x288,1x4x384x288,-0.02565433830022812,0.02850234881043434,-0.012662642635405064,0.014454256743192673,,,silu,7,3,1.0,0.0,-0.0527326837182045,0.05558069050312042,,,,,,,dec4b,"{""bottom_beta"":1,""gap"":8,""stored_slots"":460800,""stride"":2,""tile_count"":15,""top_beta"":1}","{""bottom_beta"":1,""gap"":8,""stored_slots"":460800,""stride"":2,""tile_count"":15,""top_beta"":1}","{""bottom_beta"":1,""gap"":8,""stored_slots"":460800,""stride"":2,""tile_count"":15,""top_beta"":1}","{""bottom_beta"":1,""core_slots"":442368,""gap"":8,""stored_slots"":460800,""stride"":2,""tile_count"":15,""top_beta"":1}",logical_halo_compact,logical_halo_compact,logical_halo_compact,1,0,False,0,0,False,planner_estimate,2580,83609280,4,10,8,413,32768,2567020,2566660,2566240,2566240,420,420,4,47875776,2517,47878713,0.013425770777479893,2569177.0,"planner-only metadata compile; real traced DAG with 22 body LT layers plus explicit 1x1 output; SiLU7 fit uses StatsTracker ranges; edge_kind: carry=layout unchanged, fused=layout change hidden in operator, explicit=separate re-layout, bootstrap-drop=CT-saving drop halo before bootstrap; no dense HE transform generation or FHE forward",31,18,4,8,22,22,8,147456
384x288_CVC_ClinicDB,CVC-ClinicDB,384x288,3,1,32,UNet22PlusOutput_real_trace_22_body_layers_plus_1x1_output,OrionTracer+StatsTracker+fit+NetworkDAG+layout_policy+BootstrapSolver,silu,7,3,Chebyshev.fit from StatsTracker; depth=3 plus 1 if fitted prescale!=1,dp,template,template_unweighted_diagonal_bsgs,template_unweighted_diagonal,32768,31,14,14,up3,ConvTranspose2d,False,True,u22_tconv_provider,,29,14,27,15,29,1,1,2,2,6,1,5,False,,,,,,0,0,0,0,4096,4096,4096,0,0,0,0,0,0,786432,0,229376,1024,4096,0,0,4096,0,1792,0,4,1699840,1695744,256,128,template,halo_local,carry,carry,carry=1;fused=0;explicit=0;bootstrap-drop=0,dec4b_act->up3:carry:layout_same_carry_halo:mode=halo_local,1,0,0,0,,0,1,0,0,source,source:producer_materialized_halo,8,4,1x256x48x36,1x128x96x72,1x4x384x288,1x8x384x288,-0.012662642635405064,0.014454256743192673,-0.04504958167672157,0.049009282141923904,256,128,,,,,,,,2x2,2x2,0x0,0x0,1x1,1,dec4b_act,"{""bottom_beta"":1,""gap"":8,""stored_slots"":460800,""stride"":2,""tile_count"":15,""top_beta"":1}","{""bottom_beta"":0,""gap"":8,""stored_slots"":442368,""stride"":2,""tile_count"":14,""top_beta"":0}","{""bottom_beta"":1,""gap"":8,""stored_slots"":460800,""stride"":2,""tile_count"":15,""top_beta"":1}","{""bottom_beta"":2,""core_slots"":884736,""gap"":4,""stored_slots"":921600,""stride"":2,""tile_count"":29,""top_beta"":2}",logical_halo_compact,logical_halo_compact,logical_halo_compact,1,0,False,0,0,True,planner_estimate,2580,83609280,4,10,8,413,32768,2567020,2566660,2566240,2566240,420,420,4,47875776,2517,47878713,0.013425770777479893,2569177.0,"planner-only metadata compile; real traced DAG with 22 body LT layers plus explicit 1x1 output; SiLU7 fit uses StatsTracker ranges; edge_kind: carry=layout unchanged, fused=layout change hidden in operator, explicit=separate re-layout, bootstrap-drop=CT-saving drop halo before bootstrap; no dense HE transform generation or FHE forward",31,18,4,8,22,22,8,147456
384x288_CVC_ClinicDB,CVC-ClinicDB,384x288,3,1,32,UNet22PlusOutput_real_trace_22_body_layers_plus_1x1_output,OrionTracer+StatsTracker+fit+NetworkDAG+layout_policy+BootstrapSolver,silu,7,3,Chebyshev.fit from StatsTracker; depth=3 plus 1 if fitted prescale!=1,dp,template,template_unweighted_diagonal_bsgs,template_unweighted_diagonal,32768,32,,,cat3,Concat,False,,concat_runtime_or_fused_concat,not_a_provider_linear_kernel,57,27,54,29,57,2,2,2,2,5,0,5,False,,,,,,0,0,0,0,58,0,0,58,58,0,1,0,0,0,0,0,0,0,0,0,0,0,0,0,0,0,0,0,0,none_no_linear_transform,halo_local,mixed:carry+explicit,mixed:carry+explicit,carry=1;fused=0;explicit=1;bootstrap-drop=0,enc3b_act->cat3:explicit:dp_add_input_alignment:mode=halo_local;up3->cat3:carry:layout_same_carry_halo:mode=halo_local,1,0,1,0,,1,1,0,0,source_to_target,source_to_target:separate_relayout_edge,4,4,1x128x96x72,1x256x96x72,1x8x384x288,1x16x384x288,-0.04504958167672157,0.049009282141923904,-0.04504958167672157,0.049009282141923904,,,,,,,,,,,,,,,,enc3b_act;up3,"{""bottom_beta"":2,""gap"":4,""stored_slots"":921600,""stride"":2,""tile_count"":29,""top_beta"":2}","{""bottom_beta"":0,""gap"":4,""stored_slots"":884736,""stride"":1,""tile_count"":27,""top_beta"":0}","{""bottom_beta"":2,""gap"":4,""stored_slots"":921600,""stride"":2,""tile_count"":29,""top_beta"":2}","{""bottom_beta"":2,""core_slots"":1769472,""gap"":4,""stored_slots"":1843200,""stride"":2,""tile_count"":57,""top_beta"":2}",logical_halo_compact,logical_halo_compact;packed_compact,logical_halo_compact,2,1,False,0,0,False,planner_estimate,2580,83609280,4,10,8,413,32768,2567020,2566660,2566240,2566240,420,420,4,47875776,2517,47878713,0.013425770777479893,2569177.0,"planner-only metadata compile; real traced DAG with 22 body LT layers plus explicit 1x1 output; SiLU7 fit uses StatsTracker ranges; edge_kind: carry=layout unchanged, fused=layout change hidden in operator, explicit=separate re-layout, bootstrap-drop=CT-saving drop halo before bootstrap; no dense HE transform generation or FHE forward",31,18,4,8,22,22,8,147456
384x288_CVC_ClinicDB,CVC-ClinicDB,384x288,3,1,32,UNet22PlusOutput_real_trace_22_body_layers_plus_1x1_output,OrionTracer+StatsTracker+fit+NetworkDAG+layout_policy+BootstrapSolver,silu,7,3,Chebyshev.fit from StatsTracker; depth=3 plus 1 if fitted prescale!=1,dp,template,template_unweighted_diagonal_bsgs,template_unweighted_diagonal,32768,33,15,15,dec3a,Conv2d,False,True,u22_same_shape_conv_provider,,28,54,27,57,28,2,2,1,1,5,1,4,False,,,,,,0,0,0,0,9216,9216,9216,0,0,0,0,0,0,2064384,0,229376,1024,9216,0,0,9216,0,1792,0,7,3204352,3195136,256,128,template,compact_halo_shared,fused,fused,carry=0;fused=1;explicit=0;bootstrap-drop=0,cat3->dec3a:fused:layout_changed_hidden_in_Conv2d:mode=compact_halo_shared,0,1,0,0,,1,0,0,0,source+target,target:consumer_fused_relayout;source:producer_materialized_halo,4,4,1x256x96x72,1x128x96x72,1x16x384x288,1x8x384x288,-0.04504958167672157,0.049009282141923904,-0.03981323167681694,0.04023158177733421,256,128,,,,,,,,3x3,1x1,1x1,,1x1,1,cat3,"{""bottom_beta"":2,""gap"":4,""stored_slots"":1843200,""stride"":2,""tile_count"":57,""top_beta"":2}","{""bottom_beta"":1,""gap"":4,""stored_slots"":1806336,""stride"":1,""tile_count"":56,""top_beta"":1}","{""bottom_beta"":2,""gap"":4,""stored_slots"":1843200,""stride"":2,""tile_count"":57,""top_beta"":2}","{""bottom_beta"":1,""core_slots"":884736,""gap"":4,""stored_slots"":903168,""stride"":1,""tile_count"":28,""top_beta"":1}",logical_halo_compact,logical_halo_compact,logical_halo_compact,1,0,False,1,0,True,planner_estimate,2580,83609280,4,10,8,413,32768,2567020,2566660,2566240,2566240,420,420,4,47875776,2517,47878713,0.013425770777479893,2569177.0,"planner-only metadata compile; real traced DAG with 22 body LT layers plus explicit 1x1 output; SiLU7 fit uses StatsTracker ranges; edge_kind: carry=layout unchanged, fused=layout change hidden in operator, explicit=separate re-layout, bootstrap-drop=CT-saving drop halo before bootstrap; no dense HE transform generation or FHE forward",31,18,4,8,22,22,8,147456
384x288_CVC_ClinicDB,CVC-ClinicDB,384x288,3,1,32,UNet22PlusOutput_real_trace_22_body_layers_plus_1x1_output,OrionTracer+StatsTracker+fit+NetworkDAG+layout_policy+BootstrapSolver,silu,7,3,Chebyshev.fit from StatsTracker; depth=3 plus 1 if fitted prescale!=1,dp,template,template_unweighted_diagonal_bsgs,template_unweighted_diagonal,32768,34,,,dec3a_act,SiLU,False,,chebyshev_polynomial_activation,not_a_provider_linear_kernel,28,27,27,28,28,1,1,1,1,4,3,1,True,child_level_exceeds_output_level,dec3b,dec3b,10,1x8x384x288,884736,27,32768,27,0,0,0,0,0,0,0,0,0,0,84,0,0,0,0,0,0,0,0,0,0,0,0,0,0,none_activation_polynomial,halo_local,carry+bootstrap-drop,carry,carry=1;fused=0;explicit=0;bootstrap-drop=1,dec3a->dec3a_act:carry:layout_same_carry_halo:mode=halo_local;bootstrap-boundary->dec3b:bootstrap-drop:drop_halo_before_bootstrap,1,0,0,1,bootstrap-boundary->dec3b:bootstrap-drop:drop_halo_before_bootstrap,0,1,1,18432,none,,4,4,1x128x96x72,1x128x96x72,1x8x384x288,1x8x384x288,-0.03981323167681694,0.04023158177733421,-0.01951039396226406,0.02052038162946701,,,silu,7,3,1.0,0.0,-0.07983563840389252,0.08025398850440979,,,,,,,dec3a,"{""bottom_beta"":1,""gap"":4,""stored_slots"":903168,""stride"":1,""tile_count"":28,""top_beta"":1}","{""bottom_beta"":0,""gap"":4,""stored_slots"":884736,""stride"":1,""tile_count"":27,""top_beta"":0}","{""bottom_beta"":1,""gap"":4,""stored_slots"":903168,""stride"":1,""tile_count"":28,""top_beta"":1}","{""bottom_beta"":1,""core_slots"":884736,""gap"":4,""stored_slots"":903168,""stride"":1,""tile_count"":28,""top_beta"":1}",logical_halo_compact,logical_halo_compact,logical_halo_compact,1,0,False,0,0,False,planner_estimate,2580,83609280,4,10,8,413,32768,2567020,2566660,2566240,2566240,420,420,4,47875776,2517,47878713,0.013425770777479893,2569177.0,"planner-only metadata compile; real traced DAG with 22 body LT layers plus explicit 1x1 output; SiLU7 fit uses StatsTracker ranges; edge_kind: carry=layout unchanged, fused=layout change hidden in operator, explicit=separate re-layout, bootstrap-drop=CT-saving drop halo before bootstrap; no dense HE transform generation or FHE forward",31,18,4,8,22,22,8,147456
384x288_CVC_ClinicDB,CVC-ClinicDB,384x288,3,1,32,UNet22PlusOutput_real_trace_22_body_layers_plus_1x1_output,OrionTracer+StatsTracker+fit+NetworkDAG+layout_policy+BootstrapSolver,silu,7,3,Chebyshev.fit from StatsTracker; depth=3 plus 1 if fitted prescale!=1,dp,template,template_unweighted_diagonal_bsgs,template_unweighted_diagonal,32768,35,16,16,dec3b,Conv2d,False,True,u22_same_shape_conv_provider,,28,27,27,28,28,1,1,1,1,10,1,9,False,,,,,,0,0,0,0,69632,69632,69632,0,0,0,0,0,0,884736,0,114688,512,4096,65536,0,69632,0,896,0,6,1225728,1156096,128,128,template,compact_halo_shared,fused,fused,carry=0;fused=1;explicit=0;bootstrap-drop=0,dec3a_act->dec3b:fused:layout_changed_hidden_in_Conv2d:mode=compact_halo_shared,0,1,0,0,,1,0,0,0,source+target,target:consumer_fused_relayout;source:producer_materialized_halo,4,4,1x128x96x72,1x128x96x72,1x8x384x288,1x8x384x288,-0.01951039396226406,0.02052038162946701,-0.032446280121803284,0.035106778144836426,128,128,,,,,,,,3x3,1x1,1x1,,1x1,1,dec3a_act,"{""bottom_beta"":1,""gap"":4,""stored_slots"":903168,""stride"":1,""tile_count"":28,""top_beta"":1}","{""bottom_beta"":1,""gap"":4,""stored_slots"":903168,""stride"":1,""tile_count"":28,""top_beta"":1}","{""bottom_beta"":1,""gap"":4,""stored_slots"":903168,""stride"":1,""tile_count"":28,""top_beta"":1}","{""bottom_beta"":1,""core_slots"":884736,""gap"":4,""stored_slots"":903168,""stride"":2,""tile_count"":28,""top_beta"":1}",logical_halo_compact,logical_halo_compact,logical_halo_compact,1,0,False,1,0,True,planner_estimate,2580,83609280,4,10,8,413,32768,2567020,2566660,2566240,2566240,420,420,4,47875776,2517,47878713,0.013425770777479893,2569177.0,"planner-only metadata compile; real traced DAG with 22 body LT layers plus explicit 1x1 output; SiLU7 fit uses StatsTracker ranges; edge_kind: carry=layout unchanged, fused=layout change hidden in operator, explicit=separate re-layout, bootstrap-drop=CT-saving drop halo before bootstrap; no dense HE transform generation or FHE forward",31,18,4,8,22,22,8,147456
384x288_CVC_ClinicDB,CVC-ClinicDB,384x288,3,1,32,UNet22PlusOutput_real_trace_22_body_layers_plus_1x1_output,OrionTracer+StatsTracker+fit+NetworkDAG+layout_policy+BootstrapSolver,silu,7,3,Chebyshev.fit from StatsTracker; depth=3 plus 1 if fitted prescale!=1,dp,template,template_unweighted_diagonal_bsgs,template_unweighted_diagonal,32768,36,,,dec3b_act,SiLU,False,,chebyshev_polynomial_activation,not_a_provider_linear_kernel,28,27,27,28,28,1,1,1,1,9,3,6,False,,,,,,0,0,0,0,0,0,0,0,0,0,0,0,0,0,84,0,0,0,0,0,0,0,0,0,0,0,0,0,0,none_activation_polynomial,halo_local,carry,carry,carry=1;fused=0;explicit=0;bootstrap-drop=0,dec3b->dec3b_act:carry:layout_same_carry_halo:mode=halo_local,1,0,0,0,,0,1,0,0,none,,4,4,1x128x96x72,1x128x96x72,1x8x384x288,1x8x384x288,-0.032446280121803284,0.035106778144836426,-0.015959972515702248,0.01786147989332676,,,silu,7,3,1.0,0.0,-0.06622280925512314,0.06888330727815628,,,,,,,dec3b,"{""bottom_beta"":1,""gap"":4,""stored_slots"":903168,""stride"":2,""tile_count"":28,""top_beta"":1}","{""bottom_beta"":1,""gap"":4,""stored_slots"":903168,""stride"":2,""tile_count"":28,""top_beta"":1}","{""bottom_beta"":1,""gap"":4,""stored_slots"":903168,""stride"":2,""tile_count"":28,""top_beta"":1}","{""bottom_beta"":1,""core_slots"":884736,""gap"":4,""stored_slots"":903168,""stride"":2,""tile_count"":28,""top_beta"":1}",logical_halo_compact,logical_halo_compact,logical_halo_compact,1,0,False,0,0,False,planner_estimate,2580,83609280,4,10,8,413,32768,2567020,2566660,2566240,2566240,420,420,4,47875776,2517,47878713,0.013425770777479893,2569177.0,"planner-only metadata compile; real traced DAG with 22 body LT layers plus explicit 1x1 output; SiLU7 fit uses StatsTracker ranges; edge_kind: carry=layout unchanged, fused=layout change hidden in operator, explicit=separate re-layout, bootstrap-drop=CT-saving drop halo before bootstrap; no dense HE transform generation or FHE forward",31,18,4,8,22,22,8,147456
384x288_CVC_ClinicDB,CVC-ClinicDB,384x288,3,1,32,UNet22PlusOutput_real_trace_22_body_layers_plus_1x1_output,OrionTracer+StatsTracker+fit+NetworkDAG+layout_policy+BootstrapSolver,silu,7,3,Chebyshev.fit from StatsTracker; depth=3 plus 1 if fitted prescale!=1,dp,template,template_unweighted_diagonal_bsgs,template_unweighted_diagonal,32768,37,17,17,up2,ConvTranspose2d,False,True,u22_tconv_provider,,56,27,54,28,56,1,1,2,2,6,1,5,False,,,,,,0,0,0,0,2048,2048,2048,0,0,0,0,0,0,196608,0,57344,512,2048,0,0,2048,0,896,0,4,423936,421888,128,64,template,halo_local,carry,carry,carry=1;fused=0;explicit=0;bootstrap-drop=0,dec3b_act->up2:carry:layout_same_carry_halo:mode=halo_local,1,0,0,0,,0,1,0,0,source,source:producer_materialized_halo,4,2,1x128x96x72,1x64x192x144,1x8x384x288,1x16x384x288,-0.015959972515702248,0.01786147989332676,-0.06636228412389755,0.06416868418455124,128,64,,,,,,,,2x2,2x2,0x0,0x0,1x1,1,dec3b_act,"{""bottom_beta"":1,""gap"":4,""stored_slots"":903168,""stride"":2,""tile_count"":28,""top_beta"":1}","{""bottom_beta"":0,""gap"":4,""stored_slots"":884736,""stride"":2,""tile_count"":27,""top_beta"":0}","{""bottom_beta"":1,""gap"":4,""stored_slots"":903168,""stride"":2,""tile_count"":28,""top_beta"":1}","{""bottom_beta"":2,""core_slots"":1769472,""gap"":2,""stored_slots"":1806336,""stride"":2,""tile_count"":56,""top_beta"":2}",logical_halo_compact,logical_halo_compact,logical_halo_compact,1,0,False,0,0,True,planner_estimate,2580,83609280,4,10,8,413,32768,2567020,2566660,2566240,2566240,420,420,4,47875776,2517,47878713,0.013425770777479893,2569177.0,"planner-only metadata compile; real traced DAG with 22 body LT layers plus explicit 1x1 output; SiLU7 fit uses StatsTracker ranges; edge_kind: carry=layout unchanged, fused=layout change hidden in operator, explicit=separate re-layout, bootstrap-drop=CT-saving drop halo before bootstrap; no dense HE transform generation or FHE forward",31,18,4,8,22,22,8,147456
384x288_CVC_ClinicDB,CVC-ClinicDB,384x288,3,1,32,UNet22PlusOutput_real_trace_22_body_layers_plus_1x1_output,OrionTracer+StatsTracker+fit+NetworkDAG+layout_policy+BootstrapSolver,silu,7,3,Chebyshev.fit from StatsTracker; depth=3 plus 1 if fitted prescale!=1,dp,template,template_unweighted_diagonal_bsgs,template_unweighted_diagonal,32768,38,,,cat2,Concat,False,,concat_runtime_or_fused_concat,not_a_provider_linear_kernel,111,54,108,56,111,2,2,2,2,5,0,5,False,,,,,,0,0,0,0,112,0,0,112,112,0,1,0,0,0,0,0,0,0,0,0,0,0,0,0,0,0,0,0,0,none_no_linear_transform,halo_local,mixed:carry+explicit,mixed:carry+explicit,carry=1;fused=0;explicit=1;bootstrap-drop=0,enc2b_act->cat2:explicit:dp_add_input_alignment:mode=halo_local;up2->cat2:carry:layout_same_carry_halo:mode=halo_local,1,0,1,0,,1,1,0,0,source_to_target,source_to_target:separate_relayout_edge,2,2,1x64x192x144,1x128x192x144,1x16x384x288,1x32x384x288,-0.06636228412389755,0.06416868418455124,-0.06636228412389755,0.06416868418455124,,,,,,,,,,,,,,,,enc2b_act;up2,"{""bottom_beta"":2,""gap"":2,""stored_slots"":1806336,""stride"":2,""tile_count"":56,""top_beta"":2}","{""bottom_beta"":0,""gap"":2,""stored_slots"":1769472,""stride"":1,""tile_count"":54,""top_beta"":0}","{""bottom_beta"":2,""gap"":2,""stored_slots"":1806336,""stride"":2,""tile_count"":56,""top_beta"":2}","{""bottom_beta"":2,""core_slots"":3538944,""gap"":2,""stored_slots"":3612672,""stride"":2,""tile_count"":111,""top_beta"":2}",logical_halo_compact,logical_halo_compact;packed_compact,logical_halo_compact,2,1,False,0,0,False,planner_estimate,2580,83609280,4,10,8,413,32768,2567020,2566660,2566240,2566240,420,420,4,47875776,2517,47878713,0.013425770777479893,2569177.0,"planner-only metadata compile; real traced DAG with 22 body LT layers plus explicit 1x1 output; SiLU7 fit uses StatsTracker ranges; edge_kind: carry=layout unchanged, fused=layout change hidden in operator, explicit=separate re-layout, bootstrap-drop=CT-saving drop halo before bootstrap; no dense HE transform generation or FHE forward",31,18,4,8,22,22,8,147456
384x288_CVC_ClinicDB,CVC-ClinicDB,384x288,3,1,32,UNet22PlusOutput_real_trace_22_body_layers_plus_1x1_output,OrionTracer+StatsTracker+fit+NetworkDAG+layout_policy+BootstrapSolver,silu,7,3,Chebyshev.fit from StatsTracker; depth=3 plus 1 if fitted prescale!=1,dp,template,template_unweighted_diagonal_bsgs,template_unweighted_diagonal,32768,39,18,18,dec2a,Conv2d,False,True,u22_same_shape_conv_provider,,55,108,54,111,55,2,2,1,1,5,1,4,False,,,,,,0,0,0,0,4608,4608,4608,0,0,0,0,0,0,516096,0,57344,512,4608,0,0,4608,0,896,0,7,799360,794752,128,64,template,compact_halo_shared,fused,fused,carry=0;fused=1;explicit=0;bootstrap-drop=0,cat2->dec2a:fused:layout_changed_hidden_in_Conv2d:mode=compact_halo_shared,0,1,0,0,,1,0,0,0,source+target,target:consumer_fused_relayout;source:producer_materialized_halo,2,2,1x128x192x144,1x64x192x144,1x32x384x288,1x16x384x288,-0.06636228412389755,0.06416868418455124,-0.05869917944073677,0.06385935842990875,128,64,,,,,,,,3x3,1x1,1x1,,1x1,1,cat2,"{""bottom_beta"":2,""gap"":2,""stored_slots"":3612672,""stride"":2,""tile_count"":111,""top_beta"":2}","{""bottom_beta"":1,""gap"":2,""stored_slots"":3575808,""stride"":1,""tile_count"":110,""top_beta"":1}","{""bottom_beta"":2,""gap"":2,""stored_slots"":3612672,""stride"":2,""tile_count"":111,""top_beta"":2}","{""bottom_beta"":1,""core_slots"":1769472,""gap"":2,""stored_slots"":1787904,""stride"":1,""tile_count"":55,""top_beta"":1}",logical_halo_compact,logical_halo_compact,logical_halo_compact,1,0,False,1,0,True,planner_estimate,2580,83609280,4,10,8,413,32768,2567020,2566660,2566240,2566240,420,420,4,47875776,2517,47878713,0.013425770777479893,2569177.0,"planner-only metadata compile; real traced DAG with 22 body LT layers plus explicit 1x1 output; SiLU7 fit uses StatsTracker ranges; edge_kind: carry=layout unchanged, fused=layout change hidden in operator, explicit=separate re-layout, bootstrap-drop=CT-saving drop halo before bootstrap; no dense HE transform generation or FHE forward",31,18,4,8,22,22,8,147456
384x288_CVC_ClinicDB,CVC-ClinicDB,384x288,3,1,32,UNet22PlusOutput_real_trace_22_body_layers_plus_1x1_output,OrionTracer+StatsTracker+fit+NetworkDAG+layout_policy+BootstrapSolver,silu,7,3,Chebyshev.fit from StatsTracker; depth=3 plus 1 if fitted prescale!=1,dp,template,template_unweighted_diagonal_bsgs,template_unweighted_diagonal,32768,40,,,dec2a_act,SiLU,False,,chebyshev_polynomial_activation,not_a_provider_linear_kernel,55,54,54,55,55,1,1,1,1,4,3,1,True,child_level_exceeds_output_level,dec2b,dec2b,10,1x16x384x288,1769472,54,32768,54,0,0,0,0,0,0,0,0,0,0,165,0,0,0,0,0,0,0,0,0,0,0,0,0,0,none_activation_polynomial,halo_local,carry+bootstrap-drop,carry,carry=1;fused=0;explicit=0;bootstrap-drop=1,dec2a->dec2a_act:carry:layout_same_carry_halo:mode=halo_local;bootstrap-boundary->dec2b:bootstrap-drop:drop_halo_before_bootstrap,1,0,0,1,bootstrap-boundary->dec2b:bootstrap-drop:drop_halo_before_bootstrap,0,1,1,18432,none,,2,2,1x64x192x144,1x64x192x144,1x16x384x288,1x16x384x288,-0.05869917944073677,0.06385935842990875,-0.028488436713814735,0.03294883668422699,,,silu,7,3,1.0,0.0,-0.11997844278812408,0.12513862550258636,,,,,,,dec2a,"{""bottom_beta"":1,""gap"":2,""stored_slots"":1787904,""stride"":1,""tile_count"":55,""top_beta"":1}","{""bottom_beta"":0,""gap"":2,""stored_slots"":1769472,""stride"":1,""tile_count"":54,""top_beta"":0}","{""bottom_beta"":1,""gap"":2,""stored_slots"":1787904,""stride"":1,""tile_count"":55,""top_beta"":1}","{""bottom_beta"":1,""core_slots"":1769472,""gap"":2,""stored_slots"":1787904,""stride"":1,""tile_count"":55,""top_beta"":1}",logical_halo_compact,logical_halo_compact,logical_halo_compact,1,0,False,0,0,False,planner_estimate,2580,83609280,4,10,8,413,32768,2567020,2566660,2566240,2566240,420,420,4,47875776,2517,47878713,0.013425770777479893,2569177.0,"planner-only metadata compile; real traced DAG with 22 body LT layers plus explicit 1x1 output; SiLU7 fit uses StatsTracker ranges; edge_kind: carry=layout unchanged, fused=layout change hidden in operator, explicit=separate re-layout, bootstrap-drop=CT-saving drop halo before bootstrap; no dense HE transform generation or FHE forward",31,18,4,8,22,22,8,147456
384x288_CVC_ClinicDB,CVC-ClinicDB,384x288,3,1,32,UNet22PlusOutput_real_trace_22_body_layers_plus_1x1_output,OrionTracer+StatsTracker+fit+NetworkDAG+layout_policy+BootstrapSolver,silu,7,3,Chebyshev.fit from StatsTracker; depth=3 plus 1 if fitted prescale!=1,dp,template,template_unweighted_diagonal_bsgs,template_unweighted_diagonal,32768,41,19,19,dec2b,Conv2d,False,True,u22_same_shape_conv_provider,,55,54,54,55,55,1,1,1,1,10,1,9,False,,,,,,0,0,0,0,18432,18432,18432,0,0,0,0,0,0,221184,0,28672,256,2048,16384,0,18432,0,448,0,6,305664,287232,64,64,template,compact_halo_shared,fused,fused,carry=0;fused=1;explicit=0;bootstrap-drop=0,dec2a_act->dec2b:fused:layout_changed_hidden_in_Conv2d:mode=compact_halo_shared,0,1,0,0,,1,0,0,0,source+target,target:consumer_fused_relayout;source:producer_materialized_halo,2,2,1x64x192x144,1x64x192x144,1x16x384x288,1x16x384x288,-0.028488436713814735,0.03294883668422699,-0.04934113845229149,0.04538959637284279,64,64,,,,,,,,3x3,1x1,1x1,,1x1,1,dec2a_act,"{""bottom_beta"":1,""gap"":2,""stored_slots"":1787904,""stride"":1,""tile_count"":55,""top_beta"":1}","{""bottom_beta"":1,""gap"":2,""stored_slots"":1787904,""stride"":1,""tile_count"":55,""top_beta"":1}","{""bottom_beta"":1,""gap"":2,""stored_slots"":1787904,""stride"":1,""tile_count"":55,""top_beta"":1}","{""bottom_beta"":1,""core_slots"":1769472,""gap"":2,""stored_slots"":1787904,""stride"":2,""tile_count"":55,""top_beta"":1}",logical_halo_compact,logical_halo_compact,logical_halo_compact,1,0,False,1,0,True,planner_estimate,2580,83609280,4,10,8,413,32768,2567020,2566660,2566240,2566240,420,420,4,47875776,2517,47878713,0.013425770777479893,2569177.0,"planner-only metadata compile; real traced DAG with 22 body LT layers plus explicit 1x1 output; SiLU7 fit uses StatsTracker ranges; edge_kind: carry=layout unchanged, fused=layout change hidden in operator, explicit=separate re-layout, bootstrap-drop=CT-saving drop halo before bootstrap; no dense HE transform generation or FHE forward",31,18,4,8,22,22,8,147456
384x288_CVC_ClinicDB,CVC-ClinicDB,384x288,3,1,32,UNet22PlusOutput_real_trace_22_body_layers_plus_1x1_output,OrionTracer+StatsTracker+fit+NetworkDAG+layout_policy+BootstrapSolver,silu,7,3,Chebyshev.fit from StatsTracker; depth=3 plus 1 if fitted prescale!=1,dp,template,template_unweighted_diagonal_bsgs,template_unweighted_diagonal,32768,42,,,dec2b_act,SiLU,False,,chebyshev_polynomial_activation,not_a_provider_linear_kernel,55,54,54,55,55,1,1,1,1,9,3,6,False,,,,,,0,0,0,0,0,0,0,0,0,0,0,0,0,0,165,0,0,0,0,0,0,0,0,0,0,0,0,0,0,none_activation_polynomial,halo_local,carry,carry,carry=1;fused=0;explicit=0;bootstrap-drop=0,dec2b->dec2b_act:carry:layout_same_carry_halo:mode=halo_local,1,0,0,0,,0,1,0,0,none,,2,2,1x64x192x144,1x64x192x144,1x16x384x288,1x16x384x288,-0.04934113845229149,0.04538959637284279,-0.024062056094408035,0.023209763690829277,,,silu,7,3,1.0,0.0,-0.09670650959014893,0.09275496006011963,,,,,,,dec2b,"{""bottom_beta"":1,""gap"":2,""stored_slots"":1787904,""stride"":2,""tile_count"":55,""top_beta"":1}","{""bottom_beta"":1,""gap"":2,""stored_slots"":1787904,""stride"":2,""tile_count"":55,""top_beta"":1}","{""bottom_beta"":1,""gap"":2,""stored_slots"":1787904,""stride"":2,""tile_count"":55,""top_beta"":1}","{""bottom_beta"":1,""core_slots"":1769472,""gap"":2,""stored_slots"":1787904,""stride"":2,""tile_count"":55,""top_beta"":1}",logical_halo_compact,logical_halo_compact,logical_halo_compact,1,0,False,0,0,False,planner_estimate,2580,83609280,4,10,8,413,32768,2567020,2566660,2566240,2566240,420,420,4,47875776,2517,47878713,0.013425770777479893,2569177.0,"planner-only metadata compile; real traced DAG with 22 body LT layers plus explicit 1x1 output; SiLU7 fit uses StatsTracker ranges; edge_kind: carry=layout unchanged, fused=layout change hidden in operator, explicit=separate re-layout, bootstrap-drop=CT-saving drop halo before bootstrap; no dense HE transform generation or FHE forward",31,18,4,8,22,22,8,147456
384x288_CVC_ClinicDB,CVC-ClinicDB,384x288,3,1,32,UNet22PlusOutput_real_trace_22_body_layers_plus_1x1_output,OrionTracer+StatsTracker+fit+NetworkDAG+layout_policy+BootstrapSolver,silu,7,3,Chebyshev.fit from StatsTracker; depth=3 plus 1 if fitted prescale!=1,dp,template,template_unweighted_diagonal_bsgs,template_unweighted_diagonal,32768,43,20,20,up1,ConvTranspose2d,False,True,u22_tconv_provider,,110,54,108,55,110,1,1,2,2,6,1,5,False,,,,,,0,0,0,0,1024,1024,1024,0,0,0,0,0,0,57344,0,14336,256,1024,0,0,1024,0,448,0,4,113664,112640,64,32,template,halo_local,carry,carry,carry=1;fused=0;explicit=0;bootstrap-drop=0,dec2b_act->up1:carry:layout_same_carry_halo:mode=halo_local,1,0,0,0,,0,1,0,0,source,source:producer_materialized_halo,2,1,1x64x192x144,1x32x384x288,1x16x384x288,1x32x384x288,-0.024062056094408035,0.023209763690829277,-0.09019758552312851,0.08851970732212067,64,32,,,,,,,,2x2,2x2,0x0,0x0,1x1,1,dec2b_act,"{""bottom_beta"":1,""gap"":2,""stored_slots"":1787904,""stride"":2,""tile_count"":55,""top_beta"":1}","{""bottom_beta"":0,""gap"":2,""stored_slots"":1769472,""stride"":2,""tile_count"":54,""top_beta"":0}","{""bottom_beta"":1,""gap"":2,""stored_slots"":1787904,""stride"":2,""tile_count"":55,""top_beta"":1}","{""bottom_beta"":2,""core_slots"":3538944,""gap"":1,""stored_slots"":3575808,""stride"":2,""tile_count"":110,""top_beta"":2}",logical_halo_compact,logical_halo_compact,logical_halo_compact,1,0,False,0,0,True,planner_estimate,2580,83609280,4,10,8,413,32768,2567020,2566660,2566240,2566240,420,420,4,47875776,2517,47878713,0.013425770777479893,2569177.0,"planner-only metadata compile; real traced DAG with 22 body LT layers plus explicit 1x1 output; SiLU7 fit uses StatsTracker ranges; edge_kind: carry=layout unchanged, fused=layout change hidden in operator, explicit=separate re-layout, bootstrap-drop=CT-saving drop halo before bootstrap; no dense HE transform generation or FHE forward",31,18,4,8,22,22,8,147456
384x288_CVC_ClinicDB,CVC-ClinicDB,384x288,3,1,32,UNet22PlusOutput_real_trace_22_body_layers_plus_1x1_output,OrionTracer+StatsTracker+fit+NetworkDAG+layout_policy+BootstrapSolver,silu,7,3,Chebyshev.fit from StatsTracker; depth=3 plus 1 if fitted prescale!=1,dp,template,template_unweighted_diagonal_bsgs,template_unweighted_diagonal,32768,44,,,cat1,Concat,False,,concat_runtime_or_fused_concat,not_a_provider_linear_kernel,219,108,216,110,219,2,2,2,2,5,0,5,False,,,,,,0,0,0,0,220,0,0,220,220,0,1,0,0,0,0,0,0,0,0,0,0,0,0,0,0,0,0,0,0,none_no_linear_transform,halo_local,mixed:carry+explicit,mixed:carry+explicit,carry=1;fused=0;explicit=1;bootstrap-drop=0,enc1b_act->cat1:explicit:dp_add_input_alignment:mode=halo_local;up1->cat1:carry:layout_same_carry_halo:mode=halo_local,1,0,1,0,,1,1,0,0,source_to_target,source_to_target:separate_relayout_edge,1,1,1x32x384x288,1x64x384x288,1x32x384x288,1x64x384x288,-0.2740214169025421,0.8182862997055054,-0.2740214169025421,0.8182862997055054,,,,,,,,,,,,,,,,enc1b_act;up1,"{""bottom_beta"":2,""gap"":1,""stored_slots"":3575808,""stride"":2,""tile_count"":110,""top_beta"":2}","{""bottom_beta"":0,""gap"":1,""stored_slots"":3538944,""stride"":1,""tile_count"":108,""top_beta"":0}","{""bottom_beta"":2,""gap"":1,""stored_slots"":3575808,""stride"":2,""tile_count"":110,""top_beta"":2}","{""bottom_beta"":2,""core_slots"":7077888,""gap"":1,""stored_slots"":7151616,""stride"":2,""tile_count"":219,""top_beta"":2}",logical_halo_compact,logical_halo_compact;packed_compact,logical_halo_compact,2,1,False,0,0,False,planner_estimate,2580,83609280,4,10,8,413,32768,2567020,2566660,2566240,2566240,420,420,4,47875776,2517,47878713,0.013425770777479893,2569177.0,"planner-only metadata compile; real traced DAG with 22 body LT layers plus explicit 1x1 output; SiLU7 fit uses StatsTracker ranges; edge_kind: carry=layout unchanged, fused=layout change hidden in operator, explicit=separate re-layout, bootstrap-drop=CT-saving drop halo before bootstrap; no dense HE transform generation or FHE forward",31,18,4,8,22,22,8,147456
384x288_CVC_ClinicDB,CVC-ClinicDB,384x288,3,1,32,UNet22PlusOutput_real_trace_22_body_layers_plus_1x1_output,OrionTracer+StatsTracker+fit+NetworkDAG+layout_policy+BootstrapSolver,silu,7,3,Chebyshev.fit from StatsTracker; depth=3 plus 1 if fitted prescale!=1,dp,template,template_unweighted_diagonal_bsgs,template_unweighted_diagonal,32768,45,21,21,dec1a,Conv2d,False,True,u22_same_shape_conv_provider,,109,216,108,219,109,2,2,1,1,5,1,4,False,,,,,,0,0,0,0,2304,2304,2304,0,0,0,0,0,0,129024,0,14336,256,2304,0,0,2304,0,448,0,7,198976,196672,64,32,template,compact_halo_shared,fused,fused,carry=0;fused=1;explicit=0;bootstrap-drop=0,cat1->dec1a:fused:layout_changed_hidden_in_Conv2d:mode=compact_halo_shared,0,1,0,0,,1,0,0,0,source+target,target:consumer_fused_relayout;source:producer_materialized_halo,1,1,1x64x384x288,1x32x384x288,1x64x384x288,1x32x384x288,-0.2740214169025421,0.8182862997055054,-0.21146047115325928,0.2673877775669098,64,32,,,,,,,,3x3,1x1,1x1,,1x1,1,cat1,"{""bottom_beta"":2,""gap"":1,""stored_slots"":7151616,""stride"":2,""tile_count"":219,""top_beta"":2}","{""bottom_beta"":1,""gap"":1,""stored_slots"":7114752,""stride"":1,""tile_count"":218,""top_beta"":1}","{""bottom_beta"":2,""gap"":1,""stored_slots"":7151616,""stride"":2,""tile_count"":219,""top_beta"":2}","{""bottom_beta"":1,""core_slots"":3538944,""gap"":1,""stored_slots"":3557376,""stride"":1,""tile_count"":109,""top_beta"":1}",logical_halo_compact,logical_halo_compact,logical_halo_compact,1,0,False,1,0,True,planner_estimate,2580,83609280,4,10,8,413,32768,2567020,2566660,2566240,2566240,420,420,4,47875776,2517,47878713,0.013425770777479893,2569177.0,"planner-only metadata compile; real traced DAG with 22 body LT layers plus explicit 1x1 output; SiLU7 fit uses StatsTracker ranges; edge_kind: carry=layout unchanged, fused=layout change hidden in operator, explicit=separate re-layout, bootstrap-drop=CT-saving drop halo before bootstrap; no dense HE transform generation or FHE forward",31,18,4,8,22,22,8,147456
384x288_CVC_ClinicDB,CVC-ClinicDB,384x288,3,1,32,UNet22PlusOutput_real_trace_22_body_layers_plus_1x1_output,OrionTracer+StatsTracker+fit+NetworkDAG+layout_policy+BootstrapSolver,silu,7,3,Chebyshev.fit from StatsTracker; depth=3 plus 1 if fitted prescale!=1,dp,template,template_unweighted_diagonal_bsgs,template_unweighted_diagonal,32768,46,,,dec1a_act,SiLU,False,,chebyshev_polynomial_activation,not_a_provider_linear_kernel,109,108,108,109,109,1,1,1,1,4,3,1,True,child_level_exceeds_output_level,dec1b,dec1b,5,1x32x384x288,3538944,108,32768,108,0,0,0,0,0,0,0,0,0,0,327,0,0,0,0,0,0,0,0,0,0,0,0,0,0,none_activation_polynomial,halo_local,carry+bootstrap-drop,carry,carry=1;fused=0;explicit=0;bootstrap-drop=1,dec1a->dec1a_act:carry:layout_same_carry_halo:mode=halo_local;bootstrap-boundary->dec1b:bootstrap-drop:drop_halo_before_bootstrap,1,0,0,1,bootstrap-boundary->dec1b:bootstrap-drop:drop_halo_before_bootstrap,0,1,1,18432,none,,1,1,1x32x384x288,1x32x384x288,1x32x384x288,1x32x384x288,-0.21146047115325928,0.2673877775669098,-0.09459281712770462,0.15146221220493317,,,silu,7,3,1.0,0.0,-0.4508845806121826,0.5068119168281555,,,,,,,dec1a,"{""bottom_beta"":1,""gap"":1,""stored_slots"":3557376,""stride"":1,""tile_count"":109,""top_beta"":1}","{""bottom_beta"":0,""gap"":1,""stored_slots"":3538944,""stride"":1,""tile_count"":108,""top_beta"":0}","{""bottom_beta"":1,""gap"":1,""stored_slots"":3557376,""stride"":1,""tile_count"":109,""top_beta"":1}","{""bottom_beta"":1,""core_slots"":3538944,""gap"":1,""stored_slots"":3557376,""stride"":1,""tile_count"":109,""top_beta"":1}",logical_halo_compact,logical_halo_compact,logical_halo_compact,1,0,False,0,0,False,planner_estimate,2580,83609280,4,10,8,413,32768,2567020,2566660,2566240,2566240,420,420,4,47875776,2517,47878713,0.013425770777479893,2569177.0,"planner-only metadata compile; real traced DAG with 22 body LT layers plus explicit 1x1 output; SiLU7 fit uses StatsTracker ranges; edge_kind: carry=layout unchanged, fused=layout change hidden in operator, explicit=separate re-layout, bootstrap-drop=CT-saving drop halo before bootstrap; no dense HE transform generation or FHE forward",31,18,4,8,22,22,8,147456
384x288_CVC_ClinicDB,CVC-ClinicDB,384x288,3,1,32,UNet22PlusOutput_real_trace_22_body_layers_plus_1x1_output,OrionTracer+StatsTracker+fit+NetworkDAG+layout_policy+BootstrapSolver,silu,7,3,Chebyshev.fit from StatsTracker; depth=3 plus 1 if fitted prescale!=1,dp,template,template_unweighted_diagonal_bsgs,template_unweighted_diagonal,32768,47,22,22,dec1b,Conv2d,False,True,u22_same_shape_conv_provider,,108,108,108,109,108,1,1,0,0,5,1,4,False,,,,,,0,0,0,0,8192,8192,8192,0,0,0,0,0,0,61440,0,10240,128,1024,7168,0,8192,0,320,0,6,95488,87296,32,32,template,compact_halo_shared,fused,fused,carry=0;fused=1;explicit=0;bootstrap-drop=0,dec1a_act->dec1b:fused:layout_changed_hidden_in_Conv2d:mode=compact_halo_shared,0,1,0,0,,1,0,0,0,target,target:consumer_fused_relayout,1,1,1x32x384x288,1x32x384x288,1x32x384x288,1x32x384x288,-0.09459281712770462,0.15146221220493317,-0.09778226166963577,0.10663232207298279,32,32,,,,,,,,3x3,1x1,1x1,,1x1,1,dec1a_act,"{""bottom_beta"":1,""gap"":1,""stored_slots"":3557376,""stride"":1,""tile_count"":109,""top_beta"":1}","{""bottom_beta"":1,""gap"":1,""stored_slots"":3557376,""stride"":1,""tile_count"":109,""top_beta"":1}","{""bottom_beta"":1,""gap"":1,""stored_slots"":3557376,""stride"":1,""tile_count"":109,""top_beta"":1}","{""bottom_beta"":0,""core_slots"":3538944,""gap"":1,""stored_slots"":3538944,""stride"":1,""tile_count"":108,""top_beta"":0}",packed_compact,logical_halo_compact,logical_halo_compact,1,0,False,1,0,False,planner_estimate,2580,83609280,4,10,8,413,32768,2567020,2566660,2566240,2566240,420,420,4,47875776,2517,47878713,0.013425770777479893,2569177.0,"planner-only metadata compile; real traced DAG with 22 body LT layers plus explicit 1x1 output; SiLU7 fit uses StatsTracker ranges; edge_kind: carry=layout unchanged, fused=layout change hidden in operator, explicit=separate re-layout, bootstrap-drop=CT-saving drop halo before bootstrap; no dense HE transform generation or FHE forward",31,18,4,8,22,22,8,147456
384x288_CVC_ClinicDB,CVC-ClinicDB,384x288,3,1,32,UNet22PlusOutput_real_trace_22_body_layers_plus_1x1_output,OrionTracer+StatsTracker+fit+NetworkDAG+layout_policy+BootstrapSolver,silu,7,3,Chebyshev.fit from StatsTracker; depth=3 plus 1 if fitted prescale!=1,dp,template,template_unweighted_diagonal_bsgs,template_unweighted_diagonal,32768,48,,,dec1b_act,SiLU,False,,chebyshev_polynomial_activation,not_a_provider_linear_kernel,108,108,108,108,108,0,0,0,0,4,3,1,False,,,,,,0,0,0,0,0,0,0,0,0,0,0,0,0,0,324,0,0,0,0,0,0,0,0,0,0,0,0,0,0,none_activation_polynomial,halo_local,carry,carry,carry=1;fused=0;explicit=0;bootstrap-drop=0,dec1b->dec1b_act:carry:layout_same_carry_compact:mode=halo_local,1,0,0,0,,0,0,0,0,none,,1,1,1x32x384x288,1x32x384x288,1x32x384x288,1x32x384x288,-0.09778226166963577,0.10663232207298279,-0.04650269076228142,0.05615608021616936,,,silu,7,3,1.0,0.0,-0.19998954236507416,0.20883961021900177,,,,,,,dec1b,"{""bottom_beta"":0,""gap"":1,""stored_slots"":3538944,""stride"":1,""tile_count"":108,""top_beta"":0}","{""bottom_beta"":0,""gap"":1,""stored_slots"":3538944,""stride"":1,""tile_count"":108,""top_beta"":0}","{""bottom_beta"":0,""gap"":1,""stored_slots"":3538944,""stride"":1,""tile_count"":108,""top_beta"":0}","{""bottom_beta"":0,""core_slots"":3538944,""gap"":1,""stored_slots"":3538944,""stride"":1,""tile_count"":108,""top_beta"":0}",packed_compact,packed_compact,packed_compact,1,0,False,0,0,False,planner_estimate,2580,83609280,4,10,8,413,32768,2567020,2566660,2566240,2566240,420,420,4,47875776,2517,47878713,0.013425770777479893,2569177.0,"planner-only metadata compile; real traced DAG with 22 body LT layers plus explicit 1x1 output; SiLU7 fit uses StatsTracker ranges; edge_kind: carry=layout unchanged, fused=layout change hidden in operator, explicit=separate re-layout, bootstrap-drop=CT-saving drop halo before bootstrap; no dense HE transform generation or FHE forward",31,18,4,8,22,22,8,147456
384x288_CVC_ClinicDB,CVC-ClinicDB,384x288,3,1,32,UNet22PlusOutput_real_trace_22_body_layers_plus_1x1_output,OrionTracer+StatsTracker+fit+NetworkDAG+layout_policy+BootstrapSolver,silu,7,3,Chebyshev.fit from StatsTracker; depth=3 plus 1 if fitted prescale!=1,dp,template,template_unweighted_diagonal_bsgs,template_unweighted_diagonal,32768,49,,23,output,Conv2d,True,True,u22_same_shape_conv_provider,,4,108,4,108,4,0,0,0,0,1,1,0,False,,,,,,0,0,0,0,640,640,640,0,0,0,0,0,0,128,0,128,128,128,512,0,640,0,128,0,2,256,0,32,1,count_only,halo_local,carry,carry,carry=1;fused=0;explicit=0;bootstrap-drop=0,dec1b_act->output:carry:layout_same_carry_compact:mode=halo_local,1,0,0,0,,0,0,0,0,none,,1,1,1x32x384x288,1x1x384x288,1x32x384x288,1x1x384x288,-0.04650269076228142,0.05615608021616936,0.13873881101608276,0.1656615138053894,32,1,,,,,,,,1x1,1x1,0x0,,1x1,1,dec1b_act,"{""bottom_beta"":0,""gap"":1,""stored_slots"":3538944,""stride"":1,""tile_count"":108,""top_beta"":0}","{""bottom_beta"":0,""gap"":1,""stored_slots"":3538944,""stride"":1,""tile_count"":108,""top_beta"":0}","{""bottom_beta"":0,""gap"":1,""stored_slots"":3538944,""stride"":1,""tile_count"":108,""top_beta"":0}","{""bottom_beta"":0,""gap"":1,""stored_slots"":110592,""stride"":1,""tile_count"":4,""top_beta"":0}",,packed_compact,packed_compact,1,0,False,0,0,False,planner_estimate,2580,83609280,4,10,8,413,32768,2567020,2566660,2566240,2566240,420,420,4,47875776,2517,47878713,0.013425770777479893,2569177.0,"planner-only metadata compile; real traced DAG with 22 body LT layers plus explicit 1x1 output; SiLU7 fit uses StatsTracker ranges; edge_kind: carry=layout unchanged, fused=layout change hidden in operator, explicit=separate re-layout, bootstrap-drop=CT-saving drop halo before bootstrap; no dense HE transform generation or FHE forward",31,18,4,8,22,22,8,147456
384x384_Satellite_cloud,Satellite cloud segmentation,384x384,4,1,32,UNet22PlusOutput_real_trace_22_body_layers_plus_1x1_output,OrionTracer+StatsTracker+fit+NetworkDAG+layout_policy+BootstrapSolver,silu,7,3,Chebyshev.fit from StatsTracker; depth=3 plus 1 if fitted prescale!=1,dp,template,template_unweighted_diagonal_bsgs,template_unweighted_diagonal,32768,1,1,1,enc1a,Conv2d,False,True,u22_same_shape_conv_provider,,145,18,144,19,145,1,1,1,1,8,1,7,False,,,,,,0,0,0,0,1184,1184,1184,0,0,0,0,0,0,9600,0,1536,20,160,1024,0,1184,0,48,0,6,14604,13420,4,32,template,native_halo_stripe,carry,carry,carry=1;fused=0;explicit=0;bootstrap-drop=0,x->enc1a:carry:layout_same_carry_halo:mode=native_halo_stripe,1,0,0,0,,0,1,0,0,source,source:producer_materialized_halo,1,1,1x4x384x384,1x32x384x384,1x4x384x384,1x32x384x384,-4.846424579620361,4.54639196395874,-3.5037150382995605,3.487088441848755,4,32,,,,,,,,3x3,1x1,1x1,,1x1,1,x,"{""bottom_beta"":1,""gap"":1,""stored_slots"":592896,""stride"":1,""tile_count"":19,""top_beta"":1}","{""bottom_beta"":1,""gap"":1,""stored_slots"":592896,""stride"":1,""tile_count"":19,""top_beta"":1}","{""bottom_beta"":1,""gap"":1,""stored_slots"":592896,""stride"":1,""tile_count"":19,""top_beta"":1}","{""bottom_beta"":1,""core_slots"":4718592,""gap"":1,""stored_slots"":4743168,""stride"":1,""tile_count"":145,""top_beta"":1}",logical_halo_compact,logical_halo_compact,native_source_stripe,1,0,False,0,0,True,planner_estimate,3420,111627264,4,10,8,549,32768,3217352,3216812,3216256,3216256,556,556,4,61909728,3333,61913617,0.013414770191878625,3220145.0,"planner-only metadata compile; real traced DAG with 22 body LT layers plus explicit 1x1 output; SiLU7 fit uses StatsTracker ranges; edge_kind: carry=layout unchanged, fused=layout change hidden in operator, explicit=separate re-layout, bootstrap-drop=CT-saving drop halo before bootstrap; no dense HE transform generation or FHE forward",31,18,4,8,22,22,8,196608
384x384_Satellite_cloud,Satellite cloud segmentation,384x384,4,1,32,UNet22PlusOutput_real_trace_22_body_layers_plus_1x1_output,OrionTracer+StatsTracker+fit+NetworkDAG+layout_policy+BootstrapSolver,silu,7,3,Chebyshev.fit from StatsTracker; depth=3 plus 1 if fitted prescale!=1,dp,template,template_unweighted_diagonal_bsgs,template_unweighted_diagonal,32768,2,,,enc1a_act,SiLU,False,,chebyshev_polynomial_activation,not_a_provider_linear_kernel,145,144,144,145,145,1,1,1,1,7,4,3,False,,,,,,0,0,0,0,0,0,0,0,0,0,0,0,0,0,435,0,0,0,0,0,0,0,0,0,0,0,0,0,0,none_activation_polynomial,halo_local,carry,carry,carry=1;fused=0;explicit=0;bootstrap-drop=0,enc1a->enc1a_act:carry:layout_same_carry_halo:mode=halo_local,1,0,0,0,,0,1,0,0,none,,1,1,1x32x384x384,1x32x384x384,1x32x384x384,1x32x384x384,-3.5037150382995605,3.487088441848755,-0.27846455574035645,3.383585214614868,,,silu,7,4,0.14304506895882332,0.0011891592656269674,-6.999116897583008,6.982490539550781,,,,,,,enc1a,"{""bottom_beta"":1,""gap"":1,""stored_slots"":4743168,""stride"":1,""tile_count"":145,""top_beta"":1}","{""bottom_beta"":0,""gap"":1,""stored_slots"":4718592,""stride"":1,""tile_count"":144,""top_beta"":0}","{""bottom_beta"":1,""gap"":1,""stored_slots"":4743168,""stride"":1,""tile_count"":145,""top_beta"":1}","{""bottom_beta"":1,""core_slots"":4718592,""gap"":1,""stored_slots"":4743168,""stride"":1,""tile_count"":145,""top_beta"":1}",logical_halo_compact,logical_halo_compact,logical_halo_compact,1,0,False,0,0,False,planner_estimate,3420,111627264,4,10,8,549,32768,3217352,3216812,3216256,3216256,556,556,4,61909728,3333,61913617,0.013414770191878625,3220145.0,"planner-only metadata compile; real traced DAG with 22 body LT layers plus explicit 1x1 output; SiLU7 fit uses StatsTracker ranges; edge_kind: carry=layout unchanged, fused=layout change hidden in operator, explicit=separate re-layout, bootstrap-drop=CT-saving drop halo before bootstrap; no dense HE transform generation or FHE forward",31,18,4,8,22,22,8,196608
384x384_Satellite_cloud,Satellite cloud segmentation,384x384,4,1,32,UNet22PlusOutput_real_trace_22_body_layers_plus_1x1_output,OrionTracer+StatsTracker+fit+NetworkDAG+layout_policy+BootstrapSolver,silu,7,3,Chebyshev.fit from StatsTracker; depth=3 plus 1 if fitted prescale!=1,dp,template,template_unweighted_diagonal_bsgs,template_unweighted_diagonal,32768,3,2,2,enc1b,Conv2d,False,True,u22_same_shape_conv_provider,,144,144,144,145,144,1,1,0,0,3,1,2,True,child_level_exceeds_output_level,enc1b_act,enc1b_act,10,1x32x384x384,4718592,144,32768,144,9472,9472,9472,0,0,0,0,0,0,76800,0,12288,160,1280,8192,0,9472,0,384,0,6,116832,107360,32,32,template,compact_halo_shared,fused,fused,carry=0;fused=1;explicit=0;bootstrap-drop=0,enc1a_act->enc1b:fused:layout_changed_hidden_in_Conv2d:mode=compact_halo_shared,0,1,0,0,,1,0,0,0,target,target:consumer_fused_relayout,1,1,1x32x384x384,1x32x384x384,1x32x384x384,1x32x384x384,-0.27846455574035645,3.383585214614868,-1.0011452436447144,1.0539528131484985,32,32,,,,,,,,3x3,1x1,1x1,,1x1,1,enc1a_act,"{""bottom_beta"":1,""gap"":1,""stored_slots"":4743168,""stride"":1,""tile_count"":145,""top_beta"":1}","{""bottom_beta"":1,""gap"":1,""stored_slots"":4743168,""stride"":1,""tile_count"":145,""top_beta"":1}","{""bottom_beta"":1,""gap"":1,""stored_slots"":4743168,""stride"":1,""tile_count"":145,""top_beta"":1}","{""bottom_beta"":0,""core_slots"":4718592,""gap"":1,""stored_slots"":4718592,""stride"":1,""tile_count"":144,""top_beta"":0}",packed_compact,logical_halo_compact,logical_halo_compact,1,0,False,1,0,False,planner_estimate,3420,111627264,4,10,8,549,32768,3217352,3216812,3216256,3216256,556,556,4,61909728,3333,61913617,0.013414770191878625,3220145.0,"planner-only metadata compile; real traced DAG with 22 body LT layers plus explicit 1x1 output; SiLU7 fit uses StatsTracker ranges; edge_kind: carry=layout unchanged, fused=layout change hidden in operator, explicit=separate re-layout, bootstrap-drop=CT-saving drop halo before bootstrap; no dense HE transform generation or FHE forward",31,18,4,8,22,22,8,196608
384x384_Satellite_cloud,Satellite cloud segmentation,384x384,4,1,32,UNet22PlusOutput_real_trace_22_body_layers_plus_1x1_output,OrionTracer+StatsTracker+fit+NetworkDAG+layout_policy+BootstrapSolver,silu,7,3,Chebyshev.fit from StatsTracker; depth=3 plus 1 if fitted prescale!=1,dp,template,template_unweighted_diagonal_bsgs,template_unweighted_diagonal,32768,4,,,enc1b_act,SiLU,False,,chebyshev_polynomial_activation,not_a_provider_linear_kernel,144,144,144,144,144,0,0,0,0,10,4,6,False,,,,,,0,0,0,0,0,0,0,0,0,0,0,0,0,0,432,0,0,0,0,0,0,0,0,0,0,0,0,0,0,none_activation_polynomial,halo_local,carry,carry,carry=1;fused=0;explicit=0;bootstrap-drop=0,enc1b->enc1b_act:carry:layout_same_carry_compact:mode=halo_local,1,0,0,0,,0,0,0,0,none,,1,1,1x32x384x384,1x32x384x384,1x32x384x384,1x32x384x384,-1.0011452436447144,1.0539528131484985,-0.2690240740776062,0.7815410494804382,,,silu,7,4,0.4865947864115087,-0.012848002008421169,-2.0286941528320312,2.0815019607543945,,,,,,,enc1b,"{""bottom_beta"":0,""gap"":1,""stored_slots"":4718592,""stride"":1,""tile_count"":144,""top_beta"":0}","{""bottom_beta"":0,""gap"":1,""stored_slots"":4718592,""stride"":1,""tile_count"":144,""top_beta"":0}","{""bottom_beta"":0,""gap"":1,""stored_slots"":4718592,""stride"":1,""tile_count"":144,""top_beta"":0}","{""bottom_beta"":0,""core_slots"":4718592,""gap"":1,""stored_slots"":4718592,""stride"":1,""tile_count"":144,""top_beta"":0}",packed_compact,packed_compact,packed_compact,1,0,False,0,0,False,planner_estimate,3420,111627264,4,10,8,549,32768,3217352,3216812,3216256,3216256,556,556,4,61909728,3333,61913617,0.013414770191878625,3220145.0,"planner-only metadata compile; real traced DAG with 22 body LT layers plus explicit 1x1 output; SiLU7 fit uses StatsTracker ranges; edge_kind: carry=layout unchanged, fused=layout change hidden in operator, explicit=separate re-layout, bootstrap-drop=CT-saving drop halo before bootstrap; no dense HE transform generation or FHE forward",31,18,4,8,22,22,8,196608
384x384_Satellite_cloud,Satellite cloud segmentation,384x384,4,1,32,UNet22PlusOutput_real_trace_22_body_layers_plus_1x1_output,OrionTracer+StatsTracker+fit+NetworkDAG+layout_policy+BootstrapSolver,silu,7,3,Chebyshev.fit from StatsTracker; depth=3 plus 1 if fitted prescale!=1,dp,template,template_unweighted_diagonal_bsgs,template_unweighted_diagonal,32768,5,,,pool1,AvgPool2d,False,True,u22_pool_provider,,37,144,36,144,37,0,0,1,1,6,1,5,False,,,,,,0,0,0,0,416,416,416,0,0,0,0,0,0,832,0,256,160,352,64,0,416,0,256,0,2,608,192,32,1,template,halo_local,fused,fused,carry=0;fused=1;explicit=0;bootstrap-drop=0,enc1b_act->pool1:fused:layout_changed_by_AvgPool2d:mode=halo_local,0,1,0,0,,1,0,0,0,source,source:producer_materialized_halo,1,2,1x32x384x384,1x32x192x192,1x32x384x384,1x8x384x384,-0.2690240740776062,0.7815410494804382,-0.1836284101009369,0.39232343435287476,32,32,,,,,,,,2x2,2x2,0x0,,1x1,32,enc1b_act,"{""bottom_beta"":0,""gap"":1,""stored_slots"":4718592,""stride"":1,""tile_count"":144,""top_beta"":0}","{""bottom_beta"":0,""gap"":1,""stored_slots"":4718592,""stride"":2,""tile_count"":144,""top_beta"":0}","{""bottom_beta"":0,""gap"":1,""stored_slots"":4718592,""stride"":2,""tile_count"":144,""top_beta"":0}","{""bottom_beta"":1,""core_slots"":1179648,""gap"":2,""stored_slots"":1191936,""stride"":1,""tile_count"":37,""top_beta"":1}",logical_halo_compact,packed_compact,packed_compact,1,0,False,0,0,True,planner_estimate,3420,111627264,4,10,8,549,32768,3217352,3216812,3216256,3216256,556,556,4,61909728,3333,61913617,0.013414770191878625,3220145.0,"planner-only metadata compile; real traced DAG with 22 body LT layers plus explicit 1x1 output; SiLU7 fit uses StatsTracker ranges; edge_kind: carry=layout unchanged, fused=layout change hidden in operator, explicit=separate re-layout, bootstrap-drop=CT-saving drop halo before bootstrap; no dense HE transform generation or FHE forward",31,18,4,8,22,22,8,196608
384x384_Satellite_cloud,Satellite cloud segmentation,384x384,4,1,32,UNet22PlusOutput_real_trace_22_body_layers_plus_1x1_output,OrionTracer+StatsTracker+fit+NetworkDAG+layout_policy+BootstrapSolver,silu,7,3,Chebyshev.fit from StatsTracker; depth=3 plus 1 if fitted prescale!=1,dp,template,template_unweighted_diagonal_bsgs,template_unweighted_diagonal,32768,6,3,3,enc2a,Conv2d,False,True,u22_same_shape_conv_provider,,73,36,72,37,73,1,1,1,1,5,1,4,False,,,,,,0,0,0,0,13568,13568,13568,0,0,0,0,0,0,145408,0,20480,160,1280,12288,0,13568,0,320,0,6,207968,194400,32,64,template,compact_halo_shared,fused,fused,carry=0;fused=1;explicit=0;bootstrap-drop=0,pool1->enc2a:fused:layout_changed_hidden_in_Conv2d:mode=compact_halo_shared,0,1,0,0,,1,0,0,0,source+target,target:consumer_fused_relayout;source:producer_materialized_halo,2,2,1x32x192x192,1x64x192x192,1x8x384x384,1x16x384x384,-0.1836284101009369,0.39232343435287476,-0.19972118735313416,0.19637177884578705,32,64,,,,,,,,3x3,1x1,1x1,,1x1,1,pool1,"{""bottom_beta"":1,""gap"":2,""stored_slots"":1191936,""stride"":1,""tile_count"":37,""top_beta"":1}","{""bottom_beta"":1,""gap"":2,""stored_slots"":1191936,""stride"":1,""tile_count"":37,""top_beta"":1}","{""bottom_beta"":1,""gap"":2,""stored_slots"":1191936,""stride"":1,""tile_count"":37,""top_beta"":1}","{""bottom_beta"":1,""core_slots"":2359296,""gap"":2,""stored_slots"":2383872,""stride"":1,""tile_count"":73,""top_beta"":1}",logical_halo_compact,logical_halo_compact,logical_halo_compact,1,0,False,1,0,True,planner_estimate,3420,111627264,4,10,8,549,32768,3217352,3216812,3216256,3216256,556,556,4,61909728,3333,61913617,0.013414770191878625,3220145.0,"planner-only metadata compile; real traced DAG with 22 body LT layers plus explicit 1x1 output; SiLU7 fit uses StatsTracker ranges; edge_kind: carry=layout unchanged, fused=layout change hidden in operator, explicit=separate re-layout, bootstrap-drop=CT-saving drop halo before bootstrap; no dense HE transform generation or FHE forward",31,18,4,8,22,22,8,196608
384x384_Satellite_cloud,Satellite cloud segmentation,384x384,4,1,32,UNet22PlusOutput_real_trace_22_body_layers_plus_1x1_output,OrionTracer+StatsTracker+fit+NetworkDAG+layout_policy+BootstrapSolver,silu,7,3,Chebyshev.fit from StatsTracker; depth=3 plus 1 if fitted prescale!=1,dp,template,template_unweighted_diagonal_bsgs,template_unweighted_diagonal,32768,7,,,enc2a_act,SiLU,False,,chebyshev_polynomial_activation,not_a_provider_linear_kernel,73,72,72,73,73,1,1,1,1,4,3,1,True,child_level_exceeds_output_level,enc2b,enc2b,10,1x16x384x384,2359296,72,32768,72,0,0,0,0,0,0,0,0,0,0,219,0,0,0,0,0,0,0,0,0,0,0,0,0,0,none_activation_polynomial,halo_local,carry+bootstrap-drop,carry,carry=1;fused=0;explicit=0;bootstrap-drop=1,enc2a->enc2a_act:carry:layout_same_carry_halo:mode=halo_local;bootstrap-boundary->enc2b:bootstrap-drop:drop_halo_before_bootstrap,1,0,0,1,bootstrap-boundary->enc2b:bootstrap-drop:drop_halo_before_bootstrap,0,1,1,24576,none,,2,2,1x64x192x192,1x64x192x192,1x16x384x384,1x16x384x384,-0.19972118735313416,0.19637177884578705,-0.08992147445678711,0.10779549926519394,,,silu,7,3,1.0,0.0,-0.39776766300201416,0.39441823959350586,,,,,,,enc2a,"{""bottom_beta"":1,""gap"":2,""stored_slots"":2383872,""stride"":1,""tile_count"":73,""top_beta"":1}","{""bottom_beta"":0,""gap"":2,""stored_slots"":2359296,""stride"":1,""tile_count"":72,""top_beta"":0}","{""bottom_beta"":1,""gap"":2,""stored_slots"":2383872,""stride"":1,""tile_count"":73,""top_beta"":1}","{""bottom_beta"":1,""core_slots"":2359296,""gap"":2,""stored_slots"":2383872,""stride"":1,""tile_count"":73,""top_beta"":1}",logical_halo_compact,logical_halo_compact,logical_halo_compact,1,0,False,0,0,False,planner_estimate,3420,111627264,4,10,8,549,32768,3217352,3216812,3216256,3216256,556,556,4,61909728,3333,61913617,0.013414770191878625,3220145.0,"planner-only metadata compile; real traced DAG with 22 body LT layers plus explicit 1x1 output; SiLU7 fit uses StatsTracker ranges; edge_kind: carry=layout unchanged, fused=layout change hidden in operator, explicit=separate re-layout, bootstrap-drop=CT-saving drop halo before bootstrap; no dense HE transform generation or FHE forward",31,18,4,8,22,22,8,196608
384x384_Satellite_cloud,Satellite cloud segmentation,384x384,4,1,32,UNet22PlusOutput_real_trace_22_body_layers_plus_1x1_output,OrionTracer+StatsTracker+fit+NetworkDAG+layout_policy+BootstrapSolver,silu,7,3,Chebyshev.fit from StatsTracker; depth=3 plus 1 if fitted prescale!=1,dp,template,template_unweighted_diagonal_bsgs,template_unweighted_diagonal,32768,8,4,4,enc2b,Conv2d,False,True,u22_same_shape_conv_provider,,72,72,72,73,72,1,1,0,0,10,1,9,False,,,,,,0,0,0,0,27136,27136,27136,0,0,0,0,0,0,290816,0,40960,320,2560,24576,0,27136,0,640,0,6,415936,388800,64,64,template,compact_halo_shared,fused,fused,carry=0;fused=1;explicit=0;bootstrap-drop=0,enc2a_act->enc2b:fused:layout_changed_hidden_in_Conv2d:mode=compact_halo_shared,0,1,0,0,,1,0,0,0,target,target:consumer_fused_relayout,2,2,1x64x192x192,1x64x192x192,1x16x384x384,1x16x384x384,-0.08992147445678711,0.10779549926519394,-0.08026120811700821,0.07608218491077423,64,64,,,,,,,,3x3,1x1,1x1,,1x1,1,enc2a_act,"{""bottom_beta"":1,""gap"":2,""stored_slots"":2383872,""stride"":1,""tile_count"":73,""top_beta"":1}","{""bottom_beta"":1,""gap"":2,""stored_slots"":2383872,""stride"":1,""tile_count"":73,""top_beta"":1}","{""bottom_beta"":1,""gap"":2,""stored_slots"":2383872,""stride"":1,""tile_count"":73,""top_beta"":1}","{""bottom_beta"":0,""core_slots"":2359296,""gap"":2,""stored_slots"":2359296,""stride"":2,""tile_count"":72,""top_beta"":0}",packed_compact,logical_halo_compact,logical_halo_compact,1,0,False,1,0,False,planner_estimate,3420,111627264,4,10,8,549,32768,3217352,3216812,3216256,3216256,556,556,4,61909728,3333,61913617,0.013414770191878625,3220145.0,"planner-only metadata compile; real traced DAG with 22 body LT layers plus explicit 1x1 output; SiLU7 fit uses StatsTracker ranges; edge_kind: carry=layout unchanged, fused=layout change hidden in operator, explicit=separate re-layout, bootstrap-drop=CT-saving drop halo before bootstrap; no dense HE transform generation or FHE forward",31,18,4,8,22,22,8,196608
384x384_Satellite_cloud,Satellite cloud segmentation,384x384,4,1,32,UNet22PlusOutput_real_trace_22_body_layers_plus_1x1_output,OrionTracer+StatsTracker+fit+NetworkDAG+layout_policy+BootstrapSolver,silu,7,3,Chebyshev.fit from StatsTracker; depth=3 plus 1 if fitted prescale!=1,dp,template,template_unweighted_diagonal_bsgs,template_unweighted_diagonal,32768,9,,,enc2b_act,SiLU,False,,chebyshev_polynomial_activation,not_a_provider_linear_kernel,72,72,72,72,72,0,0,0,0,9,3,6,False,,,,,,0,0,0,0,0,0,0,0,0,0,0,0,0,0,216,0,0,0,0,0,0,0,0,0,0,0,0,0,0,none_activation_polynomial,halo_local,carry,carry,carry=1;fused=0;explicit=0;bootstrap-drop=0,enc2b->enc2b_act:carry:layout_same_carry_compact:mode=halo_local,1,0,0,0,,0,0,0,0,none,,2,2,1x64x192x192,1x64x192x192,1x16x384x384,1x16x384x384,-0.08026120811700821,0.07608218491077423,-0.03852100297808647,0.03948751837015152,,,silu,7,3,1.0,0.0,-0.15843291580677032,0.15425388514995575,,,,,,,enc2b,"{""bottom_beta"":0,""gap"":2,""stored_slots"":2359296,""stride"":2,""tile_count"":72,""top_beta"":0}","{""bottom_beta"":0,""gap"":2,""stored_slots"":2359296,""stride"":1,""tile_count"":72,""top_beta"":0}","{""bottom_beta"":0,""gap"":2,""stored_slots"":2359296,""stride"":2,""tile_count"":72,""top_beta"":0}","{""bottom_beta"":0,""core_slots"":2359296,""gap"":2,""stored_slots"":2359296,""stride"":2,""tile_count"":72,""top_beta"":0}",packed_compact,packed_compact,packed_compact,1,0,False,0,0,False,planner_estimate,3420,111627264,4,10,8,549,32768,3217352,3216812,3216256,3216256,556,556,4,61909728,3333,61913617,0.013414770191878625,3220145.0,"planner-only metadata compile; real traced DAG with 22 body LT layers plus explicit 1x1 output; SiLU7 fit uses StatsTracker ranges; edge_kind: carry=layout unchanged, fused=layout change hidden in operator, explicit=separate re-layout, bootstrap-drop=CT-saving drop halo before bootstrap; no dense HE transform generation or FHE forward",31,18,4,8,22,22,8,196608
384x384_Satellite_cloud,Satellite cloud segmentation,384x384,4,1,32,UNet22PlusOutput_real_trace_22_body_layers_plus_1x1_output,OrionTracer+StatsTracker+fit+NetworkDAG+layout_policy+BootstrapSolver,silu,7,3,Chebyshev.fit from StatsTracker; depth=3 plus 1 if fitted prescale!=1,dp,template,template_unweighted_diagonal_bsgs,template_unweighted_diagonal,32768,10,,,pool2,AvgPool2d,False,True,u22_pool_provider,,19,72,18,72,19,0,0,1,1,6,1,5,False,,,,,,0,0,0,0,832,832,832,0,0,0,0,0,0,1664,0,512,320,704,128,0,832,0,512,0,2,1216,384,64,1,template,halo_local,carry,carry,carry=1;fused=0;explicit=0;bootstrap-drop=0,enc2b_act->pool2:carry:layout_same_carry_compact:mode=halo_local,1,0,0,0,,0,0,0,0,source,source:producer_materialized_halo,2,4,1x64x192x192,1x64x96x96,1x16x384x384,1x4x384x384,-0.03852100297808647,0.03948751837015152,-0.03098495677113533,0.02974504977464676,64,64,,,,,,,,2x2,2x2,0x0,,1x1,64,enc2b_act,"{""bottom_beta"":0,""gap"":2,""stored_slots"":2359296,""stride"":2,""tile_count"":72,""top_beta"":0}","{""bottom_beta"":0,""gap"":2,""stored_slots"":2359296,""stride"":2,""tile_count"":72,""top_beta"":0}","{""bottom_beta"":0,""gap"":2,""stored_slots"":2359296,""stride"":2,""tile_count"":72,""top_beta"":0}","{""bottom_beta"":1,""core_slots"":589824,""gap"":4,""stored_slots"":602112,""stride"":1,""tile_count"":19,""top_beta"":1}",logical_halo_compact,packed_compact,packed_compact,1,0,False,0,0,True,planner_estimate,3420,111627264,4,10,8,549,32768,3217352,3216812,3216256,3216256,556,556,4,61909728,3333,61913617,0.013414770191878625,3220145.0,"planner-only metadata compile; real traced DAG with 22 body LT layers plus explicit 1x1 output; SiLU7 fit uses StatsTracker ranges; edge_kind: carry=layout unchanged, fused=layout change hidden in operator, explicit=separate re-layout, bootstrap-drop=CT-saving drop halo before bootstrap; no dense HE transform generation or FHE forward",31,18,4,8,22,22,8,196608
384x384_Satellite_cloud,Satellite cloud segmentation,384x384,4,1,32,UNet22PlusOutput_real_trace_22_body_layers_plus_1x1_output,OrionTracer+StatsTracker+fit+NetworkDAG+layout_policy+BootstrapSolver,silu,7,3,Chebyshev.fit from StatsTracker; depth=3 plus 1 if fitted prescale!=1,dp,template,template_unweighted_diagonal_bsgs,template_unweighted_diagonal,32768,11,5,5,enc3a,Conv2d,False,True,u22_same_shape_conv_provider,,37,18,36,19,37,1,1,1,1,5,1,4,False,,,,,,0,0,0,0,43520,43520,43520,0,0,0,0,0,0,565248,0,73728,320,2560,40960,0,43520,0,576,0,6,784576,741056,64,128,template,compact_halo_shared,fused,fused,carry=0;fused=1;explicit=0;bootstrap-drop=0,pool2->enc3a:fused:layout_changed_hidden_in_Conv2d:mode=compact_halo_shared,0,1,0,0,,1,0,0,0,source+target,target:consumer_fused_relayout;source:producer_materialized_halo,4,4,1x64x96x96,1x128x96x96,1x4x384x384,1x8x384x384,-0.03098495677113533,0.02974504977464676,-0.053926412016153336,0.059626009315252304,64,128,,,,,,,,3x3,1x1,1x1,,1x1,1,pool2,"{""bottom_beta"":1,""gap"":4,""stored_slots"":602112,""stride"":1,""tile_count"":19,""top_beta"":1}","{""bottom_beta"":1,""gap"":4,""stored_slots"":602112,""stride"":1,""tile_count"":19,""top_beta"":1}","{""bottom_beta"":1,""gap"":4,""stored_slots"":602112,""stride"":1,""tile_count"":19,""top_beta"":1}","{""bottom_beta"":1,""core_slots"":1179648,""gap"":4,""stored_slots"":1204224,""stride"":1,""tile_count"":37,""top_beta"":1}",logical_halo_compact,logical_halo_compact,logical_halo_compact,1,0,False,1,0,True,planner_estimate,3420,111627264,4,10,8,549,32768,3217352,3216812,3216256,3216256,556,556,4,61909728,3333,61913617,0.013414770191878625,3220145.0,"planner-only metadata compile; real traced DAG with 22 body LT layers plus explicit 1x1 output; SiLU7 fit uses StatsTracker ranges; edge_kind: carry=layout unchanged, fused=layout change hidden in operator, explicit=separate re-layout, bootstrap-drop=CT-saving drop halo before bootstrap; no dense HE transform generation or FHE forward",31,18,4,8,22,22,8,196608
384x384_Satellite_cloud,Satellite cloud segmentation,384x384,4,1,32,UNet22PlusOutput_real_trace_22_body_layers_plus_1x1_output,OrionTracer+StatsTracker+fit+NetworkDAG+layout_policy+BootstrapSolver,silu,7,3,Chebyshev.fit from StatsTracker; depth=3 plus 1 if fitted prescale!=1,dp,template,template_unweighted_diagonal_bsgs,template_unweighted_diagonal,32768,12,,,enc3a_act,SiLU,False,,chebyshev_polynomial_activation,not_a_provider_linear_kernel,37,36,36,37,37,1,1,1,1,4,3,1,True,child_level_exceeds_output_level,enc3b,enc3b,10,1x8x384x384,1179648,36,32768,36,0,0,0,0,0,0,0,0,0,0,111,0,0,0,0,0,0,0,0,0,0,0,0,0,0,none_activation_polynomial,halo_local,carry+bootstrap-drop,carry,carry=1;fused=0;explicit=0;bootstrap-drop=1,enc3a->enc3a_act:carry:layout_same_carry_halo:mode=halo_local;bootstrap-boundary->enc3b:bootstrap-drop:drop_halo_before_bootstrap,1,0,0,1,bootstrap-boundary->enc3b:bootstrap-drop:drop_halo_before_bootstrap,0,1,1,24576,none,,4,4,1x128x96x96,1x128x96x96,1x8x384x384,1x8x384x384,-0.053926412016153336,0.059626009315252304,-0.026236366480588913,0.03070155717432499,,,silu,7,3,1.0,0.0,-0.11070261895656586,0.11640222370624542,,,,,,,enc3a,"{""bottom_beta"":1,""gap"":4,""stored_slots"":1204224,""stride"":1,""tile_count"":37,""top_beta"":1}","{""bottom_beta"":0,""gap"":4,""stored_slots"":1179648,""stride"":1,""tile_count"":36,""top_beta"":0}","{""bottom_beta"":1,""gap"":4,""stored_slots"":1204224,""stride"":1,""tile_count"":37,""top_beta"":1}","{""bottom_beta"":1,""core_slots"":1179648,""gap"":4,""stored_slots"":1204224,""stride"":1,""tile_count"":37,""top_beta"":1}",logical_halo_compact,logical_halo_compact,logical_halo_compact,1,0,False,0,0,False,planner_estimate,3420,111627264,4,10,8,549,32768,3217352,3216812,3216256,3216256,556,556,4,61909728,3333,61913617,0.013414770191878625,3220145.0,"planner-only metadata compile; real traced DAG with 22 body LT layers plus explicit 1x1 output; SiLU7 fit uses StatsTracker ranges; edge_kind: carry=layout unchanged, fused=layout change hidden in operator, explicit=separate re-layout, bootstrap-drop=CT-saving drop halo before bootstrap; no dense HE transform generation or FHE forward",31,18,4,8,22,22,8,196608
384x384_Satellite_cloud,Satellite cloud segmentation,384x384,4,1,32,UNet22PlusOutput_real_trace_22_body_layers_plus_1x1_output,OrionTracer+StatsTracker+fit+NetworkDAG+layout_policy+BootstrapSolver,silu,7,3,Chebyshev.fit from StatsTracker; depth=3 plus 1 if fitted prescale!=1,dp,template,template_unweighted_diagonal_bsgs,template_unweighted_diagonal,32768,13,6,6,enc3b,Conv2d,False,True,u22_same_shape_conv_provider,,36,36,36,37,36,1,1,0,0,10,1,9,False,,,,,,0,0,0,0,87040,87040,87040,0,0,0,0,0,0,1130496,0,147456,640,5120,81920,0,87040,0,1152,0,6,1569152,1482112,128,128,template,compact_halo_shared,fused,fused,carry=0;fused=1;explicit=0;bootstrap-drop=0,enc3a_act->enc3b:fused:layout_changed_hidden_in_Conv2d:mode=compact_halo_shared,0,1,0,0,,1,0,0,0,target,target:consumer_fused_relayout,4,4,1x128x96x96,1x128x96x96,1x8x384x384,1x8x384x384,-0.026236366480588913,0.03070155717432499,-0.04414089769124985,0.05026082322001457,128,128,,,,,,,,3x3,1x1,1x1,,1x1,1,enc3a_act,"{""bottom_beta"":1,""gap"":4,""stored_slots"":1204224,""stride"":1,""tile_count"":37,""top_beta"":1}","{""bottom_beta"":1,""gap"":4,""stored_slots"":1204224,""stride"":1,""tile_count"":37,""top_beta"":1}","{""bottom_beta"":1,""gap"":4,""stored_slots"":1204224,""stride"":1,""tile_count"":37,""top_beta"":1}","{""bottom_beta"":0,""core_slots"":1179648,""gap"":4,""stored_slots"":1179648,""stride"":2,""tile_count"":36,""top_beta"":0}",packed_compact,logical_halo_compact,logical_halo_compact,1,0,False,1,0,False,planner_estimate,3420,111627264,4,10,8,549,32768,3217352,3216812,3216256,3216256,556,556,4,61909728,3333,61913617,0.013414770191878625,3220145.0,"planner-only metadata compile; real traced DAG with 22 body LT layers plus explicit 1x1 output; SiLU7 fit uses StatsTracker ranges; edge_kind: carry=layout unchanged, fused=layout change hidden in operator, explicit=separate re-layout, bootstrap-drop=CT-saving drop halo before bootstrap; no dense HE transform generation or FHE forward",31,18,4,8,22,22,8,196608
384x384_Satellite_cloud,Satellite cloud segmentation,384x384,4,1,32,UNet22PlusOutput_real_trace_22_body_layers_plus_1x1_output,OrionTracer+StatsTracker+fit+NetworkDAG+layout_policy+BootstrapSolver,silu,7,3,Chebyshev.fit from StatsTracker; depth=3 plus 1 if fitted prescale!=1,dp,template,template_unweighted_diagonal_bsgs,template_unweighted_diagonal,32768,14,,,enc3b_act,SiLU,False,,chebyshev_polynomial_activation,not_a_provider_linear_kernel,36,36,36,36,36,0,0,0,0,9,3,6,False,,,,,,0,0,0,0,0,0,0,0,0,0,0,0,0,0,108,0,0,0,0,0,0,0,0,0,0,0,0,0,0,none_activation_polynomial,halo_local,carry,carry,carry=1;fused=0;explicit=0;bootstrap-drop=0,enc3b->enc3b_act:carry:layout_same_carry_compact:mode=halo_local,1,0,0,0,,0,0,0,0,none,,4,4,1x128x96x96,1x128x96x96,1x8x384x384,1x8x384x384,-0.04414089769124985,0.05026082322001457,-0.021583421155810356,0.025761816650629044,,,silu,7,3,1.0,0.0,-0.09134175628423691,0.09746167808771133,,,,,,,enc3b,"{""bottom_beta"":0,""gap"":4,""stored_slots"":1179648,""stride"":2,""tile_count"":36,""top_beta"":0}","{""bottom_beta"":0,""gap"":4,""stored_slots"":1179648,""stride"":1,""tile_count"":36,""top_beta"":0}","{""bottom_beta"":0,""gap"":4,""stored_slots"":1179648,""stride"":2,""tile_count"":36,""top_beta"":0}","{""bottom_beta"":0,""core_slots"":1179648,""gap"":4,""stored_slots"":1179648,""stride"":2,""tile_count"":36,""top_beta"":0}",packed_compact,packed_compact,packed_compact,1,0,False,0,0,False,planner_estimate,3420,111627264,4,10,8,549,32768,3217352,3216812,3216256,3216256,556,556,4,61909728,3333,61913617,0.013414770191878625,3220145.0,"planner-only metadata compile; real traced DAG with 22 body LT layers plus explicit 1x1 output; SiLU7 fit uses StatsTracker ranges; edge_kind: carry=layout unchanged, fused=layout change hidden in operator, explicit=separate re-layout, bootstrap-drop=CT-saving drop halo before bootstrap; no dense HE transform generation or FHE forward",31,18,4,8,22,22,8,196608
384x384_Satellite_cloud,Satellite cloud segmentation,384x384,4,1,32,UNet22PlusOutput_real_trace_22_body_layers_plus_1x1_output,OrionTracer+StatsTracker+fit+NetworkDAG+layout_policy+BootstrapSolver,silu,7,3,Chebyshev.fit from StatsTracker; depth=3 plus 1 if fitted prescale!=1,dp,template,template_unweighted_diagonal_bsgs,template_unweighted_diagonal,32768,15,,,pool3,AvgPool2d,False,True,u22_pool_provider,,10,36,9,36,10,0,0,1,1,6,1,5,False,,,,,,0,0,0,0,1408,1408,1408,0,0,0,0,0,0,2816,0,768,640,896,512,0,1408,0,768,0,2,1664,256,128,1,template,halo_local,carry,carry,carry=1;fused=0;explicit=0;bootstrap-drop=0,enc3b_act->pool3:carry:layout_same_carry_compact:mode=halo_local,1,0,0,0,,0,0,0,0,source,source:producer_materialized_halo,4,8,1x128x96x96,1x128x48x48,1x8x384x384,1x2x384x384,-0.021583421155810356,0.025761816650629044,-0.020923379808664322,0.02472534216940403,128,128,,,,,,,,2x2,2x2,0x0,,1x1,128,enc3b_act,"{""bottom_beta"":0,""gap"":4,""stored_slots"":1179648,""stride"":2,""tile_count"":36,""top_beta"":0}","{""bottom_beta"":0,""gap"":4,""stored_slots"":1179648,""stride"":2,""tile_count"":36,""top_beta"":0}","{""bottom_beta"":0,""gap"":4,""stored_slots"":1179648,""stride"":2,""tile_count"":36,""top_beta"":0}","{""bottom_beta"":1,""core_slots"":294912,""gap"":8,""stored_slots"":307200,""stride"":1,""tile_count"":10,""top_beta"":1}",logical_halo_compact,packed_compact,packed_compact,1,0,False,0,0,True,planner_estimate,3420,111627264,4,10,8,549,32768,3217352,3216812,3216256,3216256,556,556,4,61909728,3333,61913617,0.013414770191878625,3220145.0,"planner-only metadata compile; real traced DAG with 22 body LT layers plus explicit 1x1 output; SiLU7 fit uses StatsTracker ranges; edge_kind: carry=layout unchanged, fused=layout change hidden in operator, explicit=separate re-layout, bootstrap-drop=CT-saving drop halo before bootstrap; no dense HE transform generation or FHE forward",31,18,4,8,22,22,8,196608
384x384_Satellite_cloud,Satellite cloud segmentation,384x384,4,1,32,UNet22PlusOutput_real_trace_22_body_layers_plus_1x1_output,OrionTracer+StatsTracker+fit+NetworkDAG+layout_policy+BootstrapSolver,silu,7,3,Chebyshev.fit from StatsTracker; depth=3 plus 1 if fitted prescale!=1,dp,template,template_unweighted_diagonal_bsgs,template_unweighted_diagonal,32768,16,7,7,enc4a,Conv2d,False,True,u22_same_shape_conv_provider,,19,9,18,10,19,1,1,1,1,5,1,4,False,,,,,,0,0,0,0,168960,168960,168960,0,0,0,0,0,0,2260992,0,294912,640,5120,163840,0,168960,0,1152,0,6,3142016,2973056,128,256,template,compact_halo_shared,fused,fused,carry=0;fused=1;explicit=0;bootstrap-drop=0,pool3->enc4a:fused:layout_changed_hidden_in_Conv2d:mode=compact_halo_shared,0,1,0,0,,1,0,0,0,source+target,target:consumer_fused_relayout;source:producer_materialized_halo,8,8,1x128x48x48,1x256x48x48,1x2x384x384,1x4x384x384,-0.020923379808664322,0.02472534216940403,-0.03984178602695465,0.036300450563430786,128,256,,,,,,,,3x3,1x1,1x1,,1x1,1,pool3,"{""bottom_beta"":1,""gap"":8,""stored_slots"":307200,""stride"":1,""tile_count"":10,""top_beta"":1}","{""bottom_beta"":1,""gap"":8,""stored_slots"":307200,""stride"":1,""tile_count"":10,""top_beta"":1}","{""bottom_beta"":1,""gap"":8,""stored_slots"":307200,""stride"":1,""tile_count"":10,""top_beta"":1}","{""bottom_beta"":1,""core_slots"":589824,""gap"":8,""stored_slots"":614400,""stride"":1,""tile_count"":19,""top_beta"":1}",logical_halo_compact,logical_halo_compact,logical_halo_compact,1,0,False,1,0,True,planner_estimate,3420,111627264,4,10,8,549,32768,3217352,3216812,3216256,3216256,556,556,4,61909728,3333,61913617,0.013414770191878625,3220145.0,"planner-only metadata compile; real traced DAG with 22 body LT layers plus explicit 1x1 output; SiLU7 fit uses StatsTracker ranges; edge_kind: carry=layout unchanged, fused=layout change hidden in operator, explicit=separate re-layout, bootstrap-drop=CT-saving drop halo before bootstrap; no dense HE transform generation or FHE forward",31,18,4,8,22,22,8,196608
384x384_Satellite_cloud,Satellite cloud segmentation,384x384,4,1,32,UNet22PlusOutput_real_trace_22_body_layers_plus_1x1_output,OrionTracer+StatsTracker+fit+NetworkDAG+layout_policy+BootstrapSolver,silu,7,3,Chebyshev.fit from StatsTracker; depth=3 plus 1 if fitted prescale!=1,dp,template,template_unweighted_diagonal_bsgs,template_unweighted_diagonal,32768,17,,,enc4a_act,SiLU,False,,chebyshev_polynomial_activation,not_a_provider_linear_kernel,19,18,18,19,19,1,1,1,1,4,3,1,True,child_level_exceeds_output_level,enc4b,enc4b,10,1x4x384x384,589824,18,32768,18,0,0,0,0,0,0,0,0,0,0,57,0,0,0,0,0,0,0,0,0,0,0,0,0,0,none_activation_polynomial,halo_local,carry+bootstrap-drop,carry,carry=1;fused=0;explicit=0;bootstrap-drop=1,enc4a->enc4a_act:carry:layout_same_carry_halo:mode=halo_local;bootstrap-boundary->enc4b:bootstrap-drop:drop_halo_before_bootstrap,1,0,0,1,bootstrap-boundary->enc4b:bootstrap-drop:drop_halo_before_bootstrap,0,1,1,24576,none,,8,8,1x256x48x48,1x256x48x48,1x4x384x384,1x4x384x384,-0.03984178602695465,0.036300450563430786,-0.0195241030305624,0.018479621037840843,,,silu,7,3,1.0,0.0,-0.07791290432214737,0.0743715688586235,,,,,,,enc4a,"{""bottom_beta"":1,""gap"":8,""stored_slots"":614400,""stride"":1,""tile_count"":19,""top_beta"":1}","{""bottom_beta"":0,""gap"":8,""stored_slots"":589824,""stride"":1,""tile_count"":18,""top_beta"":0}","{""bottom_beta"":1,""gap"":8,""stored_slots"":614400,""stride"":1,""tile_count"":19,""top_beta"":1}","{""bottom_beta"":1,""core_slots"":589824,""gap"":8,""stored_slots"":614400,""stride"":1,""tile_count"":19,""top_beta"":1}",logical_halo_compact,logical_halo_compact,logical_halo_compact,1,0,False,0,0,False,planner_estimate,3420,111627264,4,10,8,549,32768,3217352,3216812,3216256,3216256,556,556,4,61909728,3333,61913617,0.013414770191878625,3220145.0,"planner-only metadata compile; real traced DAG with 22 body LT layers plus explicit 1x1 output; SiLU7 fit uses StatsTracker ranges; edge_kind: carry=layout unchanged, fused=layout change hidden in operator, explicit=separate re-layout, bootstrap-drop=CT-saving drop halo before bootstrap; no dense HE transform generation or FHE forward",31,18,4,8,22,22,8,196608
384x384_Satellite_cloud,Satellite cloud segmentation,384x384,4,1,32,UNet22PlusOutput_real_trace_22_body_layers_plus_1x1_output,OrionTracer+StatsTracker+fit+NetworkDAG+layout_policy+BootstrapSolver,silu,7,3,Chebyshev.fit from StatsTracker; depth=3 plus 1 if fitted prescale!=1,dp,template,template_unweighted_diagonal_bsgs,template_unweighted_diagonal,32768,18,8,8,enc4b,Conv2d,False,True,u22_same_shape_conv_provider,,18,18,18,19,18,1,1,0,0,10,1,9,False,,,,,,0,0,0,0,337920,337920,337920,0,0,0,0,0,0,4521984,0,589824,1280,10240,327680,0,337920,0,2304,0,6,6284032,5946112,256,256,template,compact_halo_shared,fused,fused,carry=0;fused=1;explicit=0;bootstrap-drop=0,enc4a_act->enc4b:fused:layout_changed_hidden_in_Conv2d:mode=compact_halo_shared,0,1,0,0,,1,0,0,0,target,target:consumer_fused_relayout,8,8,1x256x48x48,1x256x48x48,1x4x384x384,1x4x384x384,-0.0195241030305624,0.018479621037840843,-0.030971987172961235,0.029655147343873978,256,256,,,,,,,,3x3,1x1,1x1,,1x1,1,enc4a_act,"{""bottom_beta"":1,""gap"":8,""stored_slots"":614400,""stride"":1,""tile_count"":19,""top_beta"":1}","{""bottom_beta"":1,""gap"":8,""stored_slots"":614400,""stride"":1,""tile_count"":19,""top_beta"":1}","{""bottom_beta"":1,""gap"":8,""stored_slots"":614400,""stride"":1,""tile_count"":19,""top_beta"":1}","{""bottom_beta"":0,""core_slots"":589824,""gap"":8,""stored_slots"":589824,""stride"":2,""tile_count"":18,""top_beta"":0}",packed_compact,logical_halo_compact,logical_halo_compact,1,0,False,1,0,False,planner_estimate,3420,111627264,4,10,8,549,32768,3217352,3216812,3216256,3216256,556,556,4,61909728,3333,61913617,0.013414770191878625,3220145.0,"planner-only metadata compile; real traced DAG with 22 body LT layers plus explicit 1x1 output; SiLU7 fit uses StatsTracker ranges; edge_kind: carry=layout unchanged, fused=layout change hidden in operator, explicit=separate re-layout, bootstrap-drop=CT-saving drop halo before bootstrap; no dense HE transform generation or FHE forward",31,18,4,8,22,22,8,196608
384x384_Satellite_cloud,Satellite cloud segmentation,384x384,4,1,32,UNet22PlusOutput_real_trace_22_body_layers_plus_1x1_output,OrionTracer+StatsTracker+fit+NetworkDAG+layout_policy+BootstrapSolver,silu,7,3,Chebyshev.fit from StatsTracker; depth=3 plus 1 if fitted prescale!=1,dp,template,template_unweighted_diagonal_bsgs,template_unweighted_diagonal,32768,19,,,enc4b_act,SiLU,False,,chebyshev_polynomial_activation,not_a_provider_linear_kernel,18,18,18,18,18,0,0,0,0,9,3,6,False,,,,,,0,0,0,0,0,0,0,0,0,0,0,0,0,0,54,0,0,0,0,0,0,0,0,0,0,0,0,0,0,none_activation_polynomial,halo_local,carry,carry,carry=1;fused=0;explicit=0;bootstrap-drop=0,enc4b->enc4b_act:carry:layout_same_carry_compact:mode=halo_local,1,0,0,0,,0,0,0,0,none,,8,8,1x256x48x48,1x256x48x48,1x4x384x384,1x4x384x384,-0.030971987172961235,0.029655147343873978,-0.015246197581291199,0.015047414228320122,,,silu,7,3,1.0,0.0,-0.06128555163741112,0.05996871367096901,,,,,,,enc4b,"{""bottom_beta"":0,""gap"":8,""stored_slots"":589824,""stride"":2,""tile_count"":18,""top_beta"":0}","{""bottom_beta"":0,""gap"":8,""stored_slots"":589824,""stride"":1,""tile_count"":18,""top_beta"":0}","{""bottom_beta"":0,""gap"":8,""stored_slots"":589824,""stride"":2,""tile_count"":18,""top_beta"":0}","{""bottom_beta"":0,""core_slots"":589824,""gap"":8,""stored_slots"":589824,""stride"":2,""tile_count"":18,""top_beta"":0}",packed_compact,packed_compact,packed_compact,1,0,False,0,0,False,planner_estimate,3420,111627264,4,10,8,549,32768,3217352,3216812,3216256,3216256,556,556,4,61909728,3333,61913617,0.013414770191878625,3220145.0,"planner-only metadata compile; real traced DAG with 22 body LT layers plus explicit 1x1 output; SiLU7 fit uses StatsTracker ranges; edge_kind: carry=layout unchanged, fused=layout change hidden in operator, explicit=separate re-layout, bootstrap-drop=CT-saving drop halo before bootstrap; no dense HE transform generation or FHE forward",31,18,4,8,22,22,8,196608
384x384_Satellite_cloud,Satellite cloud segmentation,384x384,4,1,32,UNet22PlusOutput_real_trace_22_body_layers_plus_1x1_output,OrionTracer+StatsTracker+fit+NetworkDAG+layout_policy+BootstrapSolver,silu,7,3,Chebyshev.fit from StatsTracker; depth=3 plus 1 if fitted prescale!=1,dp,template,template_unweighted_diagonal_bsgs,template_unweighted_diagonal,32768,20,,,pool4,AvgPool2d,False,True,u22_pool_provider,,5,18,5,18,5,0,0,1,1,6,1,5,False,,,,,,0,0,0,0,3072,3072,3072,0,0,0,0,0,0,6144,0,1792,1280,2304,768,0,3072,0,1792,0,2,4096,1024,256,1,template,halo_local,carry,carry,carry=1;fused=0;explicit=0;bootstrap-drop=0,enc4b_act->pool4:carry:layout_same_carry_compact:mode=halo_local,1,0,0,0,,0,0,0,0,source,source:producer_materialized_halo,8,16,1x256x48x48,1x256x24x24,1x4x384x384,1x1x384x384,-0.015246197581291199,0.015047414228320122,-0.013875841163098812,0.014861944131553173,256,256,,,,,,,,2x2,2x2,0x0,,1x1,256,enc4b_act,"{""bottom_beta"":0,""gap"":8,""stored_slots"":589824,""stride"":2,""tile_count"":18,""top_beta"":0}","{""bottom_beta"":0,""gap"":8,""stored_slots"":589824,""stride"":2,""tile_count"":18,""top_beta"":0}","{""bottom_beta"":0,""gap"":8,""stored_slots"":589824,""stride"":2,""tile_count"":18,""top_beta"":0}","{""bottom_beta"":1,""core_slots"":147456,""gap"":16,""stored_slots"":159744,""stride"":1,""tile_count"":5,""top_beta"":1}",logical_halo_compact,packed_compact,packed_compact,1,0,False,0,0,True,planner_estimate,3420,111627264,4,10,8,549,32768,3217352,3216812,3216256,3216256,556,556,4,61909728,3333,61913617,0.013414770191878625,3220145.0,"planner-only metadata compile; real traced DAG with 22 body LT layers plus explicit 1x1 output; SiLU7 fit uses StatsTracker ranges; edge_kind: carry=layout unchanged, fused=layout change hidden in operator, explicit=separate re-layout, bootstrap-drop=CT-saving drop halo before bootstrap; no dense HE transform generation or FHE forward",31,18,4,8,22,22,8,196608
384x384_Satellite_cloud,Satellite cloud segmentation,384x384,4,1,32,UNet22PlusOutput_real_trace_22_body_layers_plus_1x1_output,OrionTracer+StatsTracker+fit+NetworkDAG+layout_policy+BootstrapSolver,silu,7,3,Chebyshev.fit from StatsTracker; depth=3 plus 1 if fitted prescale!=1,dp,template,template_unweighted_diagonal_bsgs,template_unweighted_diagonal,32768,21,9,9,bottlenecka,Conv2d,False,True,u22_same_shape_conv_provider,,10,5,9,5,10,1,1,1,1,5,1,4,False,,,,,,0,0,0,0,665600,665600,665600,0,0,0,0,0,0,9043968,0,1179648,1280,10240,655360,0,665600,0,2304,0,6,12575488,11909888,256,512,template,compact_halo_shared,fused,fused,carry=0;fused=1;explicit=0;bootstrap-drop=0,pool4->bottlenecka:fused:layout_changed_hidden_in_Conv2d:mode=compact_halo_shared,0,1,0,0,,1,0,0,0,source+target,target:consumer_fused_relayout;source:producer_materialized_halo,16,16,1x256x24x24,1x512x24x24,1x1x384x384,1x2x384x384,-0.013875841163098812,0.014861944131553173,-0.0270053930580616,0.028375735506415367,256,512,,,,,,,,3x3,1x1,1x1,,1x1,1,pool4,"{""bottom_beta"":1,""gap"":16,""stored_slots"":159744,""stride"":1,""tile_count"":5,""top_beta"":1}","{""bottom_beta"":1,""gap"":16,""stored_slots"":159744,""stride"":1,""tile_count"":5,""top_beta"":1}","{""bottom_beta"":1,""gap"":16,""stored_slots"":159744,""stride"":1,""tile_count"":5,""top_beta"":1}","{""bottom_beta"":1,""core_slots"":294912,""gap"":16,""stored_slots"":319488,""stride"":1,""tile_count"":10,""top_beta"":1}",logical_halo_compact,logical_halo_compact,logical_halo_compact,1,0,False,1,0,True,planner_estimate,3420,111627264,4,10,8,549,32768,3217352,3216812,3216256,3216256,556,556,4,61909728,3333,61913617,0.013414770191878625,3220145.0,"planner-only metadata compile; real traced DAG with 22 body LT layers plus explicit 1x1 output; SiLU7 fit uses StatsTracker ranges; edge_kind: carry=layout unchanged, fused=layout change hidden in operator, explicit=separate re-layout, bootstrap-drop=CT-saving drop halo before bootstrap; no dense HE transform generation or FHE forward",31,18,4,8,22,22,8,196608
384x384_Satellite_cloud,Satellite cloud segmentation,384x384,4,1,32,UNet22PlusOutput_real_trace_22_body_layers_plus_1x1_output,OrionTracer+StatsTracker+fit+NetworkDAG+layout_policy+BootstrapSolver,silu,7,3,Chebyshev.fit from StatsTracker; depth=3 plus 1 if fitted prescale!=1,dp,template,template_unweighted_diagonal_bsgs,template_unweighted_diagonal,32768,22,,,bottlenecka_act,SiLU,False,,chebyshev_polynomial_activation,not_a_provider_linear_kernel,10,9,9,10,10,1,1,1,1,4,3,1,True,child_level_exceeds_output_level,bottleneckb,bottleneckb,10,1x2x384x384,294912,9,32768,9,0,0,0,0,0,0,0,0,0,0,30,0,0,0,0,0,0,0,0,0,0,0,0,0,0,none_activation_polynomial,halo_local,carry+bootstrap-drop,carry,carry=1;fused=0;explicit=0;bootstrap-drop=1,bottlenecka->bottlenecka_act:carry:layout_same_carry_halo:mode=halo_local;bootstrap-boundary->bottleneckb:bootstrap-drop:drop_halo_before_bootstrap,1,0,0,1,bootstrap-boundary->bottleneckb:bootstrap-drop:drop_halo_before_bootstrap,0,1,1,24576,none,,16,16,1x512x24x24,1x512x24x24,1x2x384x384,1x2x384x384,-0.0270053930580616,0.028375735506415367,-0.013320384547114372,0.014389149844646454,,,silu,7,3,1.0,0.0,-0.05469595640897751,0.05606629699468613,,,,,,,bottlenecka,"{""bottom_beta"":1,""gap"":16,""stored_slots"":319488,""stride"":1,""tile_count"":10,""top_beta"":1}","{""bottom_beta"":0,""gap"":16,""stored_slots"":294912,""stride"":1,""tile_count"":9,""top_beta"":0}","{""bottom_beta"":1,""gap"":16,""stored_slots"":319488,""stride"":1,""tile_count"":10,""top_beta"":1}","{""bottom_beta"":1,""core_slots"":294912,""gap"":16,""stored_slots"":319488,""stride"":1,""tile_count"":10,""top_beta"":1}",logical_halo_compact,logical_halo_compact,logical_halo_compact,1,0,False,0,0,False,planner_estimate,3420,111627264,4,10,8,549,32768,3217352,3216812,3216256,3216256,556,556,4,61909728,3333,61913617,0.013414770191878625,3220145.0,"planner-only metadata compile; real traced DAG with 22 body LT layers plus explicit 1x1 output; SiLU7 fit uses StatsTracker ranges; edge_kind: carry=layout unchanged, fused=layout change hidden in operator, explicit=separate re-layout, bootstrap-drop=CT-saving drop halo before bootstrap; no dense HE transform generation or FHE forward",31,18,4,8,22,22,8,196608
384x384_Satellite_cloud,Satellite cloud segmentation,384x384,4,1,32,UNet22PlusOutput_real_trace_22_body_layers_plus_1x1_output,OrionTracer+StatsTracker+fit+NetworkDAG+layout_policy+BootstrapSolver,silu,7,3,Chebyshev.fit from StatsTracker; depth=3 plus 1 if fitted prescale!=1,dp,template,template_unweighted_diagonal_bsgs,template_unweighted_diagonal,32768,23,10,10,bottleneckb,Conv2d,False,True,u22_same_shape_conv_provider,,10,9,9,10,10,1,1,1,1,10,1,9,False,,,,,,0,0,0,0,1331200,1331200,1331200,0,0,0,0,0,0,18087936,0,2359296,2560,20480,1310720,0,1331200,0,4608,0,6,25150976,23819776,512,512,template,compact_halo_shared,fused,fused,carry=0;fused=1;explicit=0;bootstrap-drop=0,bottlenecka_act->bottleneckb:fused:layout_changed_hidden_in_Conv2d:mode=compact_halo_shared,0,1,0,0,,1,0,0,0,source+target,target:consumer_fused_relayout;source:producer_materialized_halo,16,16,1x512x24x24,1x512x24x24,1x2x384x384,1x2x384x384,-0.013320384547114372,0.014389149844646454,-0.02441900409758091,0.022566374391317368,512,512,,,,,,,,3x3,1x1,1x1,,1x1,1,bottlenecka_act,"{""bottom_beta"":1,""gap"":16,""stored_slots"":319488,""stride"":1,""tile_count"":10,""top_beta"":1}","{""bottom_beta"":1,""gap"":16,""stored_slots"":319488,""stride"":1,""tile_count"":10,""top_beta"":1}","{""bottom_beta"":1,""gap"":16,""stored_slots"":319488,""stride"":1,""tile_count"":10,""top_beta"":1}","{""bottom_beta"":1,""core_slots"":294912,""gap"":16,""stored_slots"":319488,""stride"":2,""tile_count"":10,""top_beta"":1}",logical_halo_compact,logical_halo_compact,logical_halo_compact,1,0,False,1,0,True,planner_estimate,3420,111627264,4,10,8,549,32768,3217352,3216812,3216256,3216256,556,556,4,61909728,3333,61913617,0.013414770191878625,3220145.0,"planner-only metadata compile; real traced DAG with 22 body LT layers plus explicit 1x1 output; SiLU7 fit uses StatsTracker ranges; edge_kind: carry=layout unchanged, fused=layout change hidden in operator, explicit=separate re-layout, bootstrap-drop=CT-saving drop halo before bootstrap; no dense HE transform generation or FHE forward",31,18,4,8,22,22,8,196608
384x384_Satellite_cloud,Satellite cloud segmentation,384x384,4,1,32,UNet22PlusOutput_real_trace_22_body_layers_plus_1x1_output,OrionTracer+StatsTracker+fit+NetworkDAG+layout_policy+BootstrapSolver,silu,7,3,Chebyshev.fit from StatsTracker; depth=3 plus 1 if fitted prescale!=1,dp,template,template_unweighted_diagonal_bsgs,template_unweighted_diagonal,32768,24,,,bottleneckb_act,SiLU,False,,chebyshev_polynomial_activation,not_a_provider_linear_kernel,10,9,9,10,10,1,1,1,1,9,3,6,False,,,,,,0,0,0,0,0,0,0,0,0,0,0,0,0,0,30,0,0,0,0,0,0,0,0,0,0,0,0,0,0,none_activation_polynomial,halo_local,carry,carry,carry=1;fused=0;explicit=0;bootstrap-drop=0,bottleneckb->bottleneckb_act:carry:layout_same_carry_halo:mode=halo_local,1,0,0,0,,0,1,0,0,none,,16,16,1x512x24x24,1x512x24x24,1x2x384x384,1x2x384x384,-0.02441900409758091,0.022566374391317368,-0.01206043642014265,0.011410491541028023,,,silu,7,3,1.0,0.0,-0.04791169613599777,0.04605906456708908,,,,,,,bottleneckb,"{""bottom_beta"":1,""gap"":16,""stored_slots"":319488,""stride"":2,""tile_count"":10,""top_beta"":1}","{""bottom_beta"":1,""gap"":16,""stored_slots"":319488,""stride"":2,""tile_count"":10,""top_beta"":1}","{""bottom_beta"":1,""gap"":16,""stored_slots"":319488,""stride"":2,""tile_count"":10,""top_beta"":1}","{""bottom_beta"":1,""core_slots"":294912,""gap"":16,""stored_slots"":319488,""stride"":2,""tile_count"":10,""top_beta"":1}",logical_halo_compact,logical_halo_compact,logical_halo_compact,1,0,False,0,0,False,planner_estimate,3420,111627264,4,10,8,549,32768,3217352,3216812,3216256,3216256,556,556,4,61909728,3333,61913617,0.013414770191878625,3220145.0,"planner-only metadata compile; real traced DAG with 22 body LT layers plus explicit 1x1 output; SiLU7 fit uses StatsTracker ranges; edge_kind: carry=layout unchanged, fused=layout change hidden in operator, explicit=separate re-layout, bootstrap-drop=CT-saving drop halo before bootstrap; no dense HE transform generation or FHE forward",31,18,4,8,22,22,8,196608
384x384_Satellite_cloud,Satellite cloud segmentation,384x384,4,1,32,UNet22PlusOutput_real_trace_22_body_layers_plus_1x1_output,OrionTracer+StatsTracker+fit+NetworkDAG+layout_policy+BootstrapSolver,silu,7,3,Chebyshev.fit from StatsTracker; depth=3 plus 1 if fitted prescale!=1,dp,template,template_unweighted_diagonal_bsgs,template_unweighted_diagonal,32768,25,11,11,up4,ConvTranspose2d,False,True,u22_tconv_provider,,20,9,18,10,20,1,1,2,2,6,1,5,False,,,,,,0,0,0,0,10240,10240,10240,0,0,0,0,0,0,4194304,0,1179648,2560,10240,0,0,10240,0,4608,0,4,8902656,8892416,512,256,template,halo_local,carry,carry,carry=1;fused=0;explicit=0;bootstrap-drop=0,bottleneckb_act->up4:carry:layout_same_carry_halo:mode=halo_local,1,0,0,0,,0,1,0,0,source,source:producer_materialized_halo,16,8,1x512x24x24,1x256x48x48,1x2x384x384,1x4x384x384,-0.01206043642014265,0.011410491541028023,-0.03397732973098755,0.03409723937511444,512,256,,,,,,,,2x2,2x2,0x0,0x0,1x1,1,bottleneckb_act,"{""bottom_beta"":1,""gap"":16,""stored_slots"":319488,""stride"":2,""tile_count"":10,""top_beta"":1}","{""bottom_beta"":0,""gap"":16,""stored_slots"":294912,""stride"":2,""tile_count"":9,""top_beta"":0}","{""bottom_beta"":1,""gap"":16,""stored_slots"":319488,""stride"":2,""tile_count"":10,""top_beta"":1}","{""bottom_beta"":2,""core_slots"":589824,""gap"":8,""stored_slots"":638976,""stride"":2,""tile_count"":20,""top_beta"":2}",logical_halo_compact,logical_halo_compact,logical_halo_compact,1,0,False,0,0,True,planner_estimate,3420,111627264,4,10,8,549,32768,3217352,3216812,3216256,3216256,556,556,4,61909728,3333,61913617,0.013414770191878625,3220145.0,"planner-only metadata compile; real traced DAG with 22 body LT layers plus explicit 1x1 output; SiLU7 fit uses StatsTracker ranges; edge_kind: carry=layout unchanged, fused=layout change hidden in operator, explicit=separate re-layout, bootstrap-drop=CT-saving drop halo before bootstrap; no dense HE transform generation or FHE forward",31,18,4,8,22,22,8,196608
384x384_Satellite_cloud,Satellite cloud segmentation,384x384,4,1,32,UNet22PlusOutput_real_trace_22_body_layers_plus_1x1_output,OrionTracer+StatsTracker+fit+NetworkDAG+layout_policy+BootstrapSolver,silu,7,3,Chebyshev.fit from StatsTracker; depth=3 plus 1 if fitted prescale!=1,dp,template,template_unweighted_diagonal_bsgs,template_unweighted_diagonal,32768,26,,,cat4,Concat,False,,concat_runtime_or_fused_concat,not_a_provider_linear_kernel,39,18,36,20,39,2,2,2,2,5,0,5,False,,,,,,0,0,0,0,40,0,0,40,40,0,1,0,0,0,0,0,0,0,0,0,0,0,0,0,0,0,0,0,0,none_no_linear_transform,halo_local,mixed:carry+explicit,mixed:carry+explicit,carry=1;fused=0;explicit=1;bootstrap-drop=0,enc4b_act->cat4:explicit:dp_add_input_alignment:mode=halo_local;up4->cat4:carry:layout_same_carry_halo:mode=halo_local,1,0,1,0,,1,1,0,0,source_to_target,source_to_target:separate_relayout_edge,8,8,1x256x48x48,1x512x48x48,1x4x384x384,1x8x384x384,-0.03397732973098755,0.03409723937511444,-0.03397732973098755,0.03409723937511444,,,,,,,,,,,,,,,,enc4b_act;up4,"{""bottom_beta"":2,""gap"":8,""stored_slots"":638976,""stride"":2,""tile_count"":20,""top_beta"":2}","{""bottom_beta"":0,""gap"":8,""stored_slots"":589824,""stride"":1,""tile_count"":18,""top_beta"":0}","{""bottom_beta"":2,""gap"":8,""stored_slots"":638976,""stride"":2,""tile_count"":20,""top_beta"":2}","{""bottom_beta"":2,""core_slots"":1179648,""gap"":8,""stored_slots"":1277952,""stride"":2,""tile_count"":39,""top_beta"":2}",logical_halo_compact,logical_halo_compact;packed_compact,logical_halo_compact,2,1,False,0,0,False,planner_estimate,3420,111627264,4,10,8,549,32768,3217352,3216812,3216256,3216256,556,556,4,61909728,3333,61913617,0.013414770191878625,3220145.0,"planner-only metadata compile; real traced DAG with 22 body LT layers plus explicit 1x1 output; SiLU7 fit uses StatsTracker ranges; edge_kind: carry=layout unchanged, fused=layout change hidden in operator, explicit=separate re-layout, bootstrap-drop=CT-saving drop halo before bootstrap; no dense HE transform generation or FHE forward",31,18,4,8,22,22,8,196608
384x384_Satellite_cloud,Satellite cloud segmentation,384x384,4,1,32,UNet22PlusOutput_real_trace_22_body_layers_plus_1x1_output,OrionTracer+StatsTracker+fit+NetworkDAG+layout_policy+BootstrapSolver,silu,7,3,Chebyshev.fit from StatsTracker; depth=3 plus 1 if fitted prescale!=1,dp,template,template_unweighted_diagonal_bsgs,template_unweighted_diagonal,32768,27,12,12,dec4a,Conv2d,False,True,u22_same_shape_conv_provider,,19,36,18,39,19,2,2,1,1,5,1,4,False,,,,,,0,0,0,0,23040,23040,23040,0,0,0,0,0,0,10616832,0,1179648,2560,23040,0,0,23040,0,4608,0,7,16498176,16475136,512,256,template,compact_halo_shared,fused,fused,carry=0;fused=1;explicit=0;bootstrap-drop=0,cat4->dec4a:fused:layout_changed_hidden_in_Conv2d:mode=compact_halo_shared,0,1,0,0,,1,0,0,0,source+target,target:consumer_fused_relayout;source:producer_materialized_halo,8,8,1x512x48x48,1x256x48x48,1x8x384x384,1x4x384x384,-0.03397732973098755,0.03409723937511444,-0.027215193957090378,0.03385490924119949,512,256,,,,,,,,3x3,1x1,1x1,,1x1,1,cat4,"{""bottom_beta"":2,""gap"":8,""stored_slots"":1277952,""stride"":2,""tile_count"":39,""top_beta"":2}","{""bottom_beta"":1,""gap"":8,""stored_slots"":1228800,""stride"":1,""tile_count"":38,""top_beta"":1}","{""bottom_beta"":2,""gap"":8,""stored_slots"":1277952,""stride"":2,""tile_count"":39,""top_beta"":2}","{""bottom_beta"":1,""core_slots"":589824,""gap"":8,""stored_slots"":614400,""stride"":1,""tile_count"":19,""top_beta"":1}",logical_halo_compact,logical_halo_compact,logical_halo_compact,1,0,False,1,0,True,planner_estimate,3420,111627264,4,10,8,549,32768,3217352,3216812,3216256,3216256,556,556,4,61909728,3333,61913617,0.013414770191878625,3220145.0,"planner-only metadata compile; real traced DAG with 22 body LT layers plus explicit 1x1 output; SiLU7 fit uses StatsTracker ranges; edge_kind: carry=layout unchanged, fused=layout change hidden in operator, explicit=separate re-layout, bootstrap-drop=CT-saving drop halo before bootstrap; no dense HE transform generation or FHE forward",31,18,4,8,22,22,8,196608
384x384_Satellite_cloud,Satellite cloud segmentation,384x384,4,1,32,UNet22PlusOutput_real_trace_22_body_layers_plus_1x1_output,OrionTracer+StatsTracker+fit+NetworkDAG+layout_policy+BootstrapSolver,silu,7,3,Chebyshev.fit from StatsTracker; depth=3 plus 1 if fitted prescale!=1,dp,template,template_unweighted_diagonal_bsgs,template_unweighted_diagonal,32768,28,,,dec4a_act,SiLU,False,,chebyshev_polynomial_activation,not_a_provider_linear_kernel,19,18,18,19,19,1,1,1,1,4,3,1,True,child_level_exceeds_output_level,dec4b,dec4b,10,1x4x384x384,589824,18,32768,18,0,0,0,0,0,0,0,0,0,0,57,0,0,0,0,0,0,0,0,0,0,0,0,0,0,none_activation_polynomial,halo_local,carry+bootstrap-drop,carry,carry=1;fused=0;explicit=0;bootstrap-drop=1,dec4a->dec4a_act:carry:layout_same_carry_halo:mode=halo_local;bootstrap-boundary->dec4b:bootstrap-drop:drop_halo_before_bootstrap,1,0,0,1,bootstrap-boundary->dec4b:bootstrap-drop:drop_halo_before_bootstrap,0,1,1,24576,none,,8,8,1x256x48x48,1x256x48x48,1x4x384x384,1x4x384x384,-0.027215193957090378,0.03385490924119949,-0.013422442600131035,0.017213966697454453,,,silu,7,3,1.0,0.0,-0.05775024741888046,0.06438995897769928,,,,,,,dec4a,"{""bottom_beta"":1,""gap"":8,""stored_slots"":614400,""stride"":1,""tile_count"":19,""top_beta"":1}","{""bottom_beta"":0,""gap"":8,""stored_slots"":589824,""stride"":1,""tile_count"":18,""top_beta"":0}","{""bottom_beta"":1,""gap"":8,""stored_slots"":614400,""stride"":1,""tile_count"":19,""top_beta"":1}","{""bottom_beta"":1,""core_slots"":589824,""gap"":8,""stored_slots"":614400,""stride"":1,""tile_count"":19,""top_beta"":1}",logical_halo_compact,logical_halo_compact,logical_halo_compact,1,0,False,0,0,False,planner_estimate,3420,111627264,4,10,8,549,32768,3217352,3216812,3216256,3216256,556,556,4,61909728,3333,61913617,0.013414770191878625,3220145.0,"planner-only metadata compile; real traced DAG with 22 body LT layers plus explicit 1x1 output; SiLU7 fit uses StatsTracker ranges; edge_kind: carry=layout unchanged, fused=layout change hidden in operator, explicit=separate re-layout, bootstrap-drop=CT-saving drop halo before bootstrap; no dense HE transform generation or FHE forward",31,18,4,8,22,22,8,196608
384x384_Satellite_cloud,Satellite cloud segmentation,384x384,4,1,32,UNet22PlusOutput_real_trace_22_body_layers_plus_1x1_output,OrionTracer+StatsTracker+fit+NetworkDAG+layout_policy+BootstrapSolver,silu,7,3,Chebyshev.fit from StatsTracker; depth=3 plus 1 if fitted prescale!=1,dp,template,template_unweighted_diagonal_bsgs,template_unweighted_diagonal,32768,29,13,13,dec4b,Conv2d,False,True,u22_same_shape_conv_provider,,19,18,18,19,19,1,1,1,1,10,1,9,False,,,,,,0,0,0,0,337920,337920,337920,0,0,0,0,0,0,4521984,0,589824,1280,10240,327680,0,337920,0,2304,0,6,6284032,5946112,256,256,template,compact_halo_shared,fused,fused,carry=0;fused=1;explicit=0;bootstrap-drop=0,dec4a_act->dec4b:fused:layout_changed_hidden_in_Conv2d:mode=compact_halo_shared,0,1,0,0,,1,0,0,0,source+target,target:consumer_fused_relayout;source:producer_materialized_halo,8,8,1x256x48x48,1x256x48x48,1x4x384x384,1x4x384x384,-0.013422442600131035,0.017213966697454453,-0.025906136259436607,0.02715853974223137,256,256,,,,,,,,3x3,1x1,1x1,,1x1,1,dec4a_act,"{""bottom_beta"":1,""gap"":8,""stored_slots"":614400,""stride"":1,""tile_count"":19,""top_beta"":1}","{""bottom_beta"":1,""gap"":8,""stored_slots"":614400,""stride"":1,""tile_count"":19,""top_beta"":1}","{""bottom_beta"":1,""gap"":8,""stored_slots"":614400,""stride"":1,""tile_count"":19,""top_beta"":1}","{""bottom_beta"":1,""core_slots"":589824,""gap"":8,""stored_slots"":614400,""stride"":2,""tile_count"":19,""top_beta"":1}",logical_halo_compact,logical_halo_compact,logical_halo_compact,1,0,False,1,0,True,planner_estimate,3420,111627264,4,10,8,549,32768,3217352,3216812,3216256,3216256,556,556,4,61909728,3333,61913617,0.013414770191878625,3220145.0,"planner-only metadata compile; real traced DAG with 22 body LT layers plus explicit 1x1 output; SiLU7 fit uses StatsTracker ranges; edge_kind: carry=layout unchanged, fused=layout change hidden in operator, explicit=separate re-layout, bootstrap-drop=CT-saving drop halo before bootstrap; no dense HE transform generation or FHE forward",31,18,4,8,22,22,8,196608
384x384_Satellite_cloud,Satellite cloud segmentation,384x384,4,1,32,UNet22PlusOutput_real_trace_22_body_layers_plus_1x1_output,OrionTracer+StatsTracker+fit+NetworkDAG+layout_policy+BootstrapSolver,silu,7,3,Chebyshev.fit from StatsTracker; depth=3 plus 1 if fitted prescale!=1,dp,template,template_unweighted_diagonal_bsgs,template_unweighted_diagonal,32768,30,,,dec4b_act,SiLU,False,,chebyshev_polynomial_activation,not_a_provider_linear_kernel,19,18,18,19,19,1,1,1,1,9,3,6,False,,,,,,0,0,0,0,0,0,0,0,0,0,0,0,0,0,57,0,0,0,0,0,0,0,0,0,0,0,0,0,0,none_activation_polynomial,halo_local,carry,carry,carry=1;fused=0;explicit=0;bootstrap-drop=0,dec4b->dec4b_act:carry:layout_same_carry_halo:mode=halo_local,1,0,0,0,,0,1,0,0,none,,8,8,1x256x48x48,1x256x48x48,1x4x384x384,1x4x384x384,-0.025906136259436607,0.02715853974223137,-0.012785295024514198,0.013763654977083206,,,silu,7,3,1.0,0.0,-0.05243847146630287,0.05369087681174278,,,,,,,dec4b,"{""bottom_beta"":1,""gap"":8,""stored_slots"":614400,""stride"":2,""tile_count"":19,""top_beta"":1}","{""bottom_beta"":1,""gap"":8,""stored_slots"":614400,""stride"":2,""tile_count"":19,""top_beta"":1}","{""bottom_beta"":1,""gap"":8,""stored_slots"":614400,""stride"":2,""tile_count"":19,""top_beta"":1}","{""bottom_beta"":1,""core_slots"":589824,""gap"":8,""stored_slots"":614400,""stride"":2,""tile_count"":19,""top_beta"":1}",logical_halo_compact,logical_halo_compact,logical_halo_compact,1,0,False,0,0,False,planner_estimate,3420,111627264,4,10,8,549,32768,3217352,3216812,3216256,3216256,556,556,4,61909728,3333,61913617,0.013414770191878625,3220145.0,"planner-only metadata compile; real traced DAG with 22 body LT layers plus explicit 1x1 output; SiLU7 fit uses StatsTracker ranges; edge_kind: carry=layout unchanged, fused=layout change hidden in operator, explicit=separate re-layout, bootstrap-drop=CT-saving drop halo before bootstrap; no dense HE transform generation or FHE forward",31,18,4,8,22,22,8,196608
384x384_Satellite_cloud,Satellite cloud segmentation,384x384,4,1,32,UNet22PlusOutput_real_trace_22_body_layers_plus_1x1_output,OrionTracer+StatsTracker+fit+NetworkDAG+layout_policy+BootstrapSolver,silu,7,3,Chebyshev.fit from StatsTracker; depth=3 plus 1 if fitted prescale!=1,dp,template,template_unweighted_diagonal_bsgs,template_unweighted_diagonal,32768,31,14,14,up3,ConvTranspose2d,False,True,u22_tconv_provider,,38,18,36,19,38,1,1,2,2,6,1,5,False,,,,,,0,0,0,0,5120,5120,5120,0,0,0,0,0,0,1114112,0,294912,1280,5120,0,0,5120,0,2304,0,4,2288640,2283520,256,128,template,halo_local,carry,carry,carry=1;fused=0;explicit=0;bootstrap-drop=0,dec4b_act->up3:carry:layout_same_carry_halo:mode=halo_local,1,0,0,0,,0,1,0,0,source,source:producer_materialized_halo,8,4,1x256x48x48,1x128x96x96,1x4x384x384,1x8x384x384,-0.012785295024514198,0.013763654977083206,-0.04938669502735138,0.04805946350097656,256,128,,,,,,,,2x2,2x2,0x0,0x0,1x1,1,dec4b_act,"{""bottom_beta"":1,""gap"":8,""stored_slots"":614400,""stride"":2,""tile_count"":19,""top_beta"":1}","{""bottom_beta"":0,""gap"":8,""stored_slots"":589824,""stride"":2,""tile_count"":18,""top_beta"":0}","{""bottom_beta"":1,""gap"":8,""stored_slots"":614400,""stride"":2,""tile_count"":19,""top_beta"":1}","{""bottom_beta"":2,""core_slots"":1179648,""gap"":4,""stored_slots"":1228800,""stride"":2,""tile_count"":38,""top_beta"":2}",logical_halo_compact,logical_halo_compact,logical_halo_compact,1,0,False,0,0,True,planner_estimate,3420,111627264,4,10,8,549,32768,3217352,3216812,3216256,3216256,556,556,4,61909728,3333,61913617,0.013414770191878625,3220145.0,"planner-only metadata compile; real traced DAG with 22 body LT layers plus explicit 1x1 output; SiLU7 fit uses StatsTracker ranges; edge_kind: carry=layout unchanged, fused=layout change hidden in operator, explicit=separate re-layout, bootstrap-drop=CT-saving drop halo before bootstrap; no dense HE transform generation or FHE forward",31,18,4,8,22,22,8,196608
384x384_Satellite_cloud,Satellite cloud segmentation,384x384,4,1,32,UNet22PlusOutput_real_trace_22_body_layers_plus_1x1_output,OrionTracer+StatsTracker+fit+NetworkDAG+layout_policy+BootstrapSolver,silu,7,3,Chebyshev.fit from StatsTracker; depth=3 plus 1 if fitted prescale!=1,dp,template,template_unweighted_diagonal_bsgs,template_unweighted_diagonal,32768,32,,,cat3,Concat,False,,concat_runtime_or_fused_concat,not_a_provider_linear_kernel,75,36,72,38,75,2,2,2,2,5,0,5,False,,,,,,0,0,0,0,76,0,0,76,76,0,1,0,0,0,0,0,0,0,0,0,0,0,0,0,0,0,0,0,0,none_no_linear_transform,halo_local,mixed:carry+explicit,mixed:carry+explicit,carry=1;fused=0;explicit=1;bootstrap-drop=0,enc3b_act->cat3:explicit:dp_add_input_alignment:mode=halo_local;up3->cat3:carry:layout_same_carry_halo:mode=halo_local,1,0,1,0,,1,1,0,0,source_to_target,source_to_target:separate_relayout_edge,4,4,1x128x96x96,1x256x96x96,1x8x384x384,1x16x384x384,-0.04938669502735138,0.04805946350097656,-0.04938669502735138,0.04805946350097656,,,,,,,,,,,,,,,,enc3b_act;up3,"{""bottom_beta"":2,""gap"":4,""stored_slots"":1228800,""stride"":2,""tile_count"":38,""top_beta"":2}","{""bottom_beta"":0,""gap"":4,""stored_slots"":1179648,""stride"":1,""tile_count"":36,""top_beta"":0}","{""bottom_beta"":2,""gap"":4,""stored_slots"":1228800,""stride"":2,""tile_count"":38,""top_beta"":2}","{""bottom_beta"":2,""core_slots"":2359296,""gap"":4,""stored_slots"":2457600,""stride"":2,""tile_count"":75,""top_beta"":2}",logical_halo_compact,logical_halo_compact;packed_compact,logical_halo_compact,2,1,False,0,0,False,planner_estimate,3420,111627264,4,10,8,549,32768,3217352,3216812,3216256,3216256,556,556,4,61909728,3333,61913617,0.013414770191878625,3220145.0,"planner-only metadata compile; real traced DAG with 22 body LT layers plus explicit 1x1 output; SiLU7 fit uses StatsTracker ranges; edge_kind: carry=layout unchanged, fused=layout change hidden in operator, explicit=separate re-layout, bootstrap-drop=CT-saving drop halo before bootstrap; no dense HE transform generation or FHE forward",31,18,4,8,22,22,8,196608
384x384_Satellite_cloud,Satellite cloud segmentation,384x384,4,1,32,UNet22PlusOutput_real_trace_22_body_layers_plus_1x1_output,OrionTracer+StatsTracker+fit+NetworkDAG+layout_policy+BootstrapSolver,silu,7,3,Chebyshev.fit from StatsTracker; depth=3 plus 1 if fitted prescale!=1,dp,template,template_unweighted_diagonal_bsgs,template_unweighted_diagonal,32768,33,15,15,dec3a,Conv2d,False,True,u22_same_shape_conv_provider,,37,72,36,75,37,2,2,1,1,5,1,4,False,,,,,,0,0,0,0,11520,11520,11520,0,0,0,0,0,0,2654208,0,294912,1280,11520,0,0,11520,0,2304,0,7,4120320,4108800,256,128,template,compact_halo_shared,fused,fused,carry=0;fused=1;explicit=0;bootstrap-drop=0,cat3->dec3a:fused:layout_changed_hidden_in_Conv2d:mode=compact_halo_shared,0,1,0,0,,1,0,0,0,source+target,target:consumer_fused_relayout;source:producer_materialized_halo,4,4,1x256x96x96,1x128x96x96,1x16x384x384,1x8x384x384,-0.04938669502735138,0.04805946350097656,-0.04249972105026245,0.03955596685409546,256,128,,,,,,,,3x3,1x1,1x1,,1x1,1,cat3,"{""bottom_beta"":2,""gap"":4,""stored_slots"":2457600,""stride"":2,""tile_count"":75,""top_beta"":2}","{""bottom_beta"":1,""gap"":4,""stored_slots"":2408448,""stride"":1,""tile_count"":74,""top_beta"":1}","{""bottom_beta"":2,""gap"":4,""stored_slots"":2457600,""stride"":2,""tile_count"":75,""top_beta"":2}","{""bottom_beta"":1,""core_slots"":1179648,""gap"":4,""stored_slots"":1204224,""stride"":1,""tile_count"":37,""top_beta"":1}",logical_halo_compact,logical_halo_compact,logical_halo_compact,1,0,False,1,0,True,planner_estimate,3420,111627264,4,10,8,549,32768,3217352,3216812,3216256,3216256,556,556,4,61909728,3333,61913617,0.013414770191878625,3220145.0,"planner-only metadata compile; real traced DAG with 22 body LT layers plus explicit 1x1 output; SiLU7 fit uses StatsTracker ranges; edge_kind: carry=layout unchanged, fused=layout change hidden in operator, explicit=separate re-layout, bootstrap-drop=CT-saving drop halo before bootstrap; no dense HE transform generation or FHE forward",31,18,4,8,22,22,8,196608
384x384_Satellite_cloud,Satellite cloud segmentation,384x384,4,1,32,UNet22PlusOutput_real_trace_22_body_layers_plus_1x1_output,OrionTracer+StatsTracker+fit+NetworkDAG+layout_policy+BootstrapSolver,silu,7,3,Chebyshev.fit from StatsTracker; depth=3 plus 1 if fitted prescale!=1,dp,template,template_unweighted_diagonal_bsgs,template_unweighted_diagonal,32768,34,,,dec3a_act,SiLU,False,,chebyshev_polynomial_activation,not_a_provider_linear_kernel,37,36,36,37,37,1,1,1,1,4,3,1,True,child_level_exceeds_output_level,dec3b,dec3b,10,1x8x384x384,1179648,36,32768,36,0,0,0,0,0,0,0,0,0,0,111,0,0,0,0,0,0,0,0,0,0,0,0,0,0,none_activation_polynomial,halo_local,carry+bootstrap-drop,carry,carry=1;fused=0;explicit=0;bootstrap-drop=1,dec3a->dec3a_act:carry:layout_same_carry_halo:mode=halo_local;bootstrap-boundary->dec3b:bootstrap-drop:drop_halo_before_bootstrap,1,0,0,1,bootstrap-boundary->dec3b:bootstrap-drop:drop_halo_before_bootstrap,0,1,1,24576,none,,4,4,1x128x96x96,1x128x96x96,1x8x384x384,1x8x384x384,-0.04249972105026245,0.03955596685409546,-0.020798372104763985,0.020169099792838097,,,silu,7,3,1.0,0.0,-0.0835275650024414,0.08058381080627441,,,,,,,dec3a,"{""bottom_beta"":1,""gap"":4,""stored_slots"":1204224,""stride"":1,""tile_count"":37,""top_beta"":1}","{""bottom_beta"":0,""gap"":4,""stored_slots"":1179648,""stride"":1,""tile_count"":36,""top_beta"":0}","{""bottom_beta"":1,""gap"":4,""stored_slots"":1204224,""stride"":1,""tile_count"":37,""top_beta"":1}","{""bottom_beta"":1,""core_slots"":1179648,""gap"":4,""stored_slots"":1204224,""stride"":1,""tile_count"":37,""top_beta"":1}",logical_halo_compact,logical_halo_compact,logical_halo_compact,1,0,False,0,0,False,planner_estimate,3420,111627264,4,10,8,549,32768,3217352,3216812,3216256,3216256,556,556,4,61909728,3333,61913617,0.013414770191878625,3220145.0,"planner-only metadata compile; real traced DAG with 22 body LT layers plus explicit 1x1 output; SiLU7 fit uses StatsTracker ranges; edge_kind: carry=layout unchanged, fused=layout change hidden in operator, explicit=separate re-layout, bootstrap-drop=CT-saving drop halo before bootstrap; no dense HE transform generation or FHE forward",31,18,4,8,22,22,8,196608
384x384_Satellite_cloud,Satellite cloud segmentation,384x384,4,1,32,UNet22PlusOutput_real_trace_22_body_layers_plus_1x1_output,OrionTracer+StatsTracker+fit+NetworkDAG+layout_policy+BootstrapSolver,silu,7,3,Chebyshev.fit from StatsTracker; depth=3 plus 1 if fitted prescale!=1,dp,template,template_unweighted_diagonal_bsgs,template_unweighted_diagonal,32768,35,16,16,dec3b,Conv2d,False,True,u22_same_shape_conv_provider,,37,36,36,37,37,1,1,1,1,10,1,9,False,,,,,,0,0,0,0,87040,87040,87040,0,0,0,0,0,0,1130496,0,147456,640,5120,81920,0,87040,0,1152,0,6,1569152,1482112,128,128,template,compact_halo_shared,fused,fused,carry=0;fused=1;explicit=0;bootstrap-drop=0,dec3a_act->dec3b:fused:layout_changed_hidden_in_Conv2d:mode=compact_halo_shared,0,1,0,0,,1,0,0,0,source+target,target:consumer_fused_relayout;source:producer_materialized_halo,4,4,1x128x96x96,1x128x96x96,1x8x384x384,1x8x384x384,-0.020798372104763985,0.020169099792838097,-0.036559175699949265,0.035595912486314774,128,128,,,,,,,,3x3,1x1,1x1,,1x1,1,dec3a_act,"{""bottom_beta"":1,""gap"":4,""stored_slots"":1204224,""stride"":1,""tile_count"":37,""top_beta"":1}","{""bottom_beta"":1,""gap"":4,""stored_slots"":1204224,""stride"":1,""tile_count"":37,""top_beta"":1}","{""bottom_beta"":1,""gap"":4,""stored_slots"":1204224,""stride"":1,""tile_count"":37,""top_beta"":1}","{""bottom_beta"":1,""core_slots"":1179648,""gap"":4,""stored_slots"":1204224,""stride"":2,""tile_count"":37,""top_beta"":1}",logical_halo_compact,logical_halo_compact,logical_halo_compact,1,0,False,1,0,True,planner_estimate,3420,111627264,4,10,8,549,32768,3217352,3216812,3216256,3216256,556,556,4,61909728,3333,61913617,0.013414770191878625,3220145.0,"planner-only metadata compile; real traced DAG with 22 body LT layers plus explicit 1x1 output; SiLU7 fit uses StatsTracker ranges; edge_kind: carry=layout unchanged, fused=layout change hidden in operator, explicit=separate re-layout, bootstrap-drop=CT-saving drop halo before bootstrap; no dense HE transform generation or FHE forward",31,18,4,8,22,22,8,196608
384x384_Satellite_cloud,Satellite cloud segmentation,384x384,4,1,32,UNet22PlusOutput_real_trace_22_body_layers_plus_1x1_output,OrionTracer+StatsTracker+fit+NetworkDAG+layout_policy+BootstrapSolver,silu,7,3,Chebyshev.fit from StatsTracker; depth=3 plus 1 if fitted prescale!=1,dp,template,template_unweighted_diagonal_bsgs,template_unweighted_diagonal,32768,36,,,dec3b_act,SiLU,False,,chebyshev_polynomial_activation,not_a_provider_linear_kernel,37,36,36,37,37,1,1,1,1,9,3,6,False,,,,,,0,0,0,0,0,0,0,0,0,0,0,0,0,0,111,0,0,0,0,0,0,0,0,0,0,0,0,0,0,none_activation_polynomial,halo_local,carry,carry,carry=1;fused=0;explicit=0;bootstrap-drop=0,dec3b->dec3b_act:carry:layout_same_carry_halo:mode=halo_local,1,0,0,0,,0,1,0,0,none,,4,4,1x128x96x96,1x128x96x96,1x8x384x384,1x8x384x384,-0.036559175699949265,0.035595912486314774,-0.017945481464266777,0.018114689737558365,,,silu,7,3,1.0,0.0,-0.07263672351837158,0.0716734528541565,,,,,,,dec3b,"{""bottom_beta"":1,""gap"":4,""stored_slots"":1204224,""stride"":2,""tile_count"":37,""top_beta"":1}","{""bottom_beta"":1,""gap"":4,""stored_slots"":1204224,""stride"":2,""tile_count"":37,""top_beta"":1}","{""bottom_beta"":1,""gap"":4,""stored_slots"":1204224,""stride"":2,""tile_count"":37,""top_beta"":1}","{""bottom_beta"":1,""core_slots"":1179648,""gap"":4,""stored_slots"":1204224,""stride"":2,""tile_count"":37,""top_beta"":1}",logical_halo_compact,logical_halo_compact,logical_halo_compact,1,0,False,0,0,False,planner_estimate,3420,111627264,4,10,8,549,32768,3217352,3216812,3216256,3216256,556,556,4,61909728,3333,61913617,0.013414770191878625,3220145.0,"planner-only metadata compile; real traced DAG with 22 body LT layers plus explicit 1x1 output; SiLU7 fit uses StatsTracker ranges; edge_kind: carry=layout unchanged, fused=layout change hidden in operator, explicit=separate re-layout, bootstrap-drop=CT-saving drop halo before bootstrap; no dense HE transform generation or FHE forward",31,18,4,8,22,22,8,196608
384x384_Satellite_cloud,Satellite cloud segmentation,384x384,4,1,32,UNet22PlusOutput_real_trace_22_body_layers_plus_1x1_output,OrionTracer+StatsTracker+fit+NetworkDAG+layout_policy+BootstrapSolver,silu,7,3,Chebyshev.fit from StatsTracker; depth=3 plus 1 if fitted prescale!=1,dp,template,template_unweighted_diagonal_bsgs,template_unweighted_diagonal,32768,37,17,17,up2,ConvTranspose2d,False,True,u22_tconv_provider,,74,36,72,37,74,1,1,2,2,6,1,5,False,,,,,,0,0,0,0,2560,2560,2560,0,0,0,0,0,0,262144,0,73728,640,2560,0,0,2560,0,1152,0,4,554496,551936,128,64,template,halo_local,carry,carry,carry=1;fused=0;explicit=0;bootstrap-drop=0,dec3b_act->up2:carry:layout_same_carry_halo:mode=halo_local,1,0,0,0,,0,1,0,0,source,source:producer_materialized_halo,4,2,1x128x96x96,1x64x192x192,1x8x384x384,1x16x384x384,-0.017945481464266777,0.018114689737558365,-0.06380151957273483,0.0671185702085495,128,64,,,,,,,,2x2,2x2,0x0,0x0,1x1,1,dec3b_act,"{""bottom_beta"":1,""gap"":4,""stored_slots"":1204224,""stride"":2,""tile_count"":37,""top_beta"":1}","{""bottom_beta"":0,""gap"":4,""stored_slots"":1179648,""stride"":2,""tile_count"":36,""top_beta"":0}","{""bottom_beta"":1,""gap"":4,""stored_slots"":1204224,""stride"":2,""tile_count"":37,""top_beta"":1}","{""bottom_beta"":2,""core_slots"":2359296,""gap"":2,""stored_slots"":2408448,""stride"":2,""tile_count"":74,""top_beta"":2}",logical_halo_compact,logical_halo_compact,logical_halo_compact,1,0,False,0,0,True,planner_estimate,3420,111627264,4,10,8,549,32768,3217352,3216812,3216256,3216256,556,556,4,61909728,3333,61913617,0.013414770191878625,3220145.0,"planner-only metadata compile; real traced DAG with 22 body LT layers plus explicit 1x1 output; SiLU7 fit uses StatsTracker ranges; edge_kind: carry=layout unchanged, fused=layout change hidden in operator, explicit=separate re-layout, bootstrap-drop=CT-saving drop halo before bootstrap; no dense HE transform generation or FHE forward",31,18,4,8,22,22,8,196608
384x384_Satellite_cloud,Satellite cloud segmentation,384x384,4,1,32,UNet22PlusOutput_real_trace_22_body_layers_plus_1x1_output,OrionTracer+StatsTracker+fit+NetworkDAG+layout_policy+BootstrapSolver,silu,7,3,Chebyshev.fit from StatsTracker; depth=3 plus 1 if fitted prescale!=1,dp,template,template_unweighted_diagonal_bsgs,template_unweighted_diagonal,32768,38,,,cat2,Concat,False,,concat_runtime_or_fused_concat,not_a_provider_linear_kernel,147,72,144,74,147,2,2,2,2,5,0,5,False,,,,,,0,0,0,0,148,0,0,148,148,0,1,0,0,0,0,0,0,0,0,0,0,0,0,0,0,0,0,0,0,none_no_linear_transform,halo_local,mixed:carry+explicit,mixed:carry+explicit,carry=1;fused=0;explicit=1;bootstrap-drop=0,enc2b_act->cat2:explicit:dp_add_input_alignment:mode=halo_local;up2->cat2:carry:layout_same_carry_halo:mode=halo_local,1,0,1,0,,1,1,0,0,source_to_target,source_to_target:separate_relayout_edge,2,2,1x64x192x192,1x128x192x192,1x16x384x384,1x32x384x384,-0.06380151957273483,0.0671185702085495,-0.06380151957273483,0.0671185702085495,,,,,,,,,,,,,,,,enc2b_act;up2,"{""bottom_beta"":2,""gap"":2,""stored_slots"":2408448,""stride"":2,""tile_count"":74,""top_beta"":2}","{""bottom_beta"":0,""gap"":2,""stored_slots"":2359296,""stride"":1,""tile_count"":72,""top_beta"":0}","{""bottom_beta"":2,""gap"":2,""stored_slots"":2408448,""stride"":2,""tile_count"":74,""top_beta"":2}","{""bottom_beta"":2,""core_slots"":4718592,""gap"":2,""stored_slots"":4816896,""stride"":2,""tile_count"":147,""top_beta"":2}",logical_halo_compact,logical_halo_compact;packed_compact,logical_halo_compact,2,1,False,0,0,False,planner_estimate,3420,111627264,4,10,8,549,32768,3217352,3216812,3216256,3216256,556,556,4,61909728,3333,61913617,0.013414770191878625,3220145.0,"planner-only metadata compile; real traced DAG with 22 body LT layers plus explicit 1x1 output; SiLU7 fit uses StatsTracker ranges; edge_kind: carry=layout unchanged, fused=layout change hidden in operator, explicit=separate re-layout, bootstrap-drop=CT-saving drop halo before bootstrap; no dense HE transform generation or FHE forward",31,18,4,8,22,22,8,196608
384x384_Satellite_cloud,Satellite cloud segmentation,384x384,4,1,32,UNet22PlusOutput_real_trace_22_body_layers_plus_1x1_output,OrionTracer+StatsTracker+fit+NetworkDAG+layout_policy+BootstrapSolver,silu,7,3,Chebyshev.fit from StatsTracker; depth=3 plus 1 if fitted prescale!=1,dp,template,template_unweighted_diagonal_bsgs,template_unweighted_diagonal,32768,39,18,18,dec2a,Conv2d,False,True,u22_same_shape_conv_provider,,73,144,72,147,73,2,2,1,1,5,1,4,False,,,,,,0,0,0,0,5760,5760,5760,0,0,0,0,0,0,663552,0,73728,640,5760,0,0,5760,0,1152,0,7,1027968,1022208,128,64,template,compact_halo_shared,fused,fused,carry=0;fused=1;explicit=0;bootstrap-drop=0,cat2->dec2a:fused:layout_changed_hidden_in_Conv2d:mode=compact_halo_shared,0,1,0,0,,1,0,0,0,source+target,target:consumer_fused_relayout;source:producer_materialized_halo,2,2,1x128x192x192,1x64x192x192,1x32x384x384,1x16x384x384,-0.06380151957273483,0.0671185702085495,-0.06003394350409508,0.06549564003944397,128,64,,,,,,,,3x3,1x1,1x1,,1x1,1,cat2,"{""bottom_beta"":2,""gap"":2,""stored_slots"":4816896,""stride"":2,""tile_count"":147,""top_beta"":2}","{""bottom_beta"":1,""gap"":2,""stored_slots"":4767744,""stride"":1,""tile_count"":146,""top_beta"":1}","{""bottom_beta"":2,""gap"":2,""stored_slots"":4816896,""stride"":2,""tile_count"":147,""top_beta"":2}","{""bottom_beta"":1,""core_slots"":2359296,""gap"":2,""stored_slots"":2383872,""stride"":1,""tile_count"":73,""top_beta"":1}",logical_halo_compact,logical_halo_compact,logical_halo_compact,1,0,False,1,0,True,planner_estimate,3420,111627264,4,10,8,549,32768,3217352,3216812,3216256,3216256,556,556,4,61909728,3333,61913617,0.013414770191878625,3220145.0,"planner-only metadata compile; real traced DAG with 22 body LT layers plus explicit 1x1 output; SiLU7 fit uses StatsTracker ranges; edge_kind: carry=layout unchanged, fused=layout change hidden in operator, explicit=separate re-layout, bootstrap-drop=CT-saving drop halo before bootstrap; no dense HE transform generation or FHE forward",31,18,4,8,22,22,8,196608
384x384_Satellite_cloud,Satellite cloud segmentation,384x384,4,1,32,UNet22PlusOutput_real_trace_22_body_layers_plus_1x1_output,OrionTracer+StatsTracker+fit+NetworkDAG+layout_policy+BootstrapSolver,silu,7,3,Chebyshev.fit from StatsTracker; depth=3 plus 1 if fitted prescale!=1,dp,template,template_unweighted_diagonal_bsgs,template_unweighted_diagonal,32768,40,,,dec2a_act,SiLU,False,,chebyshev_polynomial_activation,not_a_provider_linear_kernel,73,72,72,73,73,1,1,1,1,4,3,1,True,child_level_exceeds_output_level,dec2b,dec2b,10,1x16x384x384,2359296,72,32768,72,0,0,0,0,0,0,0,0,0,0,219,0,0,0,0,0,0,0,0,0,0,0,0,0,0,none_activation_polynomial,halo_local,carry+bootstrap-drop,carry,carry=1;fused=0;explicit=0;bootstrap-drop=1,dec2a->dec2a_act:carry:layout_same_carry_halo:mode=halo_local;bootstrap-boundary->dec2b:bootstrap-drop:drop_halo_before_bootstrap,1,0,0,1,bootstrap-boundary->dec2b:bootstrap-drop:drop_halo_before_bootstrap,0,1,1,24576,none,,2,2,1x64x192x192,1x64x192x192,1x16x384x384,1x16x384x384,-0.06003394350409508,0.06549564003944397,-0.029116224497556686,0.033819857984781265,,,silu,7,3,1.0,0.0,-0.12279874086380005,0.12826043367385864,,,,,,,dec2a,"{""bottom_beta"":1,""gap"":2,""stored_slots"":2383872,""stride"":1,""tile_count"":73,""top_beta"":1}","{""bottom_beta"":0,""gap"":2,""stored_slots"":2359296,""stride"":1,""tile_count"":72,""top_beta"":0}","{""bottom_beta"":1,""gap"":2,""stored_slots"":2383872,""stride"":1,""tile_count"":73,""top_beta"":1}","{""bottom_beta"":1,""core_slots"":2359296,""gap"":2,""stored_slots"":2383872,""stride"":1,""tile_count"":73,""top_beta"":1}",logical_halo_compact,logical_halo_compact,logical_halo_compact,1,0,False,0,0,False,planner_estimate,3420,111627264,4,10,8,549,32768,3217352,3216812,3216256,3216256,556,556,4,61909728,3333,61913617,0.013414770191878625,3220145.0,"planner-only metadata compile; real traced DAG with 22 body LT layers plus explicit 1x1 output; SiLU7 fit uses StatsTracker ranges; edge_kind: carry=layout unchanged, fused=layout change hidden in operator, explicit=separate re-layout, bootstrap-drop=CT-saving drop halo before bootstrap; no dense HE transform generation or FHE forward",31,18,4,8,22,22,8,196608
384x384_Satellite_cloud,Satellite cloud segmentation,384x384,4,1,32,UNet22PlusOutput_real_trace_22_body_layers_plus_1x1_output,OrionTracer+StatsTracker+fit+NetworkDAG+layout_policy+BootstrapSolver,silu,7,3,Chebyshev.fit from StatsTracker; depth=3 plus 1 if fitted prescale!=1,dp,template,template_unweighted_diagonal_bsgs,template_unweighted_diagonal,32768,41,19,19,dec2b,Conv2d,False,True,u22_same_shape_conv_provider,,73,72,72,73,73,1,1,1,1,10,1,9,False,,,,,,0,0,0,0,27136,27136,27136,0,0,0,0,0,0,290816,0,40960,320,2560,24576,0,27136,0,640,0,6,415936,388800,64,64,template,compact_halo_shared,fused,fused,carry=0;fused=1;explicit=0;bootstrap-drop=0,dec2a_act->dec2b:fused:layout_changed_hidden_in_Conv2d:mode=compact_halo_shared,0,1,0,0,,1,0,0,0,source+target,target:consumer_fused_relayout;source:producer_materialized_halo,2,2,1x64x192x192,1x64x192x192,1x16x384x384,1x16x384x384,-0.029116224497556686,0.033819857984781265,-0.04483754187822342,0.04740997776389122,64,64,,,,,,,,3x3,1x1,1x1,,1x1,1,dec2a_act,"{""bottom_beta"":1,""gap"":2,""stored_slots"":2383872,""stride"":1,""tile_count"":73,""top_beta"":1}","{""bottom_beta"":1,""gap"":2,""stored_slots"":2383872,""stride"":1,""tile_count"":73,""top_beta"":1}","{""bottom_beta"":1,""gap"":2,""stored_slots"":2383872,""stride"":1,""tile_count"":73,""top_beta"":1}","{""bottom_beta"":1,""core_slots"":2359296,""gap"":2,""stored_slots"":2383872,""stride"":2,""tile_count"":73,""top_beta"":1}",logical_halo_compact,logical_halo_compact,logical_halo_compact,1,0,False,1,0,True,planner_estimate,3420,111627264,4,10,8,549,32768,3217352,3216812,3216256,3216256,556,556,4,61909728,3333,61913617,0.013414770191878625,3220145.0,"planner-only metadata compile; real traced DAG with 22 body LT layers plus explicit 1x1 output; SiLU7 fit uses StatsTracker ranges; edge_kind: carry=layout unchanged, fused=layout change hidden in operator, explicit=separate re-layout, bootstrap-drop=CT-saving drop halo before bootstrap; no dense HE transform generation or FHE forward",31,18,4,8,22,22,8,196608
384x384_Satellite_cloud,Satellite cloud segmentation,384x384,4,1,32,UNet22PlusOutput_real_trace_22_body_layers_plus_1x1_output,OrionTracer+StatsTracker+fit+NetworkDAG+layout_policy+BootstrapSolver,silu,7,3,Chebyshev.fit from StatsTracker; depth=3 plus 1 if fitted prescale!=1,dp,template,template_unweighted_diagonal_bsgs,template_unweighted_diagonal,32768,42,,,dec2b_act,SiLU,False,,chebyshev_polynomial_activation,not_a_provider_linear_kernel,73,72,72,73,73,1,1,1,1,9,3,6,False,,,,,,0,0,0,0,0,0,0,0,0,0,0,0,0,0,219,0,0,0,0,0,0,0,0,0,0,0,0,0,0,none_activation_polynomial,halo_local,carry,carry,carry=1;fused=0;explicit=0;bootstrap-drop=0,dec2b->dec2b_act:carry:layout_same_carry_halo:mode=halo_local,1,0,0,0,,0,1,0,0,none,,2,2,1x64x192x192,1x64x192x192,1x16x384x384,1x16x384x384,-0.04483754187822342,0.04740997776389122,-0.021916253492236137,0.024266811087727547,,,silu,7,3,1.0,0.0,-0.09096129983663559,0.09353373199701309,,,,,,,dec2b,"{""bottom_beta"":1,""gap"":2,""stored_slots"":2383872,""stride"":2,""tile_count"":73,""top_beta"":1}","{""bottom_beta"":1,""gap"":2,""stored_slots"":2383872,""stride"":2,""tile_count"":73,""top_beta"":1}","{""bottom_beta"":1,""gap"":2,""stored_slots"":2383872,""stride"":2,""tile_count"":73,""top_beta"":1}","{""bottom_beta"":1,""core_slots"":2359296,""gap"":2,""stored_slots"":2383872,""stride"":2,""tile_count"":73,""top_beta"":1}",logical_halo_compact,logical_halo_compact,logical_halo_compact,1,0,False,0,0,False,planner_estimate,3420,111627264,4,10,8,549,32768,3217352,3216812,3216256,3216256,556,556,4,61909728,3333,61913617,0.013414770191878625,3220145.0,"planner-only metadata compile; real traced DAG with 22 body LT layers plus explicit 1x1 output; SiLU7 fit uses StatsTracker ranges; edge_kind: carry=layout unchanged, fused=layout change hidden in operator, explicit=separate re-layout, bootstrap-drop=CT-saving drop halo before bootstrap; no dense HE transform generation or FHE forward",31,18,4,8,22,22,8,196608
384x384_Satellite_cloud,Satellite cloud segmentation,384x384,4,1,32,UNet22PlusOutput_real_trace_22_body_layers_plus_1x1_output,OrionTracer+StatsTracker+fit+NetworkDAG+layout_policy+BootstrapSolver,silu,7,3,Chebyshev.fit from StatsTracker; depth=3 plus 1 if fitted prescale!=1,dp,template,template_unweighted_diagonal_bsgs,template_unweighted_diagonal,32768,43,20,20,up1,ConvTranspose2d,False,True,u22_tconv_provider,,146,72,144,73,146,1,1,2,2,6,1,5,False,,,,,,0,0,0,0,1280,1280,1280,0,0,0,0,0,0,73728,0,18432,320,1280,0,0,1280,0,576,0,4,146176,144896,64,32,template,halo_local,carry,carry,carry=1;fused=0;explicit=0;bootstrap-drop=0,dec2b_act->up1:carry:layout_same_carry_halo:mode=halo_local,1,0,0,0,,0,1,0,0,source,source:producer_materialized_halo,2,1,1x64x192x192,1x32x384x384,1x16x384x384,1x32x384x384,-0.021916253492236137,0.024266811087727547,-0.09161987900733948,0.1019032672047615,64,32,,,,,,,,2x2,2x2,0x0,0x0,1x1,1,dec2b_act,"{""bottom_beta"":1,""gap"":2,""stored_slots"":2383872,""stride"":2,""tile_count"":73,""top_beta"":1}","{""bottom_beta"":0,""gap"":2,""stored_slots"":2359296,""stride"":2,""tile_count"":72,""top_beta"":0}","{""bottom_beta"":1,""gap"":2,""stored_slots"":2383872,""stride"":2,""tile_count"":73,""top_beta"":1}","{""bottom_beta"":2,""core_slots"":4718592,""gap"":1,""stored_slots"":4767744,""stride"":2,""tile_count"":146,""top_beta"":2}",logical_halo_compact,logical_halo_compact,logical_halo_compact,1,0,False,0,0,True,planner_estimate,3420,111627264,4,10,8,549,32768,3217352,3216812,3216256,3216256,556,556,4,61909728,3333,61913617,0.013414770191878625,3220145.0,"planner-only metadata compile; real traced DAG with 22 body LT layers plus explicit 1x1 output; SiLU7 fit uses StatsTracker ranges; edge_kind: carry=layout unchanged, fused=layout change hidden in operator, explicit=separate re-layout, bootstrap-drop=CT-saving drop halo before bootstrap; no dense HE transform generation or FHE forward",31,18,4,8,22,22,8,196608
384x384_Satellite_cloud,Satellite cloud segmentation,384x384,4,1,32,UNet22PlusOutput_real_trace_22_body_layers_plus_1x1_output,OrionTracer+StatsTracker+fit+NetworkDAG+layout_policy+BootstrapSolver,silu,7,3,Chebyshev.fit from StatsTracker; depth=3 plus 1 if fitted prescale!=1,dp,template,template_unweighted_diagonal_bsgs,template_unweighted_diagonal,32768,44,,,cat1,Concat,False,,concat_runtime_or_fused_concat,not_a_provider_linear_kernel,291,144,288,146,291,2,2,2,2,5,0,5,False,,,,,,0,0,0,0,292,0,0,292,292,0,1,0,0,0,0,0,0,0,0,0,0,0,0,0,0,0,0,0,0,none_no_linear_transform,halo_local,mixed:carry+explicit,mixed:carry+explicit,carry=1;fused=0;explicit=1;bootstrap-drop=0,enc1b_act->cat1:explicit:dp_add_input_alignment:mode=halo_local;up1->cat1:carry:layout_same_carry_halo:mode=halo_local,1,0,1,0,,1,1,0,0,source_to_target,source_to_target:separate_relayout_edge,1,1,1x32x384x384,1x64x384x384,1x32x384x384,1x64x384x384,-0.2690240740776062,0.7815410494804382,-0.2690240740776062,0.7815410494804382,,,,,,,,,,,,,,,,enc1b_act;up1,"{""bottom_beta"":2,""gap"":1,""stored_slots"":4767744,""stride"":2,""tile_count"":146,""top_beta"":2}","{""bottom_beta"":0,""gap"":1,""stored_slots"":4718592,""stride"":1,""tile_count"":144,""top_beta"":0}","{""bottom_beta"":2,""gap"":1,""stored_slots"":4767744,""stride"":2,""tile_count"":146,""top_beta"":2}","{""bottom_beta"":2,""core_slots"":9437184,""gap"":1,""stored_slots"":9535488,""stride"":2,""tile_count"":291,""top_beta"":2}",logical_halo_compact,logical_halo_compact;packed_compact,logical_halo_compact,2,1,False,0,0,False,planner_estimate,3420,111627264,4,10,8,549,32768,3217352,3216812,3216256,3216256,556,556,4,61909728,3333,61913617,0.013414770191878625,3220145.0,"planner-only metadata compile; real traced DAG with 22 body LT layers plus explicit 1x1 output; SiLU7 fit uses StatsTracker ranges; edge_kind: carry=layout unchanged, fused=layout change hidden in operator, explicit=separate re-layout, bootstrap-drop=CT-saving drop halo before bootstrap; no dense HE transform generation or FHE forward",31,18,4,8,22,22,8,196608
384x384_Satellite_cloud,Satellite cloud segmentation,384x384,4,1,32,UNet22PlusOutput_real_trace_22_body_layers_plus_1x1_output,OrionTracer+StatsTracker+fit+NetworkDAG+layout_policy+BootstrapSolver,silu,7,3,Chebyshev.fit from StatsTracker; depth=3 plus 1 if fitted prescale!=1,dp,template,template_unweighted_diagonal_bsgs,template_unweighted_diagonal,32768,45,21,21,dec1a,Conv2d,False,True,u22_same_shape_conv_provider,,145,288,144,291,145,2,2,1,1,5,1,4,False,,,,,,0,0,0,0,2880,2880,2880,0,0,0,0,0,0,165888,0,18432,320,2880,0,0,2880,0,576,0,7,255936,253056,64,32,template,compact_halo_shared,fused,fused,carry=0;fused=1;explicit=0;bootstrap-drop=0,cat1->dec1a:fused:layout_changed_hidden_in_Conv2d:mode=compact_halo_shared,0,1,0,0,,1,0,0,0,source+target,target:consumer_fused_relayout;source:producer_materialized_halo,1,1,1x64x384x384,1x32x384x384,1x64x384x384,1x32x384x384,-0.2690240740776062,0.7815410494804382,-0.25170040130615234,0.25519710779190063,64,32,,,,,,,,3x3,1x1,1x1,,1x1,1,cat1,"{""bottom_beta"":2,""gap"":1,""stored_slots"":9535488,""stride"":2,""tile_count"":291,""top_beta"":2}","{""bottom_beta"":1,""gap"":1,""stored_slots"":9486336,""stride"":1,""tile_count"":290,""top_beta"":1}","{""bottom_beta"":2,""gap"":1,""stored_slots"":9535488,""stride"":2,""tile_count"":291,""top_beta"":2}","{""bottom_beta"":1,""core_slots"":4718592,""gap"":1,""stored_slots"":4743168,""stride"":1,""tile_count"":145,""top_beta"":1}",logical_halo_compact,logical_halo_compact,logical_halo_compact,1,0,False,1,0,True,planner_estimate,3420,111627264,4,10,8,549,32768,3217352,3216812,3216256,3216256,556,556,4,61909728,3333,61913617,0.013414770191878625,3220145.0,"planner-only metadata compile; real traced DAG with 22 body LT layers plus explicit 1x1 output; SiLU7 fit uses StatsTracker ranges; edge_kind: carry=layout unchanged, fused=layout change hidden in operator, explicit=separate re-layout, bootstrap-drop=CT-saving drop halo before bootstrap; no dense HE transform generation or FHE forward",31,18,4,8,22,22,8,196608
384x384_Satellite_cloud,Satellite cloud segmentation,384x384,4,1,32,UNet22PlusOutput_real_trace_22_body_layers_plus_1x1_output,OrionTracer+StatsTracker+fit+NetworkDAG+layout_policy+BootstrapSolver,silu,7,3,Chebyshev.fit from StatsTracker; depth=3 plus 1 if fitted prescale!=1,dp,template,template_unweighted_diagonal_bsgs,template_unweighted_diagonal,32768,46,,,dec1a_act,SiLU,False,,chebyshev_polynomial_activation,not_a_provider_linear_kernel,145,144,144,145,145,1,1,1,1,4,3,1,True,child_level_exceeds_output_level,dec1b,dec1b,5,1x32x384x384,4718592,144,32768,144,0,0,0,0,0,0,0,0,0,0,435,0,0,0,0,0,0,0,0,0,0,0,0,0,0,none_activation_polynomial,halo_local,carry+bootstrap-drop,carry,carry=1;fused=0;explicit=0;bootstrap-drop=1,dec1a->dec1a_act:carry:layout_same_carry_halo:mode=halo_local;bootstrap-boundary->dec1b:bootstrap-drop:drop_halo_before_bootstrap,1,0,0,1,bootstrap-boundary->dec1b:bootstrap-drop:drop_halo_before_bootstrap,0,1,1,24576,none,,1,1,1x32x384x384,1x32x384x384,1x32x384x384,1x32x384x384,-0.25170040130615234,0.25519710779190063,-0.11009502410888672,0.14379215240478516,,,silu,7,3,1.0,0.0,-0.5051491260528564,0.5086458921432495,,,,,,,dec1a,"{""bottom_beta"":1,""gap"":1,""stored_slots"":4743168,""stride"":1,""tile_count"":145,""top_beta"":1}","{""bottom_beta"":0,""gap"":1,""stored_slots"":4718592,""stride"":1,""tile_count"":144,""top_beta"":0}","{""bottom_beta"":1,""gap"":1,""stored_slots"":4743168,""stride"":1,""tile_count"":145,""top_beta"":1}","{""bottom_beta"":1,""core_slots"":4718592,""gap"":1,""stored_slots"":4743168,""stride"":1,""tile_count"":145,""top_beta"":1}",logical_halo_compact,logical_halo_compact,logical_halo_compact,1,0,False,0,0,False,planner_estimate,3420,111627264,4,10,8,549,32768,3217352,3216812,3216256,3216256,556,556,4,61909728,3333,61913617,0.013414770191878625,3220145.0,"planner-only metadata compile; real traced DAG with 22 body LT layers plus explicit 1x1 output; SiLU7 fit uses StatsTracker ranges; edge_kind: carry=layout unchanged, fused=layout change hidden in operator, explicit=separate re-layout, bootstrap-drop=CT-saving drop halo before bootstrap; no dense HE transform generation or FHE forward",31,18,4,8,22,22,8,196608
384x384_Satellite_cloud,Satellite cloud segmentation,384x384,4,1,32,UNet22PlusOutput_real_trace_22_body_layers_plus_1x1_output,OrionTracer+StatsTracker+fit+NetworkDAG+layout_policy+BootstrapSolver,silu,7,3,Chebyshev.fit from StatsTracker; depth=3 plus 1 if fitted prescale!=1,dp,template,template_unweighted_diagonal_bsgs,template_unweighted_diagonal,32768,47,22,22,dec1b,Conv2d,False,True,u22_same_shape_conv_provider,,144,144,144,145,144,1,1,0,0,5,1,4,False,,,,,,0,0,0,0,9472,9472,9472,0,0,0,0,0,0,76800,0,12288,160,1280,8192,0,9472,0,384,0,6,116832,107360,32,32,template,compact_halo_shared,fused,fused,carry=0;fused=1;explicit=0;bootstrap-drop=0,dec1a_act->dec1b:fused:layout_changed_hidden_in_Conv2d:mode=compact_halo_shared,0,1,0,0,,1,0,0,0,target,target:consumer_fused_relayout,1,1,1x32x384x384,1x32x384x384,1x32x384x384,1x32x384x384,-0.11009502410888672,0.14379215240478516,-0.11564868688583374,0.11708591878414154,32,32,,,,,,,,3x3,1x1,1x1,,1x1,1,dec1a_act,"{""bottom_beta"":1,""gap"":1,""stored_slots"":4743168,""stride"":1,""tile_count"":145,""top_beta"":1}","{""bottom_beta"":1,""gap"":1,""stored_slots"":4743168,""stride"":1,""tile_count"":145,""top_beta"":1}","{""bottom_beta"":1,""gap"":1,""stored_slots"":4743168,""stride"":1,""tile_count"":145,""top_beta"":1}","{""bottom_beta"":0,""core_slots"":4718592,""gap"":1,""stored_slots"":4718592,""stride"":1,""tile_count"":144,""top_beta"":0}",packed_compact,logical_halo_compact,logical_halo_compact,1,0,False,1,0,False,planner_estimate,3420,111627264,4,10,8,549,32768,3217352,3216812,3216256,3216256,556,556,4,61909728,3333,61913617,0.013414770191878625,3220145.0,"planner-only metadata compile; real traced DAG with 22 body LT layers plus explicit 1x1 output; SiLU7 fit uses StatsTracker ranges; edge_kind: carry=layout unchanged, fused=layout change hidden in operator, explicit=separate re-layout, bootstrap-drop=CT-saving drop halo before bootstrap; no dense HE transform generation or FHE forward",31,18,4,8,22,22,8,196608
384x384_Satellite_cloud,Satellite cloud segmentation,384x384,4,1,32,UNet22PlusOutput_real_trace_22_body_layers_plus_1x1_output,OrionTracer+StatsTracker+fit+NetworkDAG+layout_policy+BootstrapSolver,silu,7,3,Chebyshev.fit from StatsTracker; depth=3 plus 1 if fitted prescale!=1,dp,template,template_unweighted_diagonal_bsgs,template_unweighted_diagonal,32768,48,,,dec1b_act,SiLU,False,,chebyshev_polynomial_activation,not_a_provider_linear_kernel,144,144,144,144,144,0,0,0,0,4,3,1,False,,,,,,0,0,0,0,0,0,0,0,0,0,0,0,0,0,432,0,0,0,0,0,0,0,0,0,0,0,0,0,0,none_activation_polynomial,halo_local,carry,carry,carry=1;fused=0;explicit=0;bootstrap-drop=0,dec1b->dec1b_act:carry:layout_same_carry_compact:mode=halo_local,1,0,0,0,,0,0,0,0,none,,1,1,1x32x384x384,1x32x384x384,1x32x384x384,1x32x384x384,-0.11564868688583374,0.11708591878414154,-0.05448440834879875,0.06196632981300354,,,silu,7,3,1.0,0.0,-0.23201599717140198,0.23345321416854858,,,,,,,dec1b,"{""bottom_beta"":0,""gap"":1,""stored_slots"":4718592,""stride"":1,""tile_count"":144,""top_beta"":0}","{""bottom_beta"":0,""gap"":1,""stored_slots"":4718592,""stride"":1,""tile_count"":144,""top_beta"":0}","{""bottom_beta"":0,""gap"":1,""stored_slots"":4718592,""stride"":1,""tile_count"":144,""top_beta"":0}","{""bottom_beta"":0,""core_slots"":4718592,""gap"":1,""stored_slots"":4718592,""stride"":1,""tile_count"":144,""top_beta"":0}",packed_compact,packed_compact,packed_compact,1,0,False,0,0,False,planner_estimate,3420,111627264,4,10,8,549,32768,3217352,3216812,3216256,3216256,556,556,4,61909728,3333,61913617,0.013414770191878625,3220145.0,"planner-only metadata compile; real traced DAG with 22 body LT layers plus explicit 1x1 output; SiLU7 fit uses StatsTracker ranges; edge_kind: carry=layout unchanged, fused=layout change hidden in operator, explicit=separate re-layout, bootstrap-drop=CT-saving drop halo before bootstrap; no dense HE transform generation or FHE forward",31,18,4,8,22,22,8,196608
384x384_Satellite_cloud,Satellite cloud segmentation,384x384,4,1,32,UNet22PlusOutput_real_trace_22_body_layers_plus_1x1_output,OrionTracer+StatsTracker+fit+NetworkDAG+layout_policy+BootstrapSolver,silu,7,3,Chebyshev.fit from StatsTracker; depth=3 plus 1 if fitted prescale!=1,dp,template,template_unweighted_diagonal_bsgs,template_unweighted_diagonal,32768,49,,23,output,Conv2d,True,True,u22_same_shape_conv_provider,,5,144,5,144,5,0,0,0,0,1,1,0,False,,,,,,0,0,0,0,960,960,960,0,0,0,0,0,0,160,0,160,160,160,800,0,960,0,160,0,2,320,0,32,1,count_only,halo_local,carry,carry,carry=1;fused=0;explicit=0;bootstrap-drop=0,dec1b_act->output:carry:layout_same_carry_compact:mode=halo_local,1,0,0,0,,0,0,0,0,none,,1,1,1x32x384x384,1x1x384x384,1x32x384x384,1x1x384x384,-0.05448440834879875,0.06196632981300354,0.06724440306425095,0.09687357395887375,32,1,,,,,,,,1x1,1x1,0x0,,1x1,1,dec1b_act,"{""bottom_beta"":0,""gap"":1,""stored_slots"":4718592,""stride"":1,""tile_count"":144,""top_beta"":0}","{""bottom_beta"":0,""gap"":1,""stored_slots"":4718592,""stride"":1,""tile_count"":144,""top_beta"":0}","{""bottom_beta"":0,""gap"":1,""stored_slots"":4718592,""stride"":1,""tile_count"":144,""top_beta"":0}","{""bottom_beta"":0,""gap"":1,""stored_slots"":147456,""stride"":1,""tile_count"":5,""top_beta"":0}",,packed_compact,packed_compact,1,0,False,0,0,False,planner_estimate,3420,111627264,4,10,8,549,32768,3217352,3216812,3216256,3216256,556,556,4,61909728,3333,61913617,0.013414770191878625,3220145.0,"planner-only metadata compile; real traced DAG with 22 body LT layers plus explicit 1x1 output; SiLU7 fit uses StatsTracker ranges; edge_kind: carry=layout unchanged, fused=layout change hidden in operator, explicit=separate re-layout, bootstrap-drop=CT-saving drop halo before bootstrap; no dense HE transform generation or FHE forward",31,18,4,8,22,22,8,196608
